1.4323,-17.732,-11.594,-1.7506,-19.354,-32.802,11.106,43.357,-7.6668,-62.272,50.263
1.8442,-17.736,-11.588,-1.7396,-19.356,-32.744,11.051,43.529,-7.4079,-61.676,49.474
2.298,-17.736,-11.58,-1.7279,-19.357,-32.676,10.99,43.724,-7.1,-60.971,48.573
2.7921,-17.732,-11.572,-1.7157,-19.353,-32.597,10.924,43.945,-6.7394,-60.153,47.555
3.3248,-17.724,-11.562,-1.703,-19.347,-32.507,10.852,44.193,-6.3225,-59.218,46.419
3.8943,-17.711,-11.552,-1.6898,-19.335,-32.404,10.774,44.469,-5.8463,-58.163,45.162
4.4983,-17.691,-11.542,-1.6762,-19.318,-32.287,10.691,44.774,-5.3082,-56.985,43.782
5.1343,-17.666,-11.53,-1.6624,-19.295,-32.158,10.602,45.111,-4.7059,-55.684,42.28
5.7992,-17.633,-11.518,-1.6483,-19.265,-32.013,10.507,45.48,-4.0379,-54.261,40.658
6.49,-17.593,-11.506,-1.6343,-19.227,-31.855,10.408,45.883,-3.3033,-52.719,38.919
7.203,-17.544,-11.494,-1.6205,-19.181,-31.681,10.303,46.32,-2.502,-51.064,37.07
7.9346,-17.487,-11.482,-1.6071,-19.125,-31.491,10.194,46.792,-1.6347,-49.302,35.117
8.6806,-17.421,-11.469,-1.5943,-19.06,-31.286,10.081,47.301,-0.70281,-47.444,33.072
9.4369,-17.345,-11.457,-1.5824,-18.984,-31.065,9.9636,47.847,0.29116,-45.502,30.949
10.199,-17.259,-11.445,-1.5717,-18.897,-30.828,9.8426,48.43,1.3439,-43.491,28.762
10.963,-17.163,-11.433,-1.5625,-18.799,-30.574,9.7182,49.05,2.4513,-41.43,26.531
11.725,-17.057,-11.422,-1.5552,-18.689,-30.304,9.5909,49.708,3.6082,-39.337,24.274
12.479,-16.94,-11.411,-1.5502,-18.567,-30.018,9.4609,50.402,4.809,-37.233,22.013
13.222,-16.812,-11.401,-1.5479,-18.433,-29.715,9.3286,51.133,6.0471,-35.136,19.77
13.949,-16.675,-11.391,-1.5487,-18.288,-29.396,9.1945,51.898,7.3157,-33.068,17.564
14.657,-16.526,-11.382,-1.5531,-18.13,-29.061,9.0588,52.697,8.6074,-31.046,15.414
15.342,-16.368,-11.374,-1.5615,-17.961,-28.709,8.922,53.527,9.9148,-29.086,13.338
16,-16.199,-11.366,-1.5744,-17.78,-28.342,8.7844,54.387,11.23,-27.201,11.349
16.628,-16.021,-11.359,-1.5923,-17.589,-27.958,8.6464,55.273,12.546,-25.401,9.4595
17.223,-15.834,-11.352,-1.6156,-17.388,-27.558,8.5085,56.185,13.855,-23.694,7.6769
17.784,-15.638,-11.345,-1.6448,-17.178,-27.143,8.371,57.117,15.151,-22.083,6.0068
18.307,-15.435,-11.339,-1.6804,-16.959,-26.712,8.2344,58.068,16.427,-20.571,4.4519
18.791,-15.224,-11.332,-1.7228,-16.732,-26.266,8.0991,59.033,17.677,-19.157,3.0125
19.235,-15.006,-11.326,-1.7723,-16.498,-25.804,7.9656,60.011,18.897,-17.839,1.6871
19.639,-14.782,-11.318,-1.8295,-16.258,-25.328,7.8344,60.996,20.082,-16.613,0.47278
20,-14.553,-11.311,-1.8946,-16.013,-24.836,7.7061,61.986,21.229,-15.474,-0.63452
20.321,-14.32,-11.302,-1.9679,-15.764,-24.33,7.5813,62.977,22.335,-14.417,-1.6396
20.6,-14.084,-11.292,-2.0497,-15.512,-23.809,7.4604,63.967,23.396,-13.436,-2.5479
20.838,-13.844,-11.281,-2.1402,-15.258,-23.273,7.3441,64.952,24.412,-12.526,-3.3648
21.037,-13.603,-11.267,-2.2396,-15.003,-22.724,7.2331,65.93,25.382,-11.681,-4.0959
21.197,-13.36,-11.252,-2.3478,-14.748,-22.161,7.1281,66.898,26.304,-10.895,-4.7469
21.32,-13.118,-11.235,-2.4651,-14.493,-21.585,7.0296,67.854,27.178,-10.164,-5.3231
21.408,-12.875,-11.214,-2.5913,-14.241,-20.996,6.9385,68.796,28.005,-9.4837,-5.8297
21.462,-12.635,-11.191,-2.7264,-13.992,-20.394,6.8554,69.723,28.784,-8.8489,-6.2717
21.485,-12.396,-11.165,-2.8701,-13.746,-19.78,6.781,70.632,29.517,-8.2566,-6.6539
21.478,-12.159,-11.134,-3.0224,-13.504,-19.154,6.7161,71.522,30.204,-7.7037,-6.9807
21.444,-11.926,-11.101,-3.1828,-13.267,-18.517,6.6613,72.392,30.847,-7.1876,-7.2564
21.384,-11.697,-11.062,-3.3511,-13.036,-17.869,6.6173,73.241,31.446,-6.7062,-7.4851
21.3,-11.472,-11.02,-3.5269,-12.812,-17.212,6.5847,74.068,32.004,-6.2577,-7.6706
21.195,-11.252,-10.972,-3.7096,-12.594,-16.544,6.5641,74.872,32.52,-5.8409,-7.8166
21.069,-11.037,-10.92,-3.8989,-12.384,-15.868,6.556,75.652,32.998,-5.4548,-7.9266
20.926,-10.828,-10.862,-4.0941,-12.181,-15.184,6.5608,76.408,33.438,-5.0985,-8.0039
20.766,-10.624,-10.798,-4.2947,-11.987,-14.492,6.5789,77.14,33.841,-4.7716,-8.0516
20.59,-10.425,-10.729,-4.5001,-11.802,-13.793,6.6105,77.845,34.211,-4.4736,-8.0728
20.4,-10.233,-10.653,-4.7097,-11.625,-13.088,6.6559,78.525,34.547,-4.2045,-8.0704
20.197,-10.046,-10.571,-4.9228,-11.458,-12.378,6.7151,79.178,34.852,-3.9638,-8.047
19.982,-9.8656,-10.482,-5.1388,-11.301,-11.664,6.788,79.804,35.127,-3.7514,-8.0053
19.756,-9.6905,-10.385,-5.357,-11.153,-10.947,6.8745,80.403,35.374,-3.567,-7.9476
19.519,-9.521,-10.282,-5.5768,-11.015,-10.227,6.9743,80.974,35.595,-3.4103,-7.8762
19.271,-9.3567,-10.171,-5.7977,-10.887,-9.5051,7.087,81.518,35.79,-3.2809,-7.7933
19.015,-9.1973,-10.052,-6.0191,-10.769,-8.7828,7.212,82.033,35.961,-3.178,-7.7008
18.749,-9.0426,-9.9245,-6.2404,-10.661,-8.0609,7.3486,82.52,36.11,-3.101,-7.6006
18.474,-8.8922,-9.7892,-6.4611,-10.564,-7.3403,7.4961,82.979,36.238,-3.0489,-7.4944
18.191,-8.7456,-9.6455,-6.6809,-10.476,-6.622,7.6536,83.41,36.346,-3.0204,-7.3836
17.9,-8.6023,-9.4933,-6.8993,-10.399,-5.9069,7.82,83.813,36.436,-3.0144,-7.2698
17.602,-8.4621,-9.3326,-7.1161,-10.332,-5.196,7.9944,84.189,36.509,-3.0292,-7.1542
17.297,-8.3243,-9.1633,-7.3309,-10.275,-4.4902,8.1755,84.538,36.565,-3.0631,-7.0379
16.986,-8.1884,-8.9854,-7.5435,-10.227,-3.7905,8.3622,84.861,36.607,-3.1143,-6.9221
16.669,-8.0541,-8.7991,-7.7538,-10.19,-3.0975,8.5531,85.158,36.634,-3.1808,-6.8075
16.348,-7.9209,-8.6045,-7.9617,-10.162,-2.4122,8.747,85.431,36.65,-3.2604,-6.6951
16.022,-7.7882,-8.4016,-8.1671,-10.145,-1.7352,8.9426,85.681,36.653,-3.351,-6.5856
15.694,-7.6558,-8.1909,-8.3701,-10.136,-1.0673,9.1387,85.908,36.646,-3.4504,-6.4796
15.363,-7.5232,-7.9726,-8.5708,-10.137,-0.40911,9.3339,86.114,36.629,-3.5562,-6.3777
15.031,-7.39,-7.7469,-8.7691,-10.148,0.23885,9.5272,86.3,36.603,-3.6663,-6.2803
14.699,-7.256,-7.5144,-8.9652,-10.167,0.87605,9.7174,86.468,36.569,-3.7785,-6.1878
14.367,-7.1209,-7.2754,-9.1593,-10.196,1.502,9.9034,86.618,36.529,-3.8907,-6.1007
14.038,-6.9844,-7.0305,-9.3516,-10.234,2.1164,10.084,86.753,36.482,-4.0009,-6.0191
13.712,-6.8465,-6.7801,-9.5422,-10.28,2.7189,10.26,86.874,36.43,-4.1074,-5.9433
13.389,-6.7069,-6.5247,-9.7314,-10.335,3.3092,10.428,86.981,36.374,-4.2084,-5.8733
13.071,-6.5657,-6.2649,-9.9193,-10.398,3.887,10.59,87.078,36.313,-4.3025,-5.8094
12.759,-6.4228,-6.0013,-10.106,-10.469,4.4522,10.744,87.164,36.25,-4.3885,-5.7514
12.453,-6.2782,-5.7344,-10.292,-10.548,5.0047,10.89,87.24,36.183,-4.4653,-5.6994
12.154,-6.1321,-5.4649,-10.477,-10.634,5.5442,11.028,87.31,36.115,-4.5322,-5.6534
11.862,-5.9845,-5.1931,-10.662,-10.728,6.0708,11.159,87.372,36.045,-4.5886,-5.613
11.578,-5.8356,-4.9198,-10.845,-10.829,6.5844,11.281,87.428,35.974,-4.6341,-5.5782
11.3,-5.6856,-4.6454,-11.029,-10.936,7.085,11.396,87.479,35.902,-4.6687,-5.5487
11.03,-5.5347,-4.3705,-11.212,-11.05,7.5725,11.503,87.526,35.83,-4.6925,-5.5243
10.767,-5.3832,-4.0955,-11.395,-11.169,8.047,11.603,87.568,35.757,-4.7057,-5.5045
10.51,-5.2314,-3.8208,-11.577,-11.295,8.5086,11.697,87.607,35.685,-4.7089,-5.489
10.259,-5.0794,-3.5471,-11.758,-11.425,8.9572,11.784,87.643,35.613,-4.7026,-5.4774
10.014,-4.9278,-3.2745,-11.939,-11.56,9.3931,11.866,87.676,35.542,-4.6876,-5.4693
9.7733,-4.7767,-3.0036,-12.119,-11.7,9.8161,11.942,87.705,35.471,-4.6648,-5.4643
9.5367,-4.6265,-2.7345,-12.299,-11.843,10.227,12.015,87.732,35.4,-4.6351,-5.4618
9.3035,-4.4775,-2.4678,-12.477,-11.99,10.625,12.083,87.756,35.33,-4.5995,-5.4615
9.0729,-4.33,-2.2035,-12.654,-12.141,11.01,12.148,87.776,35.26,-4.5591,-5.4629
8.8444,-4.1844,-1.942,-12.829,-12.294,11.384,12.21,87.794,35.191,-4.5148,-5.4656
8.6175,-4.041,-1.6834,-13.003,-12.45,11.745,12.27,87.808,35.122,-4.4676,-5.4692
8.3917,-3.9,-1.4279,-13.175,-12.608,12.095,12.328,87.818,35.053,-4.4187,-5.4732
8.1666,-3.7618,-1.1756,-13.345,-12.768,12.433,12.385,87.824,34.984,-4.3688,-5.4775
7.9423,-3.6267,-0.92674,-13.513,-12.93,12.76,12.44,87.826,34.915,-4.3188,-5.4817
7.7185,-3.4949,-0.68125,-13.678,-13.093,13.076,12.495,87.824,34.846,-4.2694,-5.4856
7.4954,-3.3666,-0.43921,-13.841,-13.258,13.381,12.549,87.818,34.777,-4.2213,-5.4889
7.2733,-3.2421,-0.20065,-14.001,-13.424,13.676,12.602,87.807,34.707,-4.1751,-5.4916
7.0524,-3.1215,0.034455,-14.158,-13.591,13.961,12.655,87.792,34.638,-4.1312,-5.4936
6.8333,-3.0051,0.26613,-14.312,-13.758,14.236,12.708,87.772,34.568,-4.0898,-5.4949
6.6166,-2.893,0.49444,-14.463,-13.927,14.501,12.761,87.748,34.498,-4.0513,-5.4955
6.4028,-2.7852,0.71946,-14.611,-14.096,14.758,12.813,87.719,34.428,-4.0156,-5.4955
6.1929,-2.682,0.94128,-14.756,-14.266,15.005,12.864,87.687,34.358,-3.9829,-5.495
5.9875,-2.5833,1.16,-14.897,-14.436,15.245,12.915,87.65,34.288,-3.953,-5.4942
5.7876,-2.4892,1.3758,-15.036,-14.608,15.477,12.966,87.609,34.217,-3.9258,-5.4932
5.5941,-2.3998,1.5887,-15.171,-14.78,15.701,13.015,87.565,34.147,-3.9012,-5.4924
5.4077,-2.3148,1.7989,-15.304,-14.953,15.918,13.064,87.518,34.078,-3.8787,-5.4919
5.2294,-2.2344,2.0066,-15.434,-15.127,16.129,13.112,87.468,34.008,-3.8581,-5.492
5.06,-2.1584,2.2119,-15.561,-15.302,16.334,13.158,87.415,33.939,-3.8392,-5.4929
4.9002,-2.0867,2.4148,-15.686,-15.478,16.533,13.204,87.36,33.871,-3.8215,-5.4949
4.7507,-2.0191,2.6157,-15.809,-15.655,16.726,13.248,87.303,33.804,-3.8047,-5.4981
4.612,-1.9554,2.8146,-15.93,-15.834,16.915,13.291,87.244,33.737,-3.7886,-5.5027
4.4845,-1.8954,3.0116,-16.049,-16.014,17.1,13.333,87.184,33.672,-3.7728,-5.509
4.3686,-1.839,3.2068,-16.166,-16.196,17.28,13.373,87.123,33.608,-3.7571,-5.5168
4.2646,-1.7857,3.4004,-16.283,-16.38,17.457,13.413,87.062,33.545,-3.7412,-5.5265
4.1724,-1.7353,3.5925,-16.398,-16.566,17.631,13.451,86.999,33.484,-3.7248,-5.5378
4.0922,-1.6876,3.7831,-16.512,-16.754,17.801,13.489,86.937,33.424,-3.7079,-5.5507
4.0237,-1.6421,3.9724,-16.626,-16.944,17.97,13.527,86.874,33.366,-3.6902,-5.5652
3.9669,-1.5985,4.1605,-16.739,-17.137,18.136,13.564,86.811,33.31,-3.6717,-5.581
3.9215,-1.5566,4.3474,-16.852,-17.332,18.3,13.601,86.748,33.256,-3.6522,-5.5979
3.8872,-1.516,4.5333,-16.965,-17.529,18.463,13.638,86.685,33.203,-3.6317,-5.6156
3.8638,-1.4763,4.7181,-17.078,-17.73,18.624,13.675,86.623,33.152,-3.6102,-5.6337
3.8511,-1.4373,4.9021,-17.192,-17.933,18.784,13.714,86.561,33.103,-3.5876,-5.6519
3.8487,-1.3987,5.0852,-17.306,-18.138,18.943,13.754,86.499,33.056,-3.564,-5.6696
3.8563,-1.3601,5.2676,-17.421,-18.347,19.102,13.795,86.438,33.01,-3.5394,-5.6865
3.8737,-1.3214,5.4495,-17.536,-18.558,19.26,13.838,86.377,32.967,-3.5138,-5.702
3.9006,-1.2822,5.6308,-17.653,-18.773,19.418,13.883,86.317,32.924,-3.4873,-5.7157
3.9365,-1.2426,5.8117,-17.77,-18.99,19.575,13.93,86.258,32.884,-3.4599,-5.727
3.9811,-1.2022,5.9923,-17.888,-19.21,19.732,13.98,86.199,32.844,-3.4317,-5.7354
4.0339,-1.161,6.1727,-18.008,-19.432,19.889,14.032,86.141,32.806,-3.4026,-5.7405
4.0943,-1.119,6.3529,-18.129,-19.657,20.046,14.088,86.084,32.77,-3.3727,-5.7418
4.1616,-1.0761,6.5332,-18.25,-19.885,20.204,14.147,86.027,32.734,-3.342,-5.739
4.235,-1.0324,6.7135,-18.373,-20.116,20.361,14.208,85.972,32.7,-3.3105,-5.7317
4.3138,-0.98789,6.8939,-18.498,-20.348,20.518,14.273,85.917,32.666,-3.278,-5.7196
4.3969,-0.94275,7.0745,-18.623,-20.583,20.675,14.341,85.864,32.634,-3.2444,-5.7024
4.4834,-0.89713,7.2553,-18.749,-20.82,20.833,14.412,85.812,32.602,-3.2098,-5.68
4.5723,-0.85121,7.4363,-18.876,-21.06,20.99,14.485,85.761,32.571,-3.1738,-5.6523
4.6625,-0.80524,7.6175,-19.005,-21.301,21.147,14.561,85.712,32.541,-3.1363,-5.6193
4.753,-0.75948,7.7989,-19.134,-21.543,21.304,14.639,85.664,32.512,-3.0972,-5.5809
4.8428,-0.7142,7.9805,-19.263,-21.788,21.461,14.719,85.617,32.484,-3.0561,-5.5374
4.9309,-0.66973,8.1622,-19.394,-22.033,21.617,14.801,85.572,32.457,-3.0129,-5.4888
5.0165,-0.62639,8.3439,-19.524,-22.28,21.773,14.884,85.529,32.43,-2.9673,-5.4354
5.0988,-0.5845,8.5255,-19.655,-22.527,21.928,14.967,85.487,32.405,-2.919,-5.3775
5.1772,-0.54442,8.7069,-19.786,-22.775,22.083,15.05,85.447,32.38,-2.8678,-5.3154
5.251,-0.50648,8.8879,-19.917,-23.024,22.236,15.132,85.409,32.356,-2.8135,-5.2494
5.32,-0.471,9.0685,-20.048,-23.274,22.388,15.214,85.372,32.333,-2.7558,-5.18
5.3838,-0.43831,9.2484,-20.178,-23.523,22.539,15.293,85.336,32.31,-2.6945,-5.1075
5.4423,-0.40872,9.4274,-20.307,-23.772,22.689,15.37,85.302,32.288,-2.6296,-5.0323
5.4955,-0.3825,9.6055,-20.436,-24.022,22.837,15.443,85.27,32.266,-2.5608,-4.9548
5.5435,-0.35991,9.7825,-20.563,-24.27,22.984,15.513,85.239,32.244,-2.4881,-4.8754
5.5866,-0.3412,9.9582,-20.689,-24.519,23.129,15.579,85.208,32.222,-2.4116,-4.7943
5.6251,-0.32657,10.132,-20.814,-24.767,23.272,15.639,85.179,32.2,-2.3312,-4.7119
5.6595,-0.31621,10.305,-20.936,-25.014,23.413,15.694,85.151,32.176,-2.2471,-4.6284
5.6904,-0.31026,10.476,-21.057,-25.261,23.553,15.744,85.123,32.151,-2.1595,-4.5439
5.7183,-0.30885,10.645,-21.175,-25.507,23.691,15.787,85.096,32.123,-2.0686,-4.4584
5.744,-0.31207,10.812,-21.291,-25.752,23.828,15.824,85.07,32.092,-1.9748,-4.3718
5.7682,-0.32,10.978,-21.405,-25.997,23.963,15.854,85.044,32.058,-1.8786,-4.284
5.7917,-0.33269,11.141,-21.517,-26.241,24.097,15.878,85.018,32.018,-1.7805,-4.1948
5.8153,-0.35017,11.303,-21.625,-26.485,24.23,15.895,84.993,31.972,-1.6809,-4.1037
5.8398,-0.37244,11.462,-21.732,-26.728,24.362,15.907,84.968,31.919,-1.5807,-4.0101
5.8661,-0.39951,11.619,-21.835,-26.972,24.494,15.912,84.943,31.857,-1.4806,-3.9135
5.8951,-0.43135,11.775,-21.936,-27.215,24.626,15.912,84.918,31.785,-1.3813,-3.813
5.9274,-0.46795,11.928,-22.035,-27.459,24.757,15.908,84.894,31.702,-1.2838,-3.7079
5.9638,-0.50928,12.08,-22.131,-27.703,24.889,15.9,84.871,31.606,-1.189,-3.5971
6.0051,-0.5553,12.231,-22.225,-27.949,25.022,15.889,84.848,31.496,-1.0979,-3.4796
6.0518,-0.60599,12.38,-22.316,-28.195,25.155,15.875,84.826,31.37,-1.0115,-3.3542
6.1044,-0.66132,12.527,-22.406,-28.443,25.29,15.861,84.806,31.227,-0.93087,-3.2199
6.1633,-0.72125,12.674,-22.494,-28.692,25.426,15.847,84.788,31.064,-0.85718,-3.0755
6.2287,-0.78577,12.82,-22.58,-28.944,25.564,15.835,84.772,30.881,-0.79155,-2.9197
6.3007,-0.85484,12.964,-22.664,-29.198,25.703,15.825,84.758,30.676,-0.73515,-2.7515
6.3791,-0.92846,13.109,-22.747,-29.455,25.844,15.819,84.748,30.447,-0.68917,-2.5697
6.4637,-1.0066,13.253,-22.829,-29.714,25.987,15.818,84.742,30.194,-0.65482,-2.3735
6.5539,-1.0892,13.397,-22.91,-29.976,26.132,15.823,84.741,29.915,-0.63332,-2.1618
6.6493,-1.1763,13.542,-22.991,-30.241,26.278,15.836,84.744,29.61,-0.6259,-1.934
6.7489,-1.2678,13.687,-23.07,-30.509,26.425,15.857,84.754,29.277,-0.6338,-1.6894
6.8518,-1.3637,13.832,-23.149,-30.78,26.574,15.886,84.77,28.916,-0.65825,-1.4276
6.9571,-1.464,13.979,-23.228,-31.054,26.724,15.926,84.794,28.528,-0.70049,-1.1485
7.0635,-1.5686,14.126,-23.306,-31.331,26.874,15.976,84.826,28.111,-0.76172,-0.85192
7.1699,-1.6774,14.275,-23.383,-31.611,27.024,16.037,84.866,27.668,-0.84314,-0.53807
7.2752,-1.7904,14.426,-23.461,-31.893,27.175,16.108,84.917,27.197,-0.94589,-0.20734
7.3781,-1.9074,14.577,-23.538,-32.178,27.324,16.191,84.977,26.7,-1.0711,0.13969
7.4776,-2.0283,14.731,-23.615,-32.464,27.473,16.285,85.048,26.18,-1.2197,0.50226
7.5726,-2.1531,14.887,-23.692,-32.752,27.621,16.389,85.131,25.636,-1.3928,0.87939
7.6622,-2.2815,15.044,-23.768,-33.041,27.767,16.504,85.225,25.072,-1.591,1.27
7.7456,-2.4135,15.203,-23.844,-33.33,27.911,16.628,85.332,24.49,-1.8151,1.6728
7.8222,-2.5488,15.365,-23.919,-33.62,28.053,16.761,85.452,23.893,-2.0655,2.0865
7.8914,-2.6873,15.528,-23.994,-33.909,28.192,16.902,85.584,23.282,-2.3425,2.5098
7.9529,-2.8289,15.693,-24.068,-34.196,28.329,17.05,85.73,22.663,-2.6462,2.9411
8.0064,-2.9733,15.86,-24.142,-34.482,28.463,17.205,85.888,22.036,-2.9763,3.3792
8.0521,-3.1203,16.029,-24.214,-34.766,28.595,17.364,86.06,21.407,-3.3323,3.8227
8.0898,-3.2699,16.199,-24.286,-35.047,28.724,17.528,86.244,20.778,-3.7137,4.2705
8.1198,-3.4217,16.371,-24.357,-35.324,28.85,17.694,86.442,20.153,-4.1192,4.7215
8.1423,-3.5757,16.544,-24.427,-35.597,28.974,17.863,86.651,19.536,-4.5478,5.1748
8.1577,-3.7317,16.718,-24.496,-35.866,29.096,18.032,86.873,18.929,-4.9979,5.6298
8.1662,-3.8896,16.893,-24.563,-36.13,29.216,18.202,87.106,18.336,-5.4678,6.0859
8.1681,-4.0491,17.068,-24.63,-36.388,29.334,18.371,87.349,17.76,-5.9558,6.5429
8.1639,-4.2103,17.244,-24.695,-36.64,29.451,18.539,87.604,17.203,-6.4599,7.0008
8.1535,-4.373,17.42,-24.759,-36.887,29.567,18.705,87.867,16.669,-6.9781,7.4595
8.1373,-4.537,17.596,-24.822,-37.127,29.682,18.868,88.14,16.16,-7.5084,7.9195
8.1152,-4.7023,17.771,-24.884,-37.36,29.797,19.029,88.421,15.677,-8.0489,8.3811
8.0871,-4.8687,17.945,-24.944,-37.587,29.912,19.187,88.709,15.223,-8.5975,8.8449
8.053,-5.0361,18.119,-25.003,-37.808,30.027,19.342,89.005,14.799,-9.1524,9.3114
8.0124,-5.2045,18.291,-25.06,-38.021,30.142,19.495,89.306,14.407,-9.712,9.7814
7.965,-5.3736,18.461,-25.116,-38.229,30.258,19.644,89.613,14.047,-10.275,10.256
7.9103,-5.5433,18.629,-25.169,-38.429,30.375,19.791,89.925,13.72,-10.839,10.735
7.8479,-5.7134,18.796,-25.222,-38.624,30.493,19.936,90.241,13.427,-11.403,11.219
7.7773,-5.8838,18.959,-25.272,-38.813,30.612,20.079,90.561,13.167,-11.967,11.71
7.6979,-6.0541,19.12,-25.32,-38.996,30.732,20.221,90.884,12.941,-12.529,12.207
7.6092,-6.224,19.277,-25.366,-39.173,30.853,20.362,91.209,12.749,-13.088,12.712
7.5108,-6.3934,19.431,-25.41,-39.346,30.974,20.503,91.536,12.59,-13.645,13.224
7.4024,-6.5618,19.581,-25.451,-39.513,31.097,20.643,91.865,12.462,-14.198,13.744
7.2837,-6.7289,19.727,-25.489,-39.677,31.22,20.783,92.194,12.367,-14.747,14.272
7.1545,-6.8943,19.868,-25.525,-39.836,31.343,20.925,92.524,12.301,-15.292,14.809
7.015,-7.0576,20.005,-25.558,-39.991,31.466,21.067,92.853,12.263,-15.833,15.353
6.8652,-7.2182,20.136,-25.589,-40.142,31.588,21.21,93.182,12.254,-16.37,15.905
6.7054,-7.3758,20.262,-25.616,-40.29,31.709,21.354,93.508,12.269,-16.904,16.465
6.536,-7.5297,20.382,-25.64,-40.434,31.828,21.499,93.833,12.308,-17.433,17.032
6.3576,-7.6796,20.495,-25.66,-40.575,31.946,21.645,94.154,12.369,-17.959,17.605
6.1708,-7.8249,20.603,-25.678,-40.713,32.061,21.791,94.472,12.449,-18.482,18.183
5.9765,-7.9651,20.703,-25.692,-40.848,32.172,21.938,94.785,12.547,-19.002,18.767
5.7753,-8.0997,20.797,-25.703,-40.98,32.28,22.085,95.093,12.659,-19.518,19.354
5.5683,-8.2281,20.884,-25.711,-41.108,32.384,22.231,95.395,12.784,-20.031,19.943
5.3563,-8.3499,20.963,-25.716,-41.233,32.483,22.377,95.69,12.918,-20.541,20.533
5.1404,-8.4647,21.035,-25.718,-41.354,32.577,22.52,95.977,13.06,-21.047,21.123
4.9215,-8.572,21.099,-25.717,-41.472,32.666,22.661,96.255,13.207,-21.548,21.71
4.7005,-8.6715,21.156,-25.713,-41.585,32.748,22.798,96.524,13.356,-22.044,22.293
4.4784,-8.7628,21.205,-25.708,-41.693,32.824,22.932,96.783,13.505,-22.534,22.87
4.256,-8.8457,21.246,-25.7,-41.797,32.894,23.06,97.03,13.652,-23.017,23.439
4.034,-8.92,21.28,-25.69,-41.896,32.957,23.183,97.266,13.794,-23.492,23.998
3.8133,-8.9855,21.307,-25.679,-41.989,33.013,23.3,97.489,13.929,-23.958,24.545
3.5944,-9.0421,21.326,-25.667,-42.076,33.063,23.41,97.699,14.056,-24.413,25.078
3.378,-9.0899,21.339,-25.654,-42.158,33.105,23.512,97.895,14.173,-24.855,25.595
3.1645,-9.129,21.345,-25.641,-42.233,33.142,23.607,98.078,14.277,-25.283,26.093
2.9544,-9.1594,21.344,-25.627,-42.301,33.172,23.692,98.246,14.369,-25.696,26.571
2.748,-9.1816,21.338,-25.614,-42.363,33.196,23.769,98.4,14.447,-26.093,27.027
2.5458,-9.1957,21.326,-25.602,-42.418,33.214,23.837,98.54,14.511,-26.471,27.459
2.348,-9.2022,21.309,-25.59,-42.466,33.227,23.896,98.665,14.559,-26.829,27.867
2.1549,-9.2017,21.288,-25.58,-42.507,33.236,23.946,98.776,14.592,-27.167,28.248
1.9669,-9.1946,21.262,-25.572,-42.541,33.24,23.987,98.874,14.611,-27.484,28.602
1.7844,-9.1816,21.233,-25.565,-42.568,33.24,24.019,98.958,14.614,-27.778,28.928
1.6075,-9.1635,21.201,-25.561,-42.589,33.238,24.044,99.03,14.603,-28.049,29.226
1.4368,-9.1409,21.166,-25.558,-42.604,33.233,24.061,99.09,14.58,-28.296,29.495
1.2726,-9.1148,21.128,-25.558,-42.612,33.227,24.072,99.139,14.544,-28.521,29.735
1.1152,-9.0858,21.089,-25.56,-42.615,33.219,24.076,99.178,14.497,-28.721,29.948
0.9652,-9.055,21.048,-25.565,-42.613,33.211,24.076,99.208,14.44,-28.898,30.132
0.82282,-9.0231,21.006,-25.572,-42.606,33.202,24.071,99.229,14.376,-29.053,30.29
0.68839,-8.9912,20.963,-25.581,-42.594,33.194,24.063,99.243,14.305,-29.184,30.421
0.56212,-8.9599,20.919,-25.592,-42.578,33.187,24.054,99.251,14.229,-29.294,30.527
0.44416,-8.9303,20.874,-25.605,-42.56,33.18,24.043,99.253,14.151,-29.383,30.61
0.33472,-8.9031,20.829,-25.619,-42.538,33.175,24.032,99.251,14.071,-29.451,30.67
0.23469,-8.879,20.783,-25.635,-42.514,33.171,24.023,99.246,13.991,-29.5,30.709
0.1487,-8.8589,20.736,-25.652,-42.488,33.169,24.016,99.238,13.913,-29.531,30.728
0.10003,-8.8433,20.687,-25.669,-42.461,33.168,24.012,99.227,13.839,-29.544,30.73
0.13104,-8.8328,20.638,-25.687,-42.433,33.168,24.013,99.216,13.769,-29.542,30.715
0.20944,-8.8279,20.586,-25.704,-42.405,33.169,24.019,99.204,13.706,-29.524,30.685
0.30411,-8.8289,20.532,-25.721,-42.377,33.171,24.031,99.193,13.65,-29.494,30.642
0.40965,-8.8363,20.475,-25.736,-42.35,33.172,24.05,99.181,13.602,-29.451,30.588
0.52651,-8.8501,20.415,-25.75,-42.324,33.172,24.076,99.171,13.562,-29.398,30.523
0.65623,-8.8705,20.351,-25.761,-42.299,33.17,24.111,99.161,13.533,-29.335,30.449
0.8004,-8.8975,20.281,-25.769,-42.276,33.166,24.154,99.153,13.513,-29.265,30.369
0.96029,-8.931,20.206,-25.774,-42.254,33.158,24.206,99.145,13.503,-29.189,30.283
1.1368,-8.9708,20.125,-25.775,-42.234,33.146,24.268,99.14,13.504,-29.108,30.193
1.3302,-9.0166,20.036,-25.771,-42.217,33.127,24.339,99.135,13.515,-29.025,30.099
1.5407,-9.0682,19.939,-25.762,-42.201,33.101,24.418,99.132,13.536,-28.94,30.005
1.7679,-9.125,19.833,-25.748,-42.187,33.068,24.507,99.129,13.567,-28.856,29.909
2.0111,-9.1867,19.718,-25.727,-42.175,33.024,24.605,99.127,13.606,-28.775,29.814
2.2692,-9.2526,19.591,-25.699,-42.165,32.97,24.711,99.126,13.655,-28.698,29.721
2.541,-9.3223,19.454,-25.663,-42.156,32.903,24.825,99.126,13.711,-28.626,29.63
2.8252,-9.3951,19.304,-25.619,-42.148,32.823,24.946,99.125,13.774,-28.562,29.543
3.1201,-9.4705,19.141,-25.567,-42.14,32.729,25.073,99.124,13.843,-28.507,29.459
3.424,-9.5479,18.964,-25.506,-42.133,32.619,25.206,99.123,13.918,-28.461,29.379
3.735,-9.6266,18.774,-25.435,-42.126,32.492,25.343,99.122,13.997,-28.428,29.304
4.0513,-9.7062,18.569,-25.354,-42.118,32.348,25.485,99.12,14.079,-28.406,29.234
4.3711,-9.786,18.349,-25.262,-42.109,32.186,25.629,99.117,14.165,-28.399,29.17
4.6924,-9.8656,18.113,-25.16,-42.098,32.004,25.775,99.113,14.253,-28.405,29.11
5.0136,-9.9445,17.862,-25.046,-42.086,31.803,25.923,99.108,14.342,-28.426,29.056
5.333,-10.022,17.594,-24.922,-42.071,31.582,26.07,99.102,14.431,-28.463,29.006
5.6491,-10.099,17.311,-24.786,-42.054,31.341,26.217,99.095,14.52,-28.515,28.962
5.9605,-10.174,17.011,-24.638,-42.033,31.08,26.363,99.087,14.609,-28.582,28.922
6.2661,-10.248,16.695,-24.48,-42.01,30.798,26.507,99.079,14.697,-28.665,28.887
6.5652,-10.319,16.363,-24.31,-41.983,30.496,26.648,99.069,14.783,-28.763,28.855
6.8569,-10.389,16.016,-24.129,-41.953,30.175,26.786,99.059,14.867,-28.875,28.828
7.1412,-10.457,15.653,-23.938,-41.919,29.834,26.92,99.049,14.949,-29.001,28.803
7.4177,-10.523,15.274,-23.736,-41.881,29.474,27.05,99.038,15.029,-29.14,28.781
7.6869,-10.588,14.881,-23.525,-41.84,29.097,27.175,99.027,15.107,-29.291,28.761
7.9492,-10.651,14.473,-23.304,-41.794,28.703,27.295,99.016,15.182,-29.452,28.743
8.2054,-10.714,14.052,-23.075,-41.744,28.292,27.409,99.004,15.255,-29.623,28.726
8.4565,-10.776,13.617,-22.838,-41.691,27.866,27.518,98.992,15.327,-29.802,28.709
8.7038,-10.839,13.169,-22.594,-41.632,27.426,27.62,98.979,15.396,-29.987,28.692
8.9487,-10.901,12.709,-22.343,-41.569,26.973,27.716,98.966,15.463,-30.178,28.673
9.1928,-10.965,12.238,-22.087,-41.501,26.507,27.804,98.951,15.53,-30.372,28.652
9.4376,-11.03,11.756,-21.826,-41.427,26.031,27.885,98.936,15.595,-30.568,28.629
9.6847,-11.097,11.263,-21.561,-41.347,25.544,27.957,98.918,15.66,-30.764,28.601
9.9359,-11.167,10.761,-21.293,-41.261,25.048,28.022,98.899,15.725,-30.959,28.568
10.193,-11.239,10.25,-21.023,-41.167,24.545,28.077,98.878,15.79,-31.151,28.529
10.456,-11.315,9.7309,-20.751,-41.065,24.034,28.122,98.853,15.855,-31.339,28.484
10.728,-11.395,9.2041,-20.478,-40.954,23.517,28.158,98.825,15.922,-31.521,28.431
11.008,-11.479,8.6702,-20.205,-40.833,22.995,28.182,98.793,15.99,-31.696,28.369
11.298,-11.567,8.1301,-19.932,-40.702,22.467,28.196,98.757,16.061,-31.864,28.299
11.598,-11.661,7.5842,-19.66,-40.558,21.935,28.197,98.715,16.133,-32.023,28.218
11.909,-11.76,7.0332,-19.388,-40.402,21.399,28.186,98.668,16.208,-32.173,28.127
12.229,-11.863,6.4778,-19.118,-40.233,20.86,28.161,98.614,16.287,-32.314,28.025
12.559,-11.972,5.9186,-18.849,-40.049,20.317,28.123,98.553,16.368,-32.444,27.913
12.899,-12.086,5.3562,-18.582,-39.849,19.771,28.07,98.485,16.453,-32.564,27.791
13.247,-12.205,4.7913,-18.316,-39.634,19.223,28.002,98.41,16.541,-32.674,27.658
13.602,-12.328,4.2246,-18.052,-39.403,18.671,27.919,98.325,16.633,-32.774,27.515
13.963,-12.454,3.6567,-17.788,-39.155,18.117,27.82,98.232,16.728,-32.865,27.364
14.33,-12.585,3.0884,-17.524,-38.891,17.559,27.705,98.129,16.828,-32.947,27.204
14.701,-12.717,2.5204,-17.261,-38.609,16.998,27.574,98.016,16.931,-33.021,27.038
15.074,-12.852,1.9534,-16.997,-38.312,16.433,27.427,97.892,17.037,-33.089,26.866
15.449,-12.988,1.3884,-16.732,-37.998,15.865,27.263,97.757,17.146,-33.151,26.69
15.824,-13.123,0.82596,-16.466,-37.67,15.293,27.084,97.611,17.258,-33.209,26.511
16.198,-13.258,0.26704,-16.196,-37.327,14.716,26.888,97.453,17.372,-33.264,26.333
16.571,-13.391,-0.28755,-15.924,-36.972,14.135,26.678,97.282,17.488,-33.317,26.156
16.94,-13.521,-0.83696,-15.649,-36.605,13.548,26.453,97.097,17.604,-33.37,25.983
17.306,-13.647,-1.3803,-15.369,-36.227,12.956,26.215,96.9,17.721,-33.424,25.816
17.667,-13.768,-1.9168,-15.084,-35.842,12.358,25.964,96.688,17.836,-33.482,25.657
18.022,-13.884,-2.4456,-14.794,-35.449,11.754,25.701,96.461,17.949,-33.544,25.508
18.371,-13.992,-2.9658,-14.499,-35.052,11.143,25.427,96.219,18.058,-33.612,25.372
18.713,-14.093,-3.4765,-14.198,-34.651,10.526,25.144,95.961,18.162,-33.688,25.251
19.048,-14.186,-3.9772,-13.891,-34.249,9.9017,24.853,95.686,18.26,-33.772,25.146
19.375,-14.271,-4.4669,-13.578,-33.848,9.2704,24.556,95.395,18.35,-33.867,25.061
19.694,-14.346,-4.9449,-13.26,-33.448,8.6319,24.253,95.086,18.431,-33.973,24.995
20.005,-14.412,-5.4106,-12.936,-33.053,7.9864,23.946,94.759,18.501,-34.091,24.952
20.307,-14.469,-5.8633,-12.606,-32.663,7.3337,23.636,94.413,18.559,-34.223,24.932
20.601,-14.516,-6.3025,-12.272,-32.28,6.6741,23.325,94.048,18.602,-34.369,24.936
20.885,-14.553,-6.7277,-11.933,-31.904,6.0078,23.013,93.663,18.63,-34.529,24.966
21.161,-14.582,-7.1383,-11.591,-31.538,5.3349,22.702,93.258,18.642,-34.704,25.021
21.428,-14.602,-7.5339,-11.245,-31.182,4.656,22.393,92.832,18.635,-34.894,25.102
21.685,-14.613,-7.9143,-10.897,-30.837,3.9712,22.086,92.386,18.609,-35.1,25.208
21.933,-14.617,-8.279,-10.547,-30.503,3.2811,21.782,91.918,18.563,-35.32,25.34
22.171,-14.615,-8.628,-10.197,-30.181,2.586,21.482,91.428,18.497,-35.555,25.496
22.401,-14.606,-8.961,-9.8462,-29.87,1.8866,21.187,90.916,18.409,-35.804,25.676
22.62,-14.592,-9.278,-9.4964,-29.572,1.1831,20.896,90.382,18.299,-36.067,25.878
22.83,-14.574,-9.5788,-9.1483,-29.286,0.47631,20.609,89.826,18.167,-36.341,26.101
23.029,-14.552,-9.8637,-8.8028,-29.013,-0.23342,20.328,89.247,18.013,-36.627,26.343
23.218,-14.528,-10.133,-8.4607,-28.751,-0.94553,20.052,88.646,17.838,-36.923,26.601
23.397,-14.502,-10.386,-8.1228,-28.501,-1.6595,19.781,88.023,17.641,-37.228,26.874
23.564,-14.476,-10.623,-7.7899,-28.262,-2.3747,19.514,87.377,17.423,-37.54,27.16
23.719,-14.451,-10.846,-7.4628,-28.034,-3.0907,19.253,86.709,17.185,-37.858,27.456
23.862,-14.426,-11.053,-7.1421,-27.816,-3.807,18.996,86.019,16.927,-38.179,27.759
23.993,-14.404,-11.246,-6.8285,-27.609,-4.523,18.743,85.308,16.651,-38.503,28.068
24.109,-14.385,-11.425,-6.5225,-27.411,-5.2382,18.494,84.576,16.357,-38.828,28.38
24.211,-14.369,-11.59,-6.2248,-27.222,-5.952,18.25,83.823,16.046,-39.152,28.693
24.298,-14.357,-11.743,-5.9357,-27.042,-6.664,18.009,83.05,15.72,-39.474,29.004
24.368,-14.35,-11.882,-5.6558,-26.87,-7.3735,17.772,82.257,15.379,-39.793,29.313
24.421,-14.348,-12.01,-5.3852,-26.706,-8.0801,17.538,81.446,15.024,-40.107,29.618
24.456,-14.352,-12.127,-5.1244,-26.549,-8.7831,17.307,80.616,14.656,-40.416,29.916
24.471,-14.361,-12.233,-4.8735,-26.399,-9.4821,17.079,79.769,14.276,-40.72,30.208
24.465,-14.376,-12.328,-4.6327,-26.256,-10.176,16.855,78.906,13.884,-41.017,30.493
24.438,-14.397,-12.414,-4.4021,-26.119,-10.865,16.633,78.028,13.483,-41.307,30.77
24.387,-14.424,-12.492,-4.1817,-25.987,-11.548,16.414,77.135,13.071,-41.59,31.039
24.313,-14.457,-12.561,-3.9716,-25.861,-12.225,16.198,76.229,12.65,-41.867,31.301
24.213,-14.496,-12.623,-3.7717,-25.739,-12.894,15.985,75.311,12.219,-42.138,31.555
24.087,-14.54,-12.678,-3.5819,-25.622,-13.555,15.775,74.383,11.781,-42.403,31.803
23.934,-14.59,-12.727,-3.402,-25.509,-14.208,15.568,73.444,11.334,-42.663,32.045
23.753,-14.644,-12.77,-3.2319,-25.4,-14.851,15.365,72.498,10.88,-42.919,32.282
23.544,-14.704,-12.808,-3.0714,-25.295,-15.484,15.165,71.545,10.418,-43.172,32.516
23.305,-14.767,-12.842,-2.9201,-25.192,-16.106,14.969,70.586,9.9494,-43.422,32.748
23.036,-14.835,-12.871,-2.778,-25.092,-16.717,14.777,69.624,9.4737,-43.672,32.979
22.737,-14.905,-12.897,-2.6446,-24.994,-17.315,14.589,68.66,8.9915,-43.921,33.209
22.409,-14.979,-12.92,-2.5196,-24.898,-17.9,14.406,67.695,8.5033,-44.171,33.442
22.05,-15.055,-12.941,-2.4028,-24.803,-18.471,14.228,66.732,8.0094,-44.423,33.677
21.662,-15.133,-12.959,-2.2938,-24.71,-19.028,14.055,65.771,7.5103,-44.678,33.915
21.244,-15.212,-12.975,-2.1922,-24.617,-19.569,13.888,64.816,7.0067,-44.936,34.158
20.798,-15.292,-12.99,-2.0977,-24.525,-20.094,13.727,63.867,6.4992,-45.199,34.407
20.325,-15.373,-13.004,-2.0101,-24.433,-20.603,13.571,62.926,5.9886,-45.466,34.662
19.826,-15.453,-13.016,-1.9288,-24.341,-21.095,13.422,61.996,5.4757,-45.738,34.923
19.301,-15.532,-13.028,-1.8536,-24.249,-21.569,13.28,61.078,4.9615,-46.016,35.191
18.754,-15.61,-13.039,-1.7842,-24.156,-22.025,13.145,60.174,4.4471,-46.3,35.467
18.185,-15.687,-13.05,-1.7201,-24.063,-22.462,13.017,59.286,3.9335,-46.589,35.749
17.597,-15.761,-13.06,-1.6611,-23.969,-22.881,12.895,58.416,3.422,-46.885,36.039
16.992,-15.833,-13.07,-1.6069,-23.874,-23.281,12.781,57.566,2.9138,-47.185,36.335
16.373,-15.902,-13.08,-1.5571,-23.779,-23.661,12.674,56.737,2.4104,-47.491,36.638
15.741,-15.967,-13.09,-1.5114,-23.683,-24.023,12.574,55.93,1.9129,-47.802,36.947
15.1,-16.029,-13.099,-1.4696,-23.587,-24.365,12.481,55.148,1.4229,-48.118,37.261
14.452,-16.087,-13.109,-1.4314,-23.489,-24.689,12.395,54.391,0.94176,-48.436,37.579
13.8,-16.141,-13.118,-1.3964,-23.392,-24.994,12.316,53.661,0.47077,-48.758,37.901
13.147,-16.19,-13.127,-1.3646,-23.294,-25.281,12.243,52.96,0.011308,-49.082,38.226
12.495,-16.235,-13.136,-1.3355,-23.196,-25.549,12.176,52.286,-0.43533,-49.406,38.552
11.848,-16.276,-13.144,-1.3089,-23.099,-25.801,12.115,51.643,-0.86794,-49.731,38.88
11.209,-16.311,-13.152,-1.2848,-23.002,-26.036,12.058,51.029,-1.2854,-50.056,39.207
10.58,-16.342,-13.16,-1.2628,-22.905,-26.254,12.007,50.446,-1.6867,-50.379,39.533
9.9629,-16.368,-13.167,-1.2427,-22.81,-26.458,11.96,49.893,-2.0709,-50.699,39.857
9.3614,-16.39,-13.174,-1.2244,-22.716,-26.647,11.917,49.371,-2.4372,-51.015,40.178
8.7772,-16.407,-13.18,-1.2077,-22.623,-26.822,11.878,48.88,-2.7852,-51.327,40.495
8.2126,-16.419,-13.185,-1.1923,-22.532,-26.984,11.841,48.418,-3.1142,-51.633,40.807
7.6694,-16.428,-13.19,-1.1783,-22.443,-27.135,11.807,47.986,-3.4241,-51.933,41.113
7.1493,-16.432,-13.194,-1.1653,-22.357,-27.275,11.775,47.582,-3.7147,-52.227,41.413
6.6537,-16.433,-13.197,-1.1534,-22.273,-27.405,11.745,47.206,-3.9861,-52.512,41.705
6.1837,-16.43,-13.199,-1.1422,-22.191,-27.526,11.716,46.857,-4.2385,-52.79,41.99
5.7402,-16.423,-13.201,-1.1317,-22.112,-27.639,11.687,46.534,-4.4721,-53.059,42.266
5.3238,-16.414,-13.202,-1.1219,-22.037,-27.745,11.659,46.236,-4.6877,-53.318,42.534
4.9347,-16.403,-13.202,-1.1124,-21.964,-27.844,11.632,45.961,-4.8857,-53.569,42.793
4.573,-16.389,-13.202,-1.1033,-21.895,-27.938,11.604,45.708,-5.067,-53.81,43.042
4.2383,-16.373,-13.201,-1.0945,-21.828,-28.027,11.576,45.476,-5.2324,-54.041,43.281
3.9301,-16.355,-13.199,-1.0858,-21.766,-28.112,11.548,45.263,-5.3828,-54.262,43.511
3.6475,-16.336,-13.198,-1.0771,-21.706,-28.194,11.519,45.068,-5.5193,-54.474,43.731
3.3894,-16.317,-13.196,-1.0685,-21.65,-28.272,11.49,44.889,-5.6429,-54.677,43.942
3.1544,-16.296,-13.194,-1.0598,-21.597,-28.348,11.46,44.726,-5.7547,-54.87,44.143
2.941,-16.276,-13.193,-1.0509,-21.547,-28.422,11.429,44.576,-5.8556,-55.054,44.335
2.7475,-16.255,-13.191,-1.0418,-21.5,-28.493,11.398,44.439,-5.9469,-55.23,44.518
2.5722,-16.235,-13.19,-1.0325,-21.456,-28.563,11.367,44.313,-6.0294,-55.398,44.693
2.4132,-16.216,-13.19,-1.023,-21.415,-28.632,11.336,44.197,-6.1041,-55.558,44.86
2.2687,-16.197,-13.19,-1.0131,-21.377,-28.699,11.305,44.091,-6.1721,-55.712,45.02
2.1368,-16.18,-13.191,-1.0031,-21.341,-28.764,11.274,43.992,-6.2342,-55.858,45.173
2.0158,-16.164,-13.192,-0.99275,-21.307,-28.828,11.244,43.901,-6.2911,-55.999,45.32
1.9041,-16.15,-13.195,-0.98219,-21.276,-28.89,11.215,43.816,-6.3436,-56.135,45.461
1.8001,-16.137,-13.199,-0.97143,-21.247,-28.95,11.187,43.737,-6.3924,-56.266,45.598
1.7026,-16.126,-13.203,-0.96051,-21.219,-29.009,11.16,43.663,-6.4381,-56.393,45.732
1.6104,-16.117,-13.209,-0.94948,-21.193,-29.066,11.135,43.594,-6.4811,-56.517,45.861
1.5223,-16.11,-13.215,-0.93838,-21.169,-29.12,11.111,43.529,-6.522,-56.637,45.989
1.4376,-16.106,-13.223,-0.92729,-21.146,-29.173,11.09,43.468,-6.561,-56.755,46.114
1.3555,-16.103,-13.231,-0.91627,-21.124,-29.223,11.071,43.411,-6.5985,-56.87,46.238
1.2754,-16.102,-13.24,-0.90538,-21.103,-29.27,11.054,43.357,-6.6347,-56.984,46.36
