1.064,-14.872,-9.7312,4.0631,-41.905,-37.903,-4.4023,57.791,-16.999,-51.062,29.151
1.3456,-14.868,-9.7386,4.0745,-41.919,-37.891,-4.42,57.8,-16.91,-50.889,28.94
1.6479,-14.864,-9.7471,4.0869,-41.937,-37.877,-4.4401,57.816,-16.795,-50.649,28.652
1.9675,-14.861,-9.7566,4.1001,-41.961,-37.861,-4.4627,57.84,-16.653,-50.336,28.283
2.3011,-14.857,-9.767,4.1142,-41.99,-37.845,-4.4876,57.873,-16.481,-49.947,27.826
2.6453,-14.855,-9.7783,4.129,-42.025,-37.827,-4.5149,57.914,-16.279,-49.479,27.28
2.9964,-14.853,-9.7904,4.1444,-42.064,-37.808,-4.5443,57.966,-16.044,-48.932,26.643
3.3508,-14.852,-9.8032,4.1602,-42.11,-37.789,-4.5758,58.029,-15.776,-48.307,25.913
3.7046,-14.852,-9.8167,4.1764,-42.16,-37.77,-4.609,58.103,-15.472,-47.606,25.095
4.0538,-14.853,-9.8307,4.1927,-42.216,-37.75,-4.6437,58.189,-15.133,-46.835,24.19
4.3944,-14.856,-9.8451,4.209,-42.276,-37.731,-4.6796,58.287,-14.759,-46.001,23.206
4.7223,-14.86,-9.8598,4.2253,-42.339,-37.712,-4.7163,58.397,-14.35,-45.113,22.149
5.0337,-14.865,-9.8747,4.2412,-42.406,-37.695,-4.7534,58.518,-13.906,-44.183,21.03
5.3245,-14.872,-9.8897,4.2568,-42.476,-37.678,-4.7905,58.651,-13.429,-43.222,19.858
5.5911,-14.88,-9.9048,4.2719,-42.546,-37.663,-4.8272,58.795,-12.92,-42.245,18.646
5.8301,-14.89,-9.9196,4.2864,-42.617,-37.65,-4.8628,58.949,-12.382,-41.266,17.406
6.0382,-14.901,-9.9343,4.3002,-42.687,-37.639,-4.897,59.112,-11.818,-40.298,16.152
6.2126,-14.914,-9.9487,4.3133,-42.754,-37.63,-4.9291,59.283,-11.229,-39.356,14.895
6.351,-14.928,-9.9628,4.3256,-42.818,-37.623,-4.9586,59.46,-10.621,-38.452,13.647
6.4512,-14.944,-9.9765,4.337,-42.876,-37.618,-4.9849,59.641,-9.9959,-37.597,12.419
6.5118,-14.96,-9.9897,4.3477,-42.927,-37.616,-5.0074,59.825,-9.3593,-36.801,11.222
6.5318,-14.977,-10.002,4.3577,-42.97,-37.617,-5.0256,60.01,-8.7154,-36.071,10.062
6.5107,-14.994,-10.015,4.367,-43.002,-37.619,-5.0388,60.193,-8.0691,-35.412,8.9468
6.4486,-15.011,-10.026,4.3757,-43.023,-37.624,-5.0465,60.372,-7.4253,-34.826,7.882
6.3463,-15.028,-10.038,4.3839,-43.03,-37.631,-5.0482,60.545,-6.7892,-34.314,6.8713
6.205,-15.045,-10.048,4.3918,-43.022,-37.639,-5.0433,60.708,-6.1658,-33.874,5.9178
6.0267,-15.06,-10.059,4.3994,-42.998,-37.648,-5.0313,60.86,-5.5602,-33.505,5.0234
5.8138,-15.073,-10.068,4.407,-42.955,-37.659,-5.0118,60.998,-4.9771,-33.2,4.1893
5.5696,-15.085,-10.078,4.4147,-42.894,-37.669,-4.9843,61.12,-4.4211,-32.955,3.4163
5.2978,-15.093,-10.087,4.4226,-42.813,-37.679,-4.9487,61.222,-3.8966,-32.764,2.7043
5.0029,-15.099,-10.096,4.4309,-42.71,-37.689,-4.9045,61.303,-3.4072,-32.621,2.0531
4.6901,-15.101,-10.104,4.4398,-42.585,-37.697,-4.8516,61.361,-2.9565,-32.518,1.4621
4.3655,-15.099,-10.112,4.4493,-42.438,-37.703,-4.7899,61.394,-2.5473,-32.45,0.93042
4.0361,-15.093,-10.12,4.4597,-42.267,-37.706,-4.7195,61.401,-2.1818,-32.41,0.45691
3.7099,-15.081,-10.127,4.4709,-42.074,-37.706,-4.6403,61.379,-1.8618,-32.392,0.040239
3.3966,-15.064,-10.135,4.4831,-41.857,-37.701,-4.5527,61.328,-1.5884,-32.391,-0.32117
3.107,-15.042,-10.142,4.4964,-41.617,-37.692,-4.4569,61.247,-1.3622,-32.402,-0.6291
2.8535,-15.013,-10.148,4.5106,-41.355,-37.677,-4.3533,61.137,-1.1829,-32.421,-0.88557
2.6491,-14.977,-10.155,4.5259,-41.071,-37.657,-4.2425,60.996,-1.0498,-32.445,-1.0928
2.5058,-14.935,-10.161,4.5421,-40.767,-37.63,-4.1251,60.826,-0.96181,-32.469,-1.2532
2.4313,-14.886,-10.167,4.5593,-40.443,-37.597,-4.0019,60.626,-0.91696,-32.493,-1.3694
2.4262,-14.83,-10.173,4.5771,-40.1,-37.556,-3.8735,60.398,-0.91302,-32.514,-1.4444
2.4836,-14.767,-10.178,4.5956,-39.741,-37.508,-3.7409,60.144,-0.94725,-32.531,-1.481
2.5903,-14.697,-10.183,4.6145,-39.366,-37.452,-3.605,59.864,-1.0166,-32.543,-1.4825
2.7313,-14.619,-10.188,4.6336,-38.978,-37.388,-3.4667,59.56,-1.1176,-32.551,-1.4523
2.8922,-14.535,-10.193,4.6527,-38.578,-37.317,-3.327,59.234,-1.2467,-32.553,-1.3937
3.0609,-14.443,-10.197,4.6715,-38.169,-37.239,-3.1868,58.888,-1.4001,-32.552,-1.3103
3.228,-14.346,-10.201,4.6898,-37.752,-37.153,-3.047,58.524,-1.574,-32.547,-1.2055
3.3866,-14.242,-10.204,4.7072,-37.33,-37.06,-2.9086,58.144,-1.7645,-32.539,-1.0827
3.5316,-14.132,-10.207,4.7235,-36.904,-36.96,-2.7724,57.751,-1.9678,-32.53,-0.94536
3.6596,-14.016,-10.21,4.7383,-36.476,-36.854,-2.639,57.346,-2.1803,-32.521,-0.79662
3.7686,-13.896,-10.213,4.7514,-36.049,-36.743,-2.5092,56.932,-2.3984,-32.513,-0.63948
3.8575,-13.771,-10.215,4.7625,-35.623,-36.626,-2.3835,56.511,-2.6189,-32.508,-0.47668
3.9259,-13.643,-10.217,4.7712,-35.2,-36.505,-2.2624,56.084,-2.8388,-32.507,-0.31067
3.9742,-13.511,-10.219,4.7772,-34.783,-36.381,-2.1462,55.654,-3.0555,-32.512,-0.14359
4.0034,-13.376,-10.221,4.7803,-34.372,-36.252,-2.0353,55.221,-3.2666,-32.523,0.022778
4.0146,-13.24,-10.223,4.7803,-33.968,-36.121,-1.9297,54.788,-3.4701,-32.541,0.18699
4.0096,-13.102,-10.224,4.777,-33.572,-35.988,-1.8296,54.356,-3.6644,-32.569,0.34796
3.9901,-12.963,-10.226,4.77,-33.186,-35.854,-1.7349,53.925,-3.8481,-32.606,0.50491
3.958,-12.824,-10.227,4.7594,-32.81,-35.718,-1.6456,53.497,-4.0203,-32.653,0.65742
3.9155,-12.686,-10.228,4.7449,-32.443,-35.581,-1.5615,53.073,-4.1803,-32.711,0.80532
3.8646,-12.548,-10.23,4.7265,-32.088,-35.443,-1.4824,52.653,-4.3277,-32.78,0.94871
3.8071,-12.412,-10.231,4.7042,-31.743,-35.305,-1.4081,52.237,-4.4624,-32.861,1.0879
3.745,-12.278,-10.232,4.678,-31.409,-35.167,-1.3384,51.826,-4.5846,-32.953,1.2234
3.68,-12.146,-10.233,4.648,-31.086,-35.029,-1.2729,51.42,-4.6946,-33.056,1.3558
3.6134,-12.016,-10.235,4.6142,-30.773,-34.89,-1.2114,51.019,-4.7929,-33.169,1.4858
3.5468,-11.89,-10.236,4.5768,-30.471,-34.751,-1.1536,50.623,-4.88,-33.294,1.6143
3.4811,-11.767,-10.237,4.5359,-30.178,-34.612,-1.0993,50.231,-4.9568,-33.428,1.742
3.4173,-11.646,-10.238,4.4919,-29.895,-34.473,-1.0482,49.845,-5.024,-33.571,1.8697
3.3562,-11.53,-10.24,4.445,-29.621,-34.332,-1,49.462,-5.0825,-33.722,1.9981
3.2984,-11.416,-10.241,4.3954,-29.355,-34.191,-0.95462,49.084,-5.1332,-33.881,2.1281
3.2444,-11.306,-10.242,4.3435,-29.097,-34.048,-0.91181,48.709,-5.1769,-34.046,2.2602
3.1947,-11.199,-10.244,4.2896,-28.846,-33.904,-0.87143,48.338,-5.2145,-34.216,2.3949
3.1496,-11.094,-10.245,4.2341,-28.601,-33.759,-0.83333,47.97,-5.2466,-34.39,2.5326
3.1097,-10.993,-10.247,4.1774,-28.363,-33.612,-0.79741,47.605,-5.2741,-34.568,2.6738
3.0752,-10.894,-10.249,4.1197,-28.131,-33.464,-0.76357,47.242,-5.2976,-34.748,2.8186
3.0465,-10.796,-10.251,4.0615,-27.903,-33.313,-0.73174,46.882,-5.3175,-34.929,2.967
3.0238,-10.701,-10.253,4.0031,-27.681,-33.161,-0.70185,46.525,-5.3343,-35.109,3.1191
3.0073,-10.607,-10.256,3.9449,-27.462,-33.008,-0.67385,46.17,-5.3484,-35.29,3.2746
2.9969,-10.514,-10.259,3.887,-27.248,-32.853,-0.6477,45.818,-5.3601,-35.468,3.4334
2.9926,-10.422,-10.263,3.8298,-27.037,-32.697,-0.62335,45.469,-5.3693,-35.644,3.595
2.9939,-10.33,-10.268,3.7736,-26.829,-32.54,-0.60078,45.122,-5.3763,-35.817,3.7589
3.0003,-10.239,-10.273,3.7184,-26.625,-32.382,-0.57993,44.779,-5.3809,-35.986,3.9246
3.0108,-10.147,-10.279,3.6646,-26.424,-32.224,-0.56077,44.44,-5.383,-36.151,4.0915
3.0245,-10.055,-10.286,3.6121,-26.225,-32.066,-0.54324,44.105,-5.3826,-36.31,4.2587
3.0399,-9.9618,-10.295,3.5611,-26.03,-31.909,-0.52728,43.774,-5.3793,-36.465,4.4255
3.0558,-9.8681,-10.304,3.5117,-25.838,-31.753,-0.51281,43.449,-5.373,-36.613,4.591
3.0704,-9.7736,-10.314,3.4638,-25.649,-31.599,-0.49974,43.129,-5.3634,-36.756,4.7543
3.0823,-9.6782,-10.326,3.4174,-25.464,-31.447,-0.48798,42.816,-5.3502,-36.893,4.9146
3.0897,-9.582,-10.339,3.3724,-25.282,-31.298,-0.47741,42.509,-5.3333,-37.023,5.0709
3.0912,-9.4851,-10.353,3.3288,-25.104,-31.152,-0.46791,42.21,-5.3123,-37.146,5.2223
3.0852,-9.3875,-10.368,3.2865,-24.93,-31.009,-0.45934,41.919,-5.2873,-37.262,5.3678
3.0704,-9.2896,-10.384,3.2454,-24.76,-30.871,-0.45157,41.636,-5.2581,-37.37,5.5067
3.0456,-9.1915,-10.401,3.2053,-24.594,-30.738,-0.44445,41.362,-5.2247,-37.472,5.638
3.0099,-9.0936,-10.419,3.1662,-24.434,-30.609,-0.43785,41.097,-5.1871,-37.565,5.7611
2.9626,-8.9962,-10.438,3.1279,-24.279,-30.486,-0.43163,40.842,-5.1455,-37.651,5.8753
2.9031,-8.8998,-10.457,3.0903,-24.129,-30.368,-0.42566,40.597,-5.1002,-37.728,5.9801
2.8313,-8.8046,-10.476,3.0535,-23.985,-30.256,-0.41981,40.363,-5.0513,-37.796,6.075
2.7471,-8.7113,-10.496,3.0172,-23.847,-30.15,-0.414,40.138,-4.9993,-37.856,6.1596
2.6509,-8.6201,-10.516,2.9815,-23.715,-30.051,-0.40813,39.924,-4.9447,-37.906,6.2338
2.5432,-8.5315,-10.536,2.9463,-23.589,-29.958,-0.40214,39.72,-4.8878,-37.947,6.2975
2.425,-8.446,-10.556,2.9117,-23.469,-29.872,-0.39598,39.527,-4.8292,-37.979,6.3508
2.2972,-8.364,-10.575,2.8777,-23.357,-29.792,-0.38964,39.344,-4.7695,-38.001,6.3938
2.1613,-8.2858,-10.594,2.8443,-23.25,-29.719,-0.38311,39.171,-4.7093,-38.013,6.427
2.0188,-8.2119,-10.612,2.8116,-23.151,-29.653,-0.37641,39.008,-4.6492,-38.016,6.4508
1.8716,-8.1426,-10.629,2.7798,-23.057,-29.593,-0.36958,38.854,-4.5896,-38.01,6.4657
1.7216,-8.0781,-10.646,2.7488,-22.971,-29.539,-0.36268,38.71,-4.5312,-37.995,6.4726
1.5709,-8.0187,-10.661,2.719,-22.891,-29.491,-0.35577,38.575,-4.4745,-37.972,6.4723
1.422,-7.9646,-10.675,2.6903,-22.817,-29.45,-0.34892,38.45,-4.42,-37.941,6.4655
1.2772,-7.916,-10.688,2.663,-22.75,-29.414,-0.34224,38.332,-4.3681,-37.903,6.4534
1.1389,-7.8729,-10.701,2.6371,-22.689,-29.384,-0.3358,38.224,-4.3192,-37.859,6.4368
1.0095,-7.8354,-10.712,2.6128,-22.634,-29.359,-0.3297,38.124,-4.2736,-37.81,6.4168
0.8909,-7.8034,-10.722,2.5903,-22.585,-29.339,-0.32403,38.033,-4.2315,-37.757,6.3943
0.78489,-7.777,-10.731,2.5697,-22.542,-29.324,-0.31887,37.951,-4.1933,-37.7,6.3703
0.69243,-7.7561,-10.739,2.551,-22.504,-29.313,-0.31432,37.877,-4.159,-37.64,6.3456
0.61374,-7.7404,-10.746,2.5344,-22.472,-29.306,-0.31045,37.813,-4.1287,-37.58,6.3211
0.5484,-7.73,-10.752,2.5199,-22.445,-29.302,-0.30732,37.759,-4.1024,-37.518,6.2974
0.49607,-7.7244,-10.758,2.5075,-22.425,-29.301,-0.305,37.715,-4.0801,-37.457,6.2751
0.45784,-7.7236,-10.763,2.4973,-22.409,-29.302,-0.30356,37.683,-4.0618,-37.396,6.2546
0.43819,-7.7273,-10.767,2.4893,-22.399,-29.305,-0.30303,37.664,-4.0473,-37.337,6.236
0.44587,-7.7351,-10.771,2.4834,-22.395,-29.308,-0.30347,37.657,-4.0364,-37.279,6.2197
0.49147,-7.7469,-10.774,2.4795,-22.396,-29.313,-0.30491,37.666,-4.029,-37.224,6.2054
0.58203,-7.7623,-10.777,2.4775,-22.404,-29.316,-0.3074,37.69,-4.0246,-37.17,6.1929
0.71883,-7.7811,-10.779,2.4773,-22.417,-29.319,-0.31099,37.731,-4.023,-37.118,6.1819
0.89999,-7.8028,-10.781,2.4786,-22.437,-29.32,-0.3157,37.792,-4.0238,-37.068,6.1717
1.1232,-7.8271,-10.782,2.4814,-22.462,-29.317,-0.32159,37.873,-4.0264,-37.019,6.1618
1.3867,-7.8539,-10.782,2.4853,-22.495,-29.311,-0.32871,37.976,-4.0304,-36.971,6.1512
1.6892,-7.8826,-10.782,2.4902,-22.534,-29.3,-0.3371,38.102,-4.0352,-36.922,6.1392
2.0295,-7.9131,-10.781,2.4957,-22.581,-29.284,-0.34684,38.253,-4.0399,-36.872,6.1245
2.4066,-7.945,-10.779,2.5015,-22.634,-29.26,-0.358,38.431,-4.0438,-36.82,6.1063
2.8192,-7.9779,-10.776,2.5074,-22.695,-29.228,-0.37063,38.636,-4.046,-36.764,6.0832
3.2657,-8.0116,-10.773,2.5131,-22.762,-29.188,-0.38484,38.87,-4.0454,-36.704,6.0541
3.7443,-8.0456,-10.768,2.5182,-22.837,-29.136,-0.4007,39.135,-4.0408,-36.638,6.0178
4.253,-8.0798,-10.761,2.5225,-22.919,-29.074,-0.41831,39.431,-4.0311,-36.565,5.9731
4.7894,-8.1137,-10.754,2.5255,-23.008,-28.998,-0.43776,39.758,-4.0148,-36.483,5.9189
5.3509,-8.1469,-10.745,2.527,-23.104,-28.909,-0.45915,40.118,-3.9904,-36.392,5.854
5.9345,-8.1792,-10.734,2.5267,-23.205,-28.805,-0.48258,40.511,-3.9562,-36.29,5.7774
6.537,-8.2102,-10.722,2.5243,-23.313,-28.685,-0.50814,40.938,-3.9106,-36.177,5.6881
7.1552,-8.2395,-10.708,2.5195,-23.425,-28.547,-0.53593,41.397,-3.8517,-36.051,5.5852
7.7855,-8.2667,-10.692,2.512,-23.542,-28.392,-0.56604,41.891,-3.7778,-35.911,5.468
8.4242,-8.2915,-10.674,2.5015,-23.663,-28.217,-0.59857,42.417,-3.6868,-35.757,5.3358
9.0675,-8.3134,-10.655,2.4879,-23.786,-28.023,-0.63358,42.976,-3.5768,-35.588,5.1881
9.7116,-8.3321,-10.633,2.4709,-23.912,-27.809,-0.67118,43.567,-3.4461,-35.405,5.0244
10.353,-8.3471,-10.61,2.4503,-24.037,-27.573,-0.71145,44.189,-3.2928,-35.205,4.8446
10.987,-8.3581,-10.584,2.4259,-24.163,-27.317,-0.75447,44.842,-3.1152,-34.991,4.6485
11.611,-8.3648,-10.556,2.3976,-24.288,-27.039,-0.80034,45.525,-2.9118,-34.761,4.436
12.22,-8.3666,-10.527,2.3651,-24.41,-26.739,-0.84913,46.237,-2.6812,-34.515,4.2074
12.812,-8.3634,-10.495,2.3285,-24.528,-26.417,-0.90096,46.976,-2.4224,-34.255,3.9629
13.382,-8.3549,-10.462,2.2875,-24.642,-26.074,-0.95592,47.742,-2.1344,-33.981,3.7029
13.929,-8.3407,-10.426,2.2421,-24.751,-25.71,-1.0141,48.533,-1.8169,-33.693,3.428
14.449,-8.3206,-10.389,2.1923,-24.853,-25.325,-1.0756,49.347,-1.4696,-33.392,3.1389
14.939,-8.2946,-10.35,2.1379,-24.948,-24.919,-1.1405,50.183,-1.0928,-33.08,2.8363
15.398,-8.2624,-10.309,2.079,-25.035,-24.495,-1.2089,51.04,-0.68715,-32.757,2.5212
15.824,-8.224,-10.266,2.0154,-25.114,-24.052,-1.2809,51.916,-0.25362,-32.424,2.1945
16.215,-8.1794,-10.221,1.9473,-25.183,-23.591,-1.3564,52.809,0.20635,-32.083,1.8573
16.57,-8.1288,-10.174,1.8745,-25.243,-23.113,-1.4355,53.717,0.69096,-31.735,1.5109
16.889,-8.0721,-10.125,1.797,-25.294,-22.62,-1.518,54.638,1.198,-31.381,1.1563
17.171,-8.0098,-10.074,1.715,-25.335,-22.113,-1.6038,55.571,1.7251,-31.023,0.79496
17.416,-7.942,-10.021,1.6284,-25.366,-21.593,-1.6928,56.512,2.2694,-30.662,0.42809
17.625,-7.869,-9.9654,1.5372,-25.388,-21.061,-1.7846,57.461,2.8279,-30.299,0.057033
17.799,-7.7914,-9.9074,1.4414,-25.401,-20.519,-1.8789,58.416,3.3976,-29.936,-0.31689
17.938,-7.7095,-9.8468,1.3412,-25.405,-19.968,-1.9753,59.373,3.9751,-29.574,-0.69235
18.044,-7.6238,-9.7835,1.2365,-25.4,-19.409,-2.0731,60.331,4.5573,-29.214,-1.068
18.118,-7.535,-9.7173,1.1274,-25.388,-18.845,-2.1718,61.289,5.1409,-28.858,-1.4427
18.164,-7.4435,-9.6481,1.0139,-25.369,-18.276,-2.2707,62.244,5.7229,-28.506,-1.815
18.182,-7.35,-9.5758,0.89617,-25.344,-17.704,-2.3689,63.194,6.3002,-28.16,-2.1839
18.175,-7.255,-9.5002,0.77425,-25.313,-17.13,-2.4656,64.138,6.8702,-27.82,-2.5482
18.145,-7.1593,-9.4211,0.64823,-25.278,-16.556,-2.5599,65.075,7.4301,-27.488,-2.9068
18.095,-7.0634,-9.3385,0.51822,-25.238,-15.982,-2.6508,66.003,7.9778,-27.163,-3.2586
18.028,-6.9679,-9.2522,0.38433,-25.195,-15.411,-2.7372,66.921,8.5113,-26.847,-3.6028
17.945,-6.8734,-9.1623,0.24671,-25.15,-14.843,-2.8183,67.828,9.0286,-26.54,-3.9384
17.849,-6.7805,-9.0686,0.10549,-25.104,-14.28,-2.893,68.724,9.5284,-26.243,-4.2647
17.742,-6.6896,-8.971,-0.039172,-25.056,-13.722,-2.9602,69.607,10.009,-25.956,-4.5809
17.626,-6.6014,-8.8697,-0.18709,-25.009,-13.171,-3.0192,70.478,10.471,-25.678,-4.8862
17.503,-6.516,-8.7645,-0.33808,-24.962,-12.628,-3.0689,71.335,10.911,-25.411,-5.1801
17.375,-6.4341,-8.6556,-0.49193,-24.916,-12.092,-3.1085,72.18,11.331,-25.155,-5.462
17.242,-6.3558,-8.5431,-0.64841,-24.872,-11.567,-3.1374,73.011,11.729,-24.909,-5.7315
17.105,-6.2814,-8.427,-0.80731,-24.829,-11.051,-3.1549,73.829,12.106,-24.673,-5.988
16.966,-6.2112,-8.3075,-0.96835,-24.79,-10.546,-3.1604,74.634,12.461,-24.448,-6.2311
16.825,-6.1453,-8.1847,-1.1313,-24.754,-10.051,-3.1536,75.426,12.794,-24.233,-6.4607
16.682,-6.0837,-8.0588,-1.2958,-24.721,-9.5688,-3.1341,76.204,13.106,-24.028,-6.6762
16.537,-6.0265,-7.9301,-1.4617,-24.691,-9.0983,-3.1018,76.97,13.398,-23.833,-6.8775
16.39,-5.9736,-7.7988,-1.6286,-24.665,-8.64,-3.0566,77.723,13.668,-23.647,-7.0645
16.24,-5.925,-7.6651,-1.7963,-24.643,-8.1943,-2.9986,78.463,13.919,-23.471,-7.2369
16.087,-5.8805,-7.5292,-1.9643,-24.626,-7.7612,-2.928,79.19,14.15,-23.303,-7.3946
15.93,-5.8401,-7.3916,-2.1324,-24.612,-7.3409,-2.8452,79.905,14.363,-23.145,-7.5375
15.768,-5.8034,-7.2524,-2.3003,-24.603,-6.9334,-2.7504,80.607,14.558,-22.994,-7.6658
15.601,-5.7702,-7.112,-2.4676,-24.597,-6.5386,-2.6444,81.296,14.735,-22.853,-7.7793
15.428,-5.7404,-6.9706,-2.634,-24.596,-6.1564,-2.5277,81.973,14.896,-22.719,-7.8782
15.247,-5.7136,-6.8286,-2.7992,-24.599,-5.7867,-2.4009,82.636,15.042,-22.593,-7.9627
15.059,-5.6896,-6.6863,-2.9628,-24.605,-5.4291,-2.265,83.286,15.172,-22.475,-8.0328
14.862,-5.6681,-6.544,-3.1247,-24.616,-5.0835,-2.1206,83.923,15.289,-22.364,-8.089
14.656,-5.6489,-6.402,-3.2843,-24.63,-4.7496,-1.9686,84.545,15.393,-22.261,-8.1314
14.441,-5.6317,-6.2605,-3.4415,-24.647,-4.427,-1.81,85.154,15.485,-22.166,-8.1604
14.216,-5.6163,-6.1198,-3.5961,-24.668,-4.1153,-1.6455,85.749,15.565,-22.078,-8.1765
13.981,-5.6024,-5.9803,-3.7477,-24.692,-3.8142,-1.4762,86.33,15.636,-21.998,-8.1801
13.736,-5.5899,-5.842,-3.896,-24.719,-3.5233,-1.3027,86.895,15.697,-21.925,-8.1717
13.481,-5.5786,-5.7053,-4.041,-24.749,-3.2422,-1.126,87.445,15.749,-21.859,-8.152
13.216,-5.5684,-5.5703,-4.1824,-24.781,-2.9704,-0.94686,87.98,15.794,-21.801,-8.1215
12.941,-5.5591,-5.4373,-4.3201,-24.816,-2.7077,-0.76605,88.5,15.831,-21.75,-8.081
12.656,-5.5505,-5.3064,-4.4538,-24.854,-2.4536,-0.58426,89.003,15.863,-21.706,-8.031
12.362,-5.5428,-5.1778,-4.5835,-24.894,-2.2078,-0.40215,89.49,15.889,-21.67,-7.9725
12.06,-5.5356,-5.0516,-4.7091,-24.936,-1.97,-0.22033,89.961,15.911,-21.641,-7.9062
11.75,-5.5291,-4.9278,-4.8304,-24.98,-1.7397,-0.039317,90.415,15.929,-21.619,-7.833
11.433,-5.5232,-4.8067,-4.9475,-25.025,-1.5169,0.14039,90.853,15.943,-21.603,-7.7535
11.109,-5.5179,-4.6883,-5.0603,-25.073,-1.3012,0.31835,91.274,15.954,-21.595,-7.6689
10.779,-5.5132,-4.5726,-5.1688,-25.122,-1.0924,0.4942,91.678,15.963,-21.592,-7.5798
10.444,-5.509,-4.4597,-5.273,-25.173,-0.89039,0.6676,92.066,15.97,-21.597,-7.4871
10.105,-5.5055,-4.3496,-5.373,-25.226,-0.69506,0.83825,92.436,15.975,-21.607,-7.3917
9.7625,-5.5026,-4.2424,-5.4688,-25.279,-0.50631,1.0059,92.79,15.978,-21.622,-7.2944
9.4176,-5.5003,-4.1379,-5.5605,-25.334,-0.32409,1.1704,93.127,15.981,-21.643,-7.196
9.0711,-5.4987,-4.0361,-5.6482,-25.39,-0.14839,1.3314,93.447,15.983,-21.669,-7.0972
8.7239,-5.4978,-3.9371,-5.7319,-25.447,0.020789,1.4888,93.752,15.984,-21.699,-6.9988
8.3769,-5.4976,-3.8408,-5.8119,-25.505,0.18341,1.6425,94.04,15.984,-21.733,-6.9014
8.031,-5.4982,-3.747,-5.8882,-25.564,0.33941,1.7922,94.312,15.984,-21.771,-6.8057
7.6872,-5.4994,-3.6557,-5.961,-25.624,0.48875,1.9379,94.569,15.983,-21.812,-6.7121
7.3462,-5.5014,-3.5668,-6.0304,-25.685,0.63135,2.0794,94.81,15.981,-21.855,-6.6212
7.0092,-5.5042,-3.4802,-6.0965,-25.746,0.76715,2.2165,95.037,15.979,-21.901,-6.5334
6.6769,-5.5077,-3.3958,-6.1595,-25.807,0.89611,2.3491,95.249,15.976,-21.948,-6.4491
6.3504,-5.5119,-3.3136,-6.2195,-25.869,1.0182,2.477,95.447,15.973,-21.996,-6.3686
6.0305,-5.5168,-3.2333,-6.2766,-25.931,1.1334,2.6002,95.633,15.969,-22.045,-6.292
5.7181,-5.5224,-3.1549,-6.3309,-25.993,1.2417,2.7183,95.805,15.963,-22.095,-6.2196
5.4143,-5.5287,-3.0782,-6.3825,-26.055,1.3432,2.8313,95.965,15.957,-22.144,-6.1514
5.12,-5.5356,-3.0033,-6.4316,-26.117,1.438,2.9392,96.113,15.95,-22.194,-6.0873
4.8362,-5.543,-2.93,-6.4781,-26.179,1.5261,3.0416,96.25,15.941,-22.243,-6.0273
4.5638,-5.551,-2.8582,-6.5221,-26.24,1.6078,3.1386,96.376,15.932,-22.291,-5.9713
4.3038,-5.5595,-2.7878,-6.5638,-26.301,1.6833,3.2302,96.492,15.921,-22.339,-5.9189
4.0572,-5.5684,-2.7188,-6.6032,-26.361,1.7528,3.3163,96.599,15.909,-22.386,-5.8698
3.8251,-5.5777,-2.6511,-6.6403,-26.421,1.8166,3.3969,96.697,15.895,-22.432,-5.8236
3.6084,-5.5872,-2.5846,-6.6752,-26.48,1.875,3.4723,96.786,15.88,-22.478,-5.7798
3.4081,-5.5969,-2.5192,-6.7079,-26.539,1.9284,3.5424,96.867,15.864,-22.523,-5.7379
3.2252,-5.6066,-2.4548,-6.7385,-26.596,1.9773,3.6075,96.941,15.846,-22.569,-5.6972
3.0606,-5.6164,-2.3913,-6.7671,-26.653,2.022,3.668,97.007,15.826,-22.615,-5.6569
2.9151,-5.6261,-2.3287,-6.7938,-26.709,2.0631,3.7241,97.067,15.804,-22.661,-5.6163
2.7896,-5.6356,-2.2668,-6.8185,-26.765,2.1009,3.7762,97.12,15.78,-22.709,-5.5745
2.6846,-5.6447,-2.2055,-6.8415,-26.819,2.1361,3.8249,97.166,15.754,-22.758,-5.5307
2.6009,-5.6534,-2.1445,-6.8629,-26.873,2.1691,3.8707,97.207,15.725,-22.81,-5.4838
2.5387,-5.6614,-2.0838,-6.8828,-26.927,2.2006,3.914,97.242,15.693,-22.864,-5.4328
2.4983,-5.6687,-2.0231,-6.9014,-26.98,2.2309,3.9557,97.272,15.657,-22.922,-5.3767
2.4798,-5.6752,-1.9622,-6.9189,-27.033,2.2607,3.9961,97.295,15.617,-22.983,-5.3144
2.4831,-5.6806,-1.9007,-6.9355,-27.085,2.2904,4.0362,97.314,15.573,-23.048,-5.2447
2.5079,-5.6849,-1.8385,-6.9515,-27.137,2.3207,4.0765,97.326,15.524,-23.118,-5.1665
2.5539,-5.6878,-1.7752,-6.9672,-27.189,2.352,4.1177,97.333,15.469,-23.193,-5.0787
2.6204,-5.6893,-1.7105,-6.9828,-27.242,2.3848,4.1605,97.335,15.408,-23.273,-4.9802
2.7068,-5.6891,-1.6439,-6.9988,-27.294,2.4195,4.2056,97.33,15.339,-23.359,-4.8699
2.8123,-5.6872,-1.5752,-7.0154,-27.347,2.4567,4.2536,97.32,15.263,-23.45,-4.7467
2.9358,-5.6833,-1.5039,-7.0331,-27.4,2.4967,4.3051,97.303,15.178,-23.548,-4.6098
3.0763,-5.6774,-1.4297,-7.0522,-27.453,2.54,4.3605,97.281,15.084,-23.652,-4.458
3.2326,-5.6692,-1.3522,-7.0731,-27.508,2.5868,4.4205,97.252,14.981,-23.763,-4.2908
3.4033,-5.6587,-1.2709,-7.0963,-27.563,2.6376,4.4854,97.217,14.866,-23.88,-4.1074
3.5868,-5.6456,-1.1856,-7.1222,-27.618,2.6927,4.5555,97.175,14.741,-24.003,-3.9071
3.7816,-5.63,-1.096,-7.151,-27.675,2.7522,4.631,97.126,14.605,-24.134,-3.6897
3.9859,-5.6116,-1.0016,-7.1834,-27.732,2.8166,4.7122,97.07,14.456,-24.271,-3.4548
4.1978,-5.5902,-0.90221,-7.2196,-27.79,2.8859,4.7991,97.008,14.295,-24.414,-3.2024
4.4155,-5.5659,-0.79765,-7.26,-27.85,2.9604,4.8916,96.939,14.121,-24.565,-2.9325
4.6369,-5.5385,-0.68772,-7.3049,-27.91,3.0402,4.9897,96.863,13.935,-24.721,-2.6453
4.86,-5.5079,-0.57227,-7.3548,-27.971,3.1255,5.0931,96.781,13.736,-24.884,-2.3415
5.083,-5.474,-0.45122,-7.4097,-28.034,3.2163,5.2017,96.692,13.524,-25.054,-2.0215
5.3036,-5.4367,-0.32454,-7.4701,-28.098,3.3126,5.3149,96.596,13.299,-25.229,-1.6863
5.52,-5.396,-0.19226,-7.5361,-28.162,3.4146,5.4325,96.495,13.063,-25.41,-1.3369
5.7304,-5.3518,-0.054434,-7.6078,-28.228,3.5222,5.5539,96.388,12.814,-25.597,-0.97442
5.9329,-5.3041,0.088796,-7.6854,-28.296,3.6353,5.6786,96.276,12.554,-25.79,-0.60024
6.126,-5.2529,0.23726,-7.7688,-28.365,3.7539,5.8062,96.159,12.284,-25.987,-0.21583
6.3079,-5.1982,0.39073,-7.8583,-28.435,3.878,5.9361,96.038,12.004,-26.19,0.1772
6.4775,-5.14,0.54894,-7.9535,-28.506,4.0072,6.0676,95.913,11.715,-26.397,0.57717
6.6335,-5.0785,0.7116,-8.0546,-28.58,4.1416,6.2004,95.784,11.418,-26.608,0.98232
6.7749,-5.0136,0.87835,-8.1613,-28.655,4.2808,6.3337,95.653,11.115,-26.822,1.3909
6.9008,-4.9456,1.0488,-8.2734,-28.731,4.4246,6.4672,95.52,10.806,-27.04,1.8009
7.0106,-4.8745,1.2227,-8.3907,-28.81,4.5729,6.6005,95.386,10.492,-27.26,2.2107
7.104,-4.8006,1.3994,-8.5129,-28.89,4.7252,6.7329,95.251,10.175,-27.482,2.6185
7.1805,-4.724,1.5787,-8.6396,-28.972,4.8812,6.8643,95.117,9.8557,-27.705,3.0225
7.2402,-4.645,1.76,-8.7706,-29.057,5.0407,6.9943,94.983,9.5358,-27.929,3.4211
7.2831,-4.5638,1.943,-8.9053,-29.143,5.2032,7.1226,94.85,9.2163,-28.153,3.8128
7.3096,-4.4807,2.1272,-9.0435,-29.231,5.3684,7.2491,94.719,8.8982,-28.376,4.1962
7.32,-4.3961,2.3122,-9.1846,-29.322,5.5358,7.3736,94.592,8.5829,-28.596,4.5699
7.315,-4.3102,2.4975,-9.3283,-29.414,5.7051,7.496,94.467,8.2712,-28.815,4.9329
7.2952,-4.2234,2.6829,-9.4741,-29.509,5.8757,7.6164,94.346,7.9643,-29.03,5.2842
7.2614,-4.136,2.8679,-9.6215,-29.606,6.0474,7.7346,94.23,7.6629,-29.241,5.6231
7.2145,-4.0484,3.0521,-9.7702,-29.705,6.2196,7.8509,94.118,7.368,-29.446,5.9489
7.1554,-3.9609,3.2352,-9.9196,-29.806,6.3919,7.9652,94.011,7.0801,-29.646,6.2612
7.085,-3.8739,3.417,-10.069,-29.909,6.5639,8.0778,93.91,6.8,-29.84,6.5597
7.0045,-3.7878,3.597,-10.219,-30.014,6.7353,8.1888,93.814,6.5281,-30.026,6.8443
6.9146,-3.7028,3.7751,-10.369,-30.122,6.9056,8.2983,93.724,6.2647,-30.204,7.115
6.8166,-3.6192,3.951,-10.517,-30.231,7.0745,8.4065,93.64,6.0102,-30.373,7.3719
6.7112,-3.5373,4.1245,-10.665,-30.342,7.2416,8.5136,93.562,5.7647,-30.533,7.6153
6.5994,-3.4575,4.2954,-10.811,-30.455,7.4066,8.6197,93.49,5.5283,-30.684,7.8455
6.4821,-3.3798,4.4635,-10.956,-30.57,7.5693,8.7251,93.424,5.3008,-30.824,8.0629
6.3601,-3.3046,4.6287,-11.098,-30.686,7.7293,8.8298,93.364,5.0822,-30.954,8.268
6.2341,-3.2319,4.7908,-11.239,-30.804,7.8864,8.934,93.309,4.8723,-31.073,8.4613
6.1047,-3.162,4.9496,-11.377,-30.923,8.0403,9.0377,93.26,4.6708,-31.18,8.6435
5.9726,-3.0948,5.1052,-11.513,-31.044,8.191,9.141,93.215,4.4774,-31.277,8.8149
5.8383,-3.0306,5.2574,-11.647,-31.165,8.3381,9.244,93.175,4.2916,-31.363,8.9763
5.7022,-2.9693,5.4061,-11.778,-31.288,8.4816,9.3466,93.139,4.1131,-31.437,9.1282
5.5648,-2.9109,5.5513,-11.906,-31.411,8.6212,9.4488,93.107,3.9414,-31.5,9.2711
5.4262,-2.8554,5.6929,-12.032,-31.534,8.7569,9.5506,93.079,3.7761,-31.552,9.4056
5.2869,-2.8029,5.8309,-12.154,-31.658,8.8884,9.6518,93.053,3.6167,-31.594,9.5323
5.1469,-2.7532,5.9653,-12.275,-31.782,9.0157,9.7525,93.03,3.4629,-31.625,9.6514
5.0066,-2.7063,6.096,-12.392,-31.905,9.1385,9.8523,93.009,3.3143,-31.646,9.7636
4.866,-2.6621,6.2231,-12.507,-32.027,9.2569,9.9512,92.989,3.1704,-31.658,9.8693
4.7253,-2.6206,6.3467,-12.618,-32.149,9.3705,10.049,92.971,3.0309,-31.661,9.9686
4.5845,-2.5816,6.4666,-12.728,-32.269,9.4792,10.146,92.953,2.8956,-31.656,10.062
4.4438,-2.545,6.583,-12.834,-32.387,9.5829,10.241,92.936,2.7642,-31.643,10.15
4.303,-2.5108,6.6959,-12.938,-32.503,9.6815,10.334,92.92,2.6364,-31.624,10.232
4.1625,-2.4789,6.8054,-13.04,-32.617,9.7746,10.426,92.903,2.5122,-31.598,10.309
4.022,-2.4491,6.9116,-13.138,-32.727,9.8621,10.516,92.886,2.3914,-31.568,10.381
3.8818,-2.4214,7.0144,-13.235,-32.834,9.9439,10.603,92.868,2.2739,-31.533,10.448
3.7417,-2.3956,7.114,-13.328,-32.937,10.02,10.689,92.85,2.1598,-31.495,10.51
3.602,-2.3718,7.2104,-13.419,-33.036,10.09,10.772,92.831,2.049,-31.454,10.567
3.4625,-2.3498,7.3037,-13.507,-33.131,10.153,10.852,92.812,1.9415,-31.411,10.619
3.3234,-2.3295,7.3939,-13.593,-33.221,10.211,10.93,92.792,1.8375,-31.368,10.667
3.1848,-2.311,7.4812,-13.675,-33.306,10.262,11.004,92.771,1.7371,-31.324,10.71
3.0467,-2.294,7.5654,-13.755,-33.385,10.307,11.076,92.749,1.6404,-31.281,10.747
2.9091,-2.2786,7.6467,-13.831,-33.459,10.345,11.145,92.727,1.5474,-31.239,10.781
2.7723,-2.2648,7.725,-13.905,-33.527,10.377,11.211,92.705,1.4585,-31.199,10.81
2.6364,-2.2523,7.8004,-13.975,-33.59,10.403,11.274,92.682,1.3736,-31.162,10.834
2.5015,-2.2413,7.8727,-14.042,-33.647,10.423,11.333,92.66,1.293,-31.129,10.854
2.3678,-2.2316,7.9421,-14.105,-33.699,10.437,11.389,92.638,1.2168,-31.099,10.87
2.2355,-2.2232,8.0083,-14.164,-33.744,10.446,11.442,92.616,1.1452,-31.073,10.881
2.1048,-2.2161,8.0715,-14.22,-33.785,10.45,11.492,92.594,1.0781,-31.051,10.889
1.9761,-2.2101,8.1314,-14.271,-33.82,10.449,11.538,92.574,1.0157,-31.035,10.894
1.8496,-2.2053,8.188,-14.318,-33.85,10.445,11.582,92.554,0.95814,-31.023,10.895
1.7256,-2.2016,8.2413,-14.361,-33.875,10.436,11.621,92.536,0.90533,-31.016,10.893
1.6044,-2.1989,8.2912,-14.399,-33.896,10.424,11.658,92.519,0.85732,-31.015,10.888
1.4864,-2.1971,8.3375,-14.432,-33.913,10.41,11.691,92.504,0.81409,-31.018,10.881
1.372,-2.1963,8.3803,-14.461,-33.927,10.394,11.721,92.49,0.77557,-31.026,10.872
1.2614,-2.1964,8.4194,-14.484,-33.937,10.377,11.747,92.478,0.74169,-31.038,10.861
1.1551,-2.1973,8.4549,-14.503,-33.944,10.359,11.771,92.468,0.71235,-31.055,10.848
1.0535,-2.1988,8.4867,-14.517,-33.949,10.34,11.792,92.459,0.68742,-31.076,10.835
0.95697,-2.2011,8.5149,-14.527,-33.953,10.322,11.809,92.453,0.66675,-31.1,10.82
0.8658,-2.2039,8.5395,-14.532,-33.954,10.305,11.825,92.448,0.65017,-31.127,10.806
0.78039,-2.2072,8.5605,-14.532,-33.955,10.289,11.837,92.446,0.63753,-31.156,10.791
0.70108,-2.211,8.578,-14.528,-33.956,10.275,11.848,92.445,0.62861,-31.188,10.777
0.62818,-2.2152,8.5921,-14.52,-33.956,10.263,11.857,92.447,0.62324,-31.22,10.763
0.56196,-2.2196,8.603,-14.508,-33.956,10.254,11.864,92.449,0.62121,-31.254,10.75
0.50264,-2.2243,8.6108,-14.493,-33.957,10.247,11.87,92.454,0.62232,-31.288,10.738
0.45036,-2.2292,8.6157,-14.474,-33.959,10.243,11.874,92.46,0.62636,-31.321,10.727
0.40513,-2.2342,8.618,-14.453,-33.962,10.243,11.878,92.467,0.63314,-31.354,10.718
0.36681,-2.2392,8.6177,-14.43,-33.967,10.245,11.882,92.476,0.64243,-31.385,10.71
0.33507,-2.2442,8.6151,-14.405,-33.973,10.251,11.885,92.485,0.65405,-31.414,10.704
0.30934,-2.2492,8.6105,-14.379,-33.981,10.26,11.888,92.495,0.66778,-31.44,10.7
0.28886,-2.2541,8.6041,-14.352,-33.991,10.272,11.892,92.506,0.6834,-31.464,10.698
0.27275,-2.2588,8.596,-14.324,-34.003,10.286,11.897,92.517,0.70072,-31.484,10.698
0.26007,-2.2633,8.5865,-14.297,-34.017,10.303,11.902,92.529,0.71951,-31.501,10.7
0.24997,-2.2677,8.5759,-14.27,-34.033,10.323,11.909,92.541,0.73955,-31.514,10.704
0.24175,-2.2718,8.5641,-14.243,-34.05,10.344,11.916,92.553,0.76063,-31.522,10.71
0.23497,-2.2756,8.5515,-14.218,-34.069,10.367,11.925,92.564,0.78254,-31.527,10.717
0.22941,-2.2792,8.538,-14.194,-34.089,10.391,11.934,92.575,0.80504,-31.527,10.725
0.22515,-2.2825,8.5239,-14.172,-34.11,10.416,11.945,92.586,0.82794,-31.522,10.735
0.22254,-2.2854,8.5092,-14.152,-34.131,10.442,11.957,92.596,0.85102,-31.513,10.745
0.22211,-2.2881,8.494,-14.134,-34.153,10.468,11.969,92.606,0.87411,-31.5,10.756
0.22461,-2.2904,8.4782,-14.118,-34.175,10.494,11.982,92.615,0.89702,-31.483,10.768
0.23084,-2.2923,8.4619,-14.104,-34.197,10.519,11.995,92.623,0.91962,-31.461,10.778
0.2416,-2.294,8.4451,-14.093,-34.217,10.543,12.008,92.631,0.94177,-31.436,10.788
0.25757,-2.2953,8.4277,-14.084,-34.237,10.567,12.02,92.638,0.96338,-31.407,10.797
0.27924,-2.2963,8.4096,-14.077,-34.255,10.588,12.032,92.643,0.98441,-31.375,10.804
0.30696,-2.2971,8.391,-14.072,-34.271,10.609,12.043,92.649,1.0048,-31.34,10.809
0.34096,-2.2976,8.3716,-14.069,-34.285,10.627,12.052,92.653,1.0247,-31.302,10.811
0.3814,-2.2979,8.3513,-14.068,-34.297,10.643,12.059,92.657,1.044,-31.262,10.81
0.42845,-2.298,8.3302,-14.068,-34.306,10.656,12.065,92.66,1.0629,-31.22,10.804
0.48233,-2.298,8.3081,-14.07,-34.312,10.667,12.067,92.663,1.0816,-31.177,10.794
0.54328,-2.298,8.2849,-14.073,-34.315,10.674,12.067,92.665,1.1004,-31.133,10.779
0.61158,-2.298,8.2605,-14.077,-34.314,10.679,12.064,92.667,1.1194,-31.088,10.758
0.68755,-2.2981,8.2349,-14.081,-34.31,10.68,12.058,92.669,1.139,-31.042,10.731
0.77152,-2.2985,8.2078,-14.086,-34.303,10.678,12.049,92.671,1.1596,-30.997,10.698
0.8638,-2.2991,8.1792,-14.091,-34.292,10.673,12.037,92.673,1.1816,-30.951,10.657
0.96472,-2.3003,8.149,-14.096,-34.278,10.663,12.021,92.676,1.2054,-30.906,10.608
1.0746,-2.3019,8.117,-14.101,-34.26,10.65,12.003,92.679,1.2316,-30.861,10.551
1.1936,-2.3043,8.083,-14.105,-34.239,10.633,11.982,92.683,1.2607,-30.817,10.486
1.322,-2.3075,8.0469,-14.107,-34.215,10.612,11.957,92.687,1.2933,-30.773,10.411
1.4599,-2.3117,8.0085,-14.109,-34.188,10.587,11.931,92.693,1.3299,-30.729,10.327
1.6075,-2.317,7.9675,-14.109,-34.158,10.557,11.902,92.7,1.3712,-30.686,10.234
1.7648,-2.3236,7.9237,-14.107,-34.125,10.524,11.871,92.708,1.4178,-30.642,10.131
1.9317,-2.3317,7.8769,-14.104,-34.09,10.485,11.838,92.718,1.4704,-30.598,10.018
2.1082,-2.3414,7.8268,-14.097,-34.053,10.443,11.804,92.729,1.5295,-30.553,9.8942
2.2942,-2.3529,7.7731,-14.088,-34.014,10.396,11.768,92.743,1.5957,-30.506,9.7607
2.4893,-2.3664,7.7155,-14.076,-33.973,10.345,11.732,92.759,1.6698,-30.457,9.6168
2.6934,-2.382,7.6536,-14.061,-33.93,10.289,11.695,92.776,1.7522,-30.406,9.4626
2.906,-2.4,7.5872,-14.042,-33.885,10.228,11.657,92.797,1.8435,-30.35,9.2981
3.1267,-2.4205,7.5158,-14.02,-33.839,10.164,11.619,92.82,1.9443,-30.29,9.1234
3.355,-2.4436,7.4392,-13.993,-33.792,10.094,11.58,92.846,2.055,-30.224,8.9386
3.5903,-2.4696,7.3569,-13.962,-33.743,10.02,11.541,92.874,2.1761,-30.152,8.7437
3.832,-2.4987,7.2686,-13.926,-33.692,9.9416,11.501,92.906,2.3079,-30.073,8.539
4.0793,-2.5309,7.1741,-13.886,-33.641,9.8583,11.46,92.941,2.4508,-29.985,8.3245
4.3315,-2.5664,7.0729,-13.841,-33.588,9.7704,11.418,92.979,2.6051,-29.889,8.1005
4.5877,-2.6054,6.9648,-13.791,-33.533,9.6776,11.375,93.02,2.7709,-29.783,7.8671
4.847,-2.6479,6.8496,-13.735,-33.477,9.58,11.33,93.065,2.9484,-29.666,7.6246
5.1085,-2.6941,6.727,-13.674,-33.419,9.4774,11.283,93.114,3.1376,-29.539,7.3731
5.3711,-2.7442,6.5968,-13.608,-33.359,9.3697,11.234,93.166,3.3386,-29.399,7.1129
5.6338,-2.798,6.4589,-13.537,-33.297,9.2568,11.182,93.222,3.5512,-29.248,6.8443
5.8956,-2.8559,6.3132,-13.46,-33.232,9.1384,11.126,93.282,3.7754,-29.084,6.5675
6.1552,-2.9177,6.1596,-13.377,-33.165,9.0144,11.068,93.345,4.0109,-28.908,6.2829
6.4115,-2.9835,5.9981,-13.29,-33.095,8.8846,11.005,93.412,4.2574,-28.719,5.9908
6.6634,-3.0534,5.8288,-13.197,-33.022,8.7487,10.939,93.483,4.5145,-28.518,5.6917
6.9096,-3.1273,5.6518,-13.099,-32.946,8.6066,10.867,93.557,4.7818,-28.304,5.3859
7.1491,-3.2052,5.4671,-12.996,-32.866,8.458,10.792,93.635,5.0589,-28.08,5.074
7.3806,-3.2871,5.275,-12.888,-32.782,8.3028,10.712,93.716,5.345,-27.844,4.7566
7.6029,-3.3729,5.0756,-12.775,-32.695,8.1406,10.627,93.8,5.6397,-27.598,4.4343
7.815,-3.4626,4.8694,-12.657,-32.603,7.9714,10.537,93.886,5.9423,-27.343,4.1077
8.0157,-3.556,4.6564,-12.535,-32.507,7.7949,10.443,93.975,6.252,-27.08,3.7776
8.2039,-3.6531,4.4372,-12.409,-32.407,7.611,10.345,94.067,6.5681,-26.81,3.4448
8.3787,-3.7537,4.2119,-12.278,-32.302,7.4197,10.243,94.16,6.8898,-26.534,3.1102
8.5391,-3.8578,3.981,-12.144,-32.193,7.2208,10.138,94.255,7.2163,-26.253,2.7745
8.6841,-3.965,3.7448,-12.006,-32.079,7.0145,10.03,94.351,7.5466,-25.97,2.4387
8.813,-4.0754,3.5037,-11.864,-31.961,6.8007,9.9202,94.447,7.88,-25.685,2.1036
8.925,-4.1887,3.2581,-11.718,-31.838,6.5797,9.8084,94.544,8.2154,-25.399,1.7703
9.0194,-4.3047,3.0084,-11.569,-31.711,6.3516,9.6957,94.641,8.5521,-25.115,1.4396
9.0957,-4.4232,2.7548,-11.417,-31.58,6.1168,9.5828,94.737,8.889,-24.834,1.1124
9.1535,-4.5441,2.4979,-11.262,-31.445,5.8755,9.4703,94.832,9.2252,-24.556,0.78964
9.1923,-4.6671,2.2378,-11.104,-31.306,5.6282,9.359,94.926,9.5598,-24.283,0.4722
9.2119,-4.792,1.975,-10.943,-31.163,5.3754,9.2495,95.019,9.892,-24.017,0.16092
9.2122,-4.9184,1.7098,-10.779,-31.017,5.1176,9.1425,95.109,10.221,-23.758,-0.14341
9.1932,-5.0463,1.4426,-10.612,-30.867,4.8554,9.0385,95.197,10.545,-23.507,-0.44002
9.1551,-5.1753,1.1736,-10.443,-30.715,4.5896,8.9382,95.283,10.865,-23.265,-0.72819
9.0981,-5.305,0.90323,-10.271,-30.56,4.3207,8.842,95.366,11.179,-23.033,-1.0072
9.0226,-5.4353,0.63177,-10.097,-30.402,4.0495,8.7502,95.446,11.486,-22.811,-1.2766
8.9292,-5.5659,0.35958,-9.9202,-30.243,3.7767,8.6633,95.523,11.787,-22.599,-1.5356
8.8187,-5.6963,0.086992,-9.7415,-30.083,3.5032,8.5813,95.598,12.08,-22.399,-1.784
8.6919,-5.8264,-0.18563,-9.5608,-29.921,3.2296,8.5044,95.67,12.366,-22.209,-2.0211
8.5499,-5.9558,-0.45791,-9.3782,-29.759,2.9566,8.4327,95.739,12.643,-22.029,-2.2468
8.3938,-6.0842,-0.72947,-9.1938,-29.597,2.6851,8.3661,95.806,12.912,-21.86,-2.4608
8.2252,-6.2112,-0.9999,-9.0079,-29.435,2.4155,8.3044,95.871,13.172,-21.702,-2.663
8.0454,-6.3367,-1.2688,-8.8207,-29.274,2.1487,8.2474,95.933,13.424,-21.553,-2.8533
7.8562,-6.4602,-1.5357,-8.6322,-29.114,1.885,8.1947,95.994,13.668,-21.414,-3.0318
7.6594,-6.5816,-1.8002,-8.4429,-28.956,1.6251,8.146,96.054,13.903,-21.283,-3.1986
7.4569,-6.7006,-2.0618,-8.2528,-28.801,1.3692,8.1008,96.113,14.13,-21.161,-3.3541
7.2509,-6.8169,-2.3201,-8.0624,-28.649,1.1177,8.0586,96.171,14.35,-21.046,-3.4986
7.0435,-6.9302,-2.5745,-7.8718,-28.5,0.87067,8.0188,96.229,14.561,-20.938,-3.6327
6.8371,-7.0405,-2.8245,-7.6814,-28.355,0.62829,7.9809,96.287,14.766,-20.837,-3.7569
6.6339,-7.1475,-3.0698,-7.4914,-28.215,0.39044,7.9443,96.346,14.964,-20.741,-3.8719
6.4364,-7.251,-3.3097,-7.3022,-28.081,0.15693,7.9085,96.405,15.155,-20.65,-3.9785
6.2471,-7.351,-3.5439,-7.114,-27.952,-0.072592,7.8728,96.465,15.341,-20.563,-4.0776
6.0684,-7.4473,-3.7719,-6.9273,-27.83,-0.2986,7.8368,96.527,15.521,-20.479,-4.17
5.9028,-7.5398,-3.9932,-6.7421,-27.715,-0.52171,7.7999,96.589,15.697,-20.399,-4.2567
5.753,-7.6286,-4.2074,-6.559,-27.607,-0.74268,7.7619,96.653,15.867,-20.322,-4.3388
5.6213,-7.7137,-4.4143,-6.378,-27.508,-0.96241,7.7223,96.718,16.034,-20.246,-4.417
5.5106,-7.795,-4.6135,-6.1994,-27.417,-1.1819,7.6809,96.784,16.197,-20.173,-4.4925
5.4235,-7.8726,-4.8047,-6.0235,-27.336,-1.4023,7.6374,96.85,16.356,-20.102,-4.5661
5.3628,-7.9467,-4.9879,-5.8503,-27.264,-1.6249,7.5918,96.917,16.513,-20.032,-4.6387
5.3313,-8.0174,-5.1628,-5.6801,-27.203,-1.8508,7.544,96.983,16.667,-19.964,-4.711
5.332,-8.0849,-5.3296,-5.5128,-27.152,-2.0816,7.4941,97.048,16.818,-19.899,-4.7837
5.3676,-8.1493,-5.4882,-5.3485,-27.112,-2.3185,7.4423,97.112,16.968,-19.835,-4.8573
5.441,-8.211,-5.6388,-5.1873,-27.084,-2.5631,7.3887,97.173,17.116,-19.775,-4.9323
5.5546,-8.2702,-5.7816,-5.0289,-27.067,-2.8167,7.3335,97.23,17.262,-19.718,-5.0089
5.7105,-8.3271,-5.917,-4.8734,-27.063,-3.0807,7.2772,97.282,17.407,-19.665,-5.0872
5.9104,-8.3823,-6.0454,-4.7204,-27.07,-3.3563,7.2201,97.327,17.55,-19.617,-5.1672
6.1553,-8.4359,-6.1674,-4.5698,-27.089,-3.6448,7.1625,97.364,17.692,-19.575,-5.2488
6.4453,-8.4884,-6.2833,-4.4214,-27.121,-3.9472,7.1048,97.392,17.833,-19.54,-5.3315
6.7802,-8.5401,-6.394,-4.2748,-27.165,-4.2644,7.0475,97.408,17.972,-19.513,-5.415
7.1587,-8.5915,-6.5001,-4.1296,-27.22,-4.5972,6.9909,97.411,18.109,-19.494,-5.4986
7.5791,-8.643,-6.6023,-3.9855,-27.287,-4.9462,6.9354,97.399,18.245,-19.485,-5.5816
8.0389,-8.695,-6.7013,-3.8421,-27.366,-5.3117,6.8813,97.368,18.378,-19.487,-5.6633
8.5352,-8.7478,-6.7979,-3.699,-27.455,-5.6938,6.8289,97.318,18.509,-19.5,-5.7427
9.0645,-8.8019,-6.8929,-3.5558,-27.555,-6.0925,6.7783,97.246,18.636,-19.525,-5.8189
9.623,-8.8576,-6.9869,-3.4121,-27.665,-6.5075,6.7299,97.149,18.758,-19.564,-5.891
10.206,-8.9153,-7.0807,-3.2676,-27.784,-6.9383,6.6835,97.025,18.875,-19.616,-5.9577
10.81,-8.9752,-7.1748,-3.122,-27.911,-7.3843,6.6394,96.871,18.986,-19.681,-6.0182
11.43,-9.0376,-7.2698,-2.9749,-28.046,-7.8445,6.5975,96.684,19.089,-19.761,-6.0713
12.061,-9.1028,-7.3662,-2.8262,-28.188,-8.3179,6.5578,96.464,19.182,-19.854,-6.1159
12.697,-9.1708,-7.4644,-2.6757,-28.336,-8.8033,6.52,96.206,19.265,-19.96,-6.1511
13.334,-9.2419,-7.5646,-2.5234,-28.488,-9.2994,6.4842,95.908,19.335,-20.08,-6.1758
13.967,-9.3161,-7.6671,-2.3691,-28.645,-9.8047,6.45,95.57,19.39,-20.212,-6.1891
14.59,-9.3934,-7.772,-2.213,-28.804,-10.318,6.4174,95.187,19.429,-20.355,-6.1901
15.199,-9.4737,-7.8793,-2.0551,-28.965,-10.837,6.386,94.759,19.449,-20.508,-6.1779
15.789,-9.557,-7.989,-1.8958,-29.126,-11.36,6.3557,94.285,19.448,-20.671,-6.152
16.354,-9.6432,-8.1008,-1.7353,-29.288,-11.887,6.3262,93.762,19.426,-20.841,-6.1118
16.891,-9.7319,-8.2146,-1.5738,-29.448,-12.415,6.2974,93.191,19.378,-21.018,-6.0567
17.396,-9.823,-8.33,-1.4119,-29.605,-12.942,6.2691,92.571,19.305,-21.199,-5.9866
17.865,-9.9163,-8.4468,-1.2499,-29.76,-13.468,6.2411,91.901,19.203,-21.384,-5.9011
18.294,-10.011,-8.5645,-1.0884,-29.91,-13.99,6.2133,91.182,19.073,-21.571,-5.8005
18.681,-10.108,-8.6828,-0.9277,-30.055,-14.508,6.1857,90.416,18.912,-21.758,-5.6848
19.022,-10.206,-8.8011,-0.76848,-30.195,-15.019,6.158,89.602,18.72,-21.945,-5.5544
19.316,-10.304,-8.9191,-0.61121,-30.328,-15.524,6.1302,88.744,18.496,-22.129,-5.4098
19.562,-10.403,-9.0364,-0.4564,-30.453,-16.019,6.1024,87.844,18.241,-22.31,-5.2515
19.758,-10.502,-9.1524,-0.30457,-30.572,-16.506,6.0744,86.903,17.953,-22.487,-5.0804
19.903,-10.6,-9.2667,-0.15618,-30.682,-16.981,6.0462,85.925,17.634,-22.659,-4.8973
19.997,-10.698,-9.3791,-0.011707,-30.784,-17.446,6.0179,84.913,17.284,-22.826,-4.7031
20.041,-10.794,-9.489,0.12844,-30.878,-17.898,5.9892,83.871,16.904,-22.986,-4.4987
20.035,-10.889,-9.5963,0.26389,-30.963,-18.338,5.9603,82.803,16.496,-23.14,-4.2852
19.98,-10.982,-9.7005,0.3943,-31.04,-18.764,5.9311,81.711,16.061,-23.288,-4.0635
19.878,-11.073,-9.8015,0.51937,-31.108,-19.176,5.9014,80.601,15.6,-23.43,-3.8346
19.73,-11.162,-9.8991,0.63887,-31.167,-19.575,5.8711,79.476,15.116,-23.566,-3.5993
19.539,-11.247,-9.9929,0.7526,-31.218,-19.958,5.8403,78.341,14.611,-23.696,-3.3586
19.307,-11.33,-10.083,0.86041,-31.262,-20.327,5.8088,77.198,14.086,-23.821,-3.1132
19.037,-11.409,-10.169,0.9622,-31.297,-20.681,5.7763,76.053,13.544,-23.941,-2.8638
18.731,-11.485,-10.251,1.0579,-31.326,-21.02,5.7429,74.907,12.987,-24.057,-2.611
18.393,-11.557,-10.329,1.1475,-31.348,-21.345,5.7084,73.766,12.418,-24.17,-2.3554
18.026,-11.625,-10.403,1.231,-31.364,-21.654,5.6726,72.632,11.838,-24.28,-2.0975
17.632,-11.69,-10.472,1.3085,-31.374,-21.949,5.6355,71.507,11.249,-24.389,-1.8377
17.216,-11.751,-10.537,1.3801,-31.378,-22.229,5.5971,70.396,10.654,-24.496,-1.5765
16.78,-11.807,-10.599,1.4459,-31.378,-22.496,5.5571,69.299,10.054,-24.603,-1.314
16.327,-11.86,-10.656,1.5061,-31.374,-22.748,5.5157,68.22,9.451,-24.71,-1.0509
15.86,-11.908,-10.709,1.5607,-31.366,-22.988,5.4728,67.161,8.8469,-24.818,-0.78725
15.384,-11.953,-10.758,1.6101,-31.354,-23.214,5.4285,66.122,8.2429,-24.927,-0.52363
14.899,-11.994,-10.803,1.6545,-31.34,-23.428,5.383,65.106,7.6406,-25.039,-0.26042
14.41,-12.031,-10.844,1.694,-31.323,-23.63,5.3363,64.114,7.0411,-25.153,0.0019111
13.917,-12.064,-10.882,1.729,-31.304,-23.821,5.2886,63.146,6.4457,-25.27,0.26285
13.425,-12.094,-10.916,1.7597,-31.283,-24.001,5.2403,62.204,5.8554,-25.391,0.52182
12.935,-12.121,-10.947,1.7864,-31.26,-24.171,5.1915,61.288,5.2711,-25.514,0.77819
12.449,-12.144,-10.974,1.8094,-31.236,-24.331,5.1425,60.398,4.6937,-25.641,1.0313
11.968,-12.164,-10.998,1.8289,-31.21,-24.481,5.0938,59.535,4.124,-25.771,1.2805
11.494,-12.182,-11.02,1.8452,-31.183,-24.623,5.0456,58.699,3.5628,-25.905,1.5249
11.029,-12.196,-11.039,1.8586,-31.155,-24.757,4.9984,57.889,3.0106,-26.041,1.764
10.574,-12.209,-11.055,1.8694,-31.125,-24.882,4.9524,57.105,2.4682,-26.179,1.9968
10.13,-12.219,-11.069,1.8779,-31.093,-25.001,4.908,56.347,1.9361,-26.319,2.2228
9.6966,-12.226,-11.081,1.8843,-31.06,-25.112,4.8657,55.615,1.4148,-26.459,2.4412
9.2759,-12.232,-11.091,1.889,-31.025,-25.216,4.8257,54.907,0.90481,-26.6,2.6513
8.8679,-12.236,-11.099,1.892,-30.988,-25.314,4.7882,54.224,0.40655,-26.739,2.8525
8.4732,-12.239,-11.106,1.8937,-30.949,-25.405,4.7536,53.563,-0.07955,-26.876,3.0443
8.092,-12.239,-11.111,1.8943,-30.908,-25.49,4.7221,52.926,-0.55311,-27.011,3.2263
7.7247,-12.239,-11.115,1.894,-30.864,-25.57,4.6938,52.31,-1.0138,-27.141,3.398
7.3713,-12.237,-11.118,1.893,-30.817,-25.644,4.6688,51.714,-1.4613,-27.265,3.5591
7.032,-12.233,-11.12,1.8913,-30.767,-25.712,4.6472,51.139,-1.8953,-27.384,3.7093
6.7067,-12.228,-11.121,1.8892,-30.714,-25.775,4.6289,50.583,-2.3156,-27.494,3.8486
6.3954,-12.222,-11.121,1.8868,-30.657,-25.833,4.6139,50.046,-2.722,-27.597,3.9769
6.0981,-12.215,-11.121,1.8841,-30.598,-25.885,4.602,49.526,-3.1143,-27.691,4.0942
5.8145,-12.207,-11.12,1.8813,-30.535,-25.933,4.5932,49.023,-3.4925,-27.776,4.2007
5.5444,-12.197,-11.118,1.8784,-30.469,-25.976,4.5871,48.536,-3.8563,-27.85,4.2965
5.2876,-12.186,-11.116,1.8755,-30.4,-26.014,4.5836,48.065,-4.2059,-27.915,4.382
5.0437,-12.173,-11.114,1.8725,-30.328,-26.047,4.5823,47.609,-4.5413,-27.97,4.4575
4.8125,-12.16,-11.111,1.8695,-30.253,-26.077,4.583,47.168,-4.8624,-28.015,4.5236
4.5937,-12.145,-11.108,1.8666,-30.176,-26.102,4.5852,46.741,-5.1696,-28.05,4.5806
4.3866,-12.128,-11.104,1.8636,-30.096,-26.124,4.5887,46.328,-5.463,-28.077,4.6291
4.1911,-12.11,-11.1,1.8606,-30.015,-26.142,4.5931,45.929,-5.7429,-28.097,4.6699
4.0066,-12.091,-11.095,1.8575,-29.932,-26.157,4.5981,45.543,-6.0096,-28.11,4.7035
3.8327,-12.07,-11.09,1.8544,-29.849,-26.169,4.6033,45.17,-6.2636,-28.117,4.7307
3.6689,-12.048,-11.085,1.8512,-29.765,-26.179,4.6083,44.81,-6.5053,-28.12,4.7523
3.5149,-12.024,-11.079,1.8479,-29.681,-26.187,4.613,44.462,-6.7352,-28.121,4.769
3.3702,-11.999,-11.073,1.8444,-29.598,-26.193,4.617,44.128,-6.954,-28.12,4.7816
3.2344,-11.973,-11.066,1.8408,-29.516,-26.197,4.62,43.806,-7.1623,-28.12,4.791
3.1071,-11.946,-11.059,1.8371,-29.435,-26.201,4.6218,43.497,-7.3608,-28.123,4.798
2.9881,-11.918,-11.052,1.8333,-29.356,-26.204,4.6222,43.201,-7.5502,-28.129,4.8033
2.8768,-11.889,-11.044,1.8293,-29.28,-26.206,4.621,42.917,-7.7311,-28.14,4.8079
2.773,-11.859,-11.036,1.8254,-29.207,-26.209,4.6182,42.646,-7.9045,-28.159,4.8124
2.6762,-11.828,-11.027,1.8215,-29.137,-26.212,4.6136,42.387,-8.0709,-28.185,4.8175
2.586,-11.798,-11.019,1.8177,-29.071,-26.215,4.6072,42.14,-8.2311,-28.222,4.8239
2.5019,-11.766,-11.01,1.8141,-29.009,-26.218,4.599,41.906,-8.3858,-28.268,4.8321
2.4235,-11.735,-11.002,1.8109,-28.951,-26.223,4.589,41.684,-8.5355,-28.327,4.8426
2.3501,-11.705,-10.993,1.808,-28.898,-26.228,4.5775,41.474,-8.681,-28.397,4.8558
2.2811,-11.674,-10.984,1.8057,-28.849,-26.234,4.5644,41.277,-8.8227,-28.479,4.8717
2.2159,-11.645,-10.976,1.8041,-28.805,-26.241,4.5499,41.091,-8.961,-28.573,4.8906
2.1538,-11.616,-10.969,1.8033,-28.765,-26.249,4.5343,40.916,-9.0963,-28.679,4.9121
2.0942,-11.588,-10.961,1.8035,-28.73,-26.258,4.5179,40.754,-9.2289,-28.796,4.9361
2.0365,-11.562,-10.955,1.8048,-28.7,-26.267,4.5008,40.603,-9.3589,-28.923,4.9621
1.9804,-11.537,-10.949,1.8073,-28.674,-26.276,4.4834,40.462,-9.4866,-29.059,4.9892
1.9257,-11.514,-10.944,1.8112,-28.652,-26.285,4.466,40.333,-9.6118,-29.201,5.0165
1.8724,-11.493,-10.94,1.8167,-28.634,-26.295,4.4489,40.215,-9.7346,-29.348,5.0429
1.8212,-11.473,-10.937,1.8237,-28.62,-26.304,4.4325,40.108,-9.8548,-29.498,5.067
1.773,-11.456,-10.935,1.8325,-28.61,-26.313,4.4172,40.011,-9.9722,-29.648,5.0871
1.7291,-11.442,-10.934,1.843,-28.603,-26.321,4.4031,39.924,-10.086,-29.795,5.1015
1.6915,-11.429,-10.934,1.8555,-28.598,-26.328,4.3907,39.847,-10.197,-29.936,5.1083
1.6627,-11.419,-10.935,1.8698,-28.597,-26.334,4.3803,39.781,-10.304,-30.069,5.1053
1.6456,-11.412,-10.938,1.886,-28.599,-26.34,4.3721,39.725,-10.407,-30.189,5.0903
1.6431,-11.407,-10.942,1.9041,-28.603,-26.344,4.3663,39.679,-10.505,-30.295,5.0612
1.6578,-11.404,-10.946,1.924,-28.609,-26.348,4.3631,39.643,-10.598,-30.384,5.0156
1.6919,-11.404,-10.952,1.9458,-28.619,-26.351,4.3628,39.618,-10.685,-30.452,4.9513
1.7466,-11.407,-10.959,1.9693,-28.63,-26.353,4.3654,39.604,-10.766,-30.498,4.8663
1.8219,-11.412,-10.967,1.9944,-28.645,-26.356,4.3709,39.601,-10.84,-30.519,4.7587
1.9168,-11.419,-10.975,2.021,-28.662,-26.358,4.3793,39.61,-10.908,-30.513,4.6268
2.0291,-11.428,-10.984,2.0489,-28.683,-26.362,4.3905,39.631,-10.968,-30.48,4.4691
2.1563,-11.44,-10.994,2.078,-28.707,-26.368,4.4044,39.666,-11.021,-30.419,4.2847
2.2953,-11.454,-11.003,2.1082,-28.736,-26.376,4.4206,39.714,-11.066,-30.33,4.0728
2.443,-11.47,-11.013,2.1391,-28.769,-26.388,4.439,39.778,-11.102,-30.212,3.8334
2.5961,-11.489,-11.023,2.1706,-28.807,-26.404,4.4591,39.858,-11.131,-30.068,3.5666
2.7515,-11.509,-11.033,2.2025,-28.851,-26.426,4.4803,39.956,-11.151,-29.899,3.2734
2.9065,-11.532,-11.042,2.2345,-28.902,-26.454,4.5022,40.073,-11.163,-29.707,2.9552
3.0584,-11.558,-11.05,2.2665,-28.961,-26.49,4.5241,40.21,-11.167,-29.496,2.614
3.2049,-11.585,-11.057,2.2983,-29.027,-26.535,4.5451,40.369,-11.163,-29.269,2.2525
3.344,-11.615,-11.064,2.3296,-29.104,-26.589,4.5644,40.551,-11.152,-29.03,1.8737
3.4741,-11.648,-11.068,2.3602,-29.19,-26.655,4.581,40.758,-11.133,-28.784,1.4815
3.5939,-11.684,-11.071,2.3899,-29.287,-26.732,4.594,40.992,-11.108,-28.536,1.0802
3.7027,-11.722,-11.072,2.4187,-29.397,-26.822,4.6021,41.253,-11.078,-28.291,0.67449
3.8003,-11.764,-11.071,2.4463,-29.52,-26.926,4.6041,41.544,-11.042,-28.055,0.26965
3.887,-11.809,-11.068,2.4727,-29.658,-27.044,4.5986,41.864,-11.002,-27.833,-0.12879
3.9638,-11.857,-11.062,2.4977,-29.811,-27.177,4.5843,42.216,-10.959,-27.631,-0.515
4.0321,-11.909,-11.053,2.5213,-29.98,-27.325,4.5597,42.599,-10.914,-27.455,-0.88295
4.0942,-11.965,-11.041,2.5434,-30.166,-27.488,4.5234,43.015,-10.867,-27.31,-1.2265
4.1527,-12.024,-11.026,2.5641,-30.371,-27.666,4.4736,43.464,-10.82,-27.2,-1.5396
4.2109,-12.088,-11.009,2.5834,-30.594,-27.858,4.409,43.945,-10.774,-27.131,-1.8162
4.2725,-12.155,-10.988,2.6013,-30.837,-28.065,4.3279,44.458,-10.729,-27.105,-2.0503
4.3413,-12.226,-10.964,2.6179,-31.1,-28.284,4.2289,45.003,-10.688,-27.127,-2.2365
4.4212,-12.302,-10.937,2.6334,-31.384,-28.515,4.1106,45.577,-10.65,-27.199,-2.3695
4.5157,-12.381,-10.907,2.6479,-31.689,-28.757,3.9717,46.181,-10.617,-27.323,-2.4446
4.6278,-12.464,-10.874,2.6616,-32.016,-29.009,3.8109,46.811,-10.589,-27.5,-2.4577
4.7596,-12.55,-10.838,2.6747,-32.363,-29.267,3.6273,47.465,-10.567,-27.731,-2.4053
4.9122,-12.64,-10.8,2.6873,-32.731,-29.532,3.4201,48.141,-10.552,-28.016,-2.2846
5.0855,-12.733,-10.76,2.6997,-33.119,-29.801,3.1887,48.836,-10.543,-28.352,-2.0938
5.2783,-12.828,-10.717,2.7122,-33.527,-30.071,2.9328,49.546,-10.543,-28.74,-1.832
5.4885,-12.926,-10.673,2.725,-33.954,-30.341,2.6526,50.268,-10.55,-29.175,-1.4994
5.7128,-13.025,-10.628,2.7383,-34.398,-30.61,2.3483,50.998,-10.565,-29.654,-1.0971
5.9474,-13.125,-10.582,2.7524,-34.857,-30.874,2.0206,51.733,-10.587,-30.173,-0.62756
6.1881,-13.227,-10.536,2.7674,-35.331,-31.132,1.6707,52.467,-10.618,-30.727,-0.094293
6.4303,-13.328,-10.489,2.7836,-35.816,-31.383,1.2999,53.197,-10.657,-31.309,0.49806
6.6693,-13.429,-10.443,2.8012,-36.311,-31.625,0.90994,53.918,-10.703,-31.914,1.1438
6.9004,-13.529,-10.397,2.8203,-36.813,-31.856,0.50301,54.627,-10.757,-32.534,1.8363
7.1191,-13.627,-10.353,2.8411,-37.32,-32.075,0.08147,55.319,-10.818,-33.162,2.568
7.3212,-13.724,-10.31,2.8638,-37.828,-32.282,-0.35199,55.99,-10.886,-33.79,3.3308
7.5026,-13.818,-10.269,2.8883,-38.335,-32.475,-0.79449,56.635,-10.961,-34.412,4.1161
7.6598,-13.909,-10.23,2.9147,-38.837,-32.655,-1.2429,57.252,-11.042,-35.019,4.9152
7.7897,-13.996,-10.193,2.9431,-39.333,-32.821,-1.6942,57.837,-11.129,-35.605,5.7192
7.8895,-14.08,-10.16,2.9735,-39.818,-32.973,-2.1449,58.387,-11.222,-36.164,6.5196
7.9571,-14.159,-10.129,3.0059,-40.29,-33.112,-2.5919,58.9,-11.32,-36.688,7.3084
7.9908,-14.235,-10.101,3.0401,-40.747,-33.238,-3.032,59.372,-11.423,-37.174,8.078
7.9894,-14.305,-10.076,3.0761,-41.187,-33.352,-3.462,59.803,-11.53,-37.616,8.8218
7.9522,-14.371,-10.055,3.1138,-41.605,-33.455,-3.8792,60.19,-11.642,-38.012,9.5338
7.8793,-14.432,-10.037,3.1531,-42.002,-33.548,-4.2808,60.533,-11.758,-38.36,10.209
7.7709,-14.489,-10.022,3.1938,-42.375,-33.632,-4.6645,60.833,-11.877,-38.657,10.844
7.6279,-14.54,-10.01,3.2357,-42.723,-33.707,-5.0279,61.087,-11.999,-38.905,11.436
7.4517,-14.587,-10.001,3.2788,-43.044,-33.776,-5.3695,61.299,-12.125,-39.103,11.983
7.2441,-14.629,-9.9946,3.3228,-43.338,-33.838,-5.6876,61.468,-12.253,-39.254,12.483
7.0071,-14.666,-9.991,3.3675,-43.605,-33.896,-5.9811,61.596,-12.384,-39.36,12.938
6.7433,-14.699,-9.9897,3.4127,-43.845,-33.95,-6.2493,61.685,-12.516,-39.424,13.347
6.4556,-14.729,-9.9906,3.4582,-44.056,-34.001,-6.4916,61.738,-12.651,-39.451,13.713
6.1469,-14.754,-9.9933,3.5038,-44.241,-34.049,-6.708,61.757,-12.786,-39.446,14.037
5.8205,-14.775,-9.9977,3.5492,-44.4,-34.096,-6.8988,61.744,-12.923,-39.414,14.323
5.4799,-14.793,-10.003,3.5944,-44.533,-34.142,-7.0643,61.704,-13.06,-39.361,14.575
5.1284,-14.808,-10.01,3.6389,-44.642,-34.187,-7.2054,61.64,-13.198,-39.292,14.795
4.7698,-14.82,-10.018,3.6827,-44.728,-34.232,-7.3231,61.554,-13.334,-39.214,14.988
4.4075,-14.83,-10.026,3.7255,-44.793,-34.277,-7.4187,61.451,-13.47,-39.133,15.159
4.0451,-14.836,-10.034,3.767,-44.839,-34.323,-7.4935,61.334,-13.603,-39.055,15.312
3.6859,-14.841,-10.043,3.8071,-44.867,-34.368,-7.5492,61.206,-13.735,-38.985,15.45
3.3332,-14.844,-10.051,3.8456,-44.879,-34.414,-7.5873,61.07,-13.863,-38.93,15.579
2.9902,-14.844,-10.059,3.8822,-44.878,-34.46,-7.6097,60.929,-13.987,-38.893,15.703
2.6598,-14.843,-10.067,3.9168,-44.864,-34.507,-7.6182,60.787,-14.108,-38.879,15.825
2.3448,-14.841,-10.074,3.9492,-44.84,-34.553,-7.6145,60.645,-14.223,-38.891,15.948
2.0478,-14.838,-10.08,3.9794,-44.809,-34.6,-7.6004,60.507,-14.332,-38.932,16.077
1.7714,-14.833,-10.085,4.007,-44.771,-34.647,-7.5777,60.374,-14.436,-39.004,16.212
1.5179,-14.828,-10.089,4.0321,-44.728,-34.693,-7.5479,60.248,-14.533,-39.108,16.357
1.2897,-14.821,-10.092,4.0546,-44.683,-34.74,-7.5128,60.129,-14.622,-39.243,16.512
1.0894,-14.815,-10.094,4.0743,-44.637,-34.786,-7.4738,60.021,-14.705,-39.411,16.679
