1.0831,-15.921,-11.167,-0.71002,-24.48,-32.106,2.1831,47.811,2.0991,-56.331,36.265
1.1909,-15.915,-11.177,-0.7037,-24.499,-32.104,2.1676,47.889,2.2302,-56.134,35.926
1.3076,-15.91,-11.186,-0.69778,-24.518,-32.104,2.1528,47.973,2.3701,-55.919,35.561
1.4333,-15.904,-11.196,-0.69234,-24.536,-32.104,2.1389,48.062,2.5189,-55.685,35.17
1.5684,-15.899,-11.205,-0.68746,-24.555,-32.105,2.126,48.157,2.6765,-55.434,34.757
1.7131,-15.894,-11.214,-0.68324,-24.572,-32.107,2.1143,48.258,2.8429,-55.168,34.323
1.8675,-15.889,-11.223,-0.67974,-24.589,-32.11,2.104,48.364,3.018,-54.888,33.87
2.0316,-15.885,-11.231,-0.67704,-24.605,-32.114,2.0952,48.475,3.2016,-54.597,33.401
2.2051,-15.881,-11.238,-0.67521,-24.62,-32.12,2.0879,48.591,3.3935,-54.296,32.919
2.3877,-15.877,-11.245,-0.67431,-24.633,-32.127,2.0824,48.712,3.5934,-53.989,32.426
2.5788,-15.874,-11.251,-0.6744,-24.644,-32.134,2.0786,48.837,3.8009,-53.677,31.927
2.7779,-15.871,-11.256,-0.67551,-24.654,-32.144,2.0768,48.967,4.0156,-53.364,31.423
2.9839,-15.868,-11.26,-0.67769,-24.661,-32.154,2.077,49.1,4.237,-53.052,30.918
3.1958,-15.866,-11.263,-0.68097,-24.665,-32.165,2.0792,49.236,4.4647,-52.746,30.415
3.4124,-15.864,-11.266,-0.68538,-24.667,-32.178,2.0835,49.375,4.698,-52.446,29.917
3.632,-15.863,-11.267,-0.69092,-24.666,-32.192,2.0901,49.516,4.9364,-52.158,29.427
3.8532,-15.862,-11.267,-0.69762,-24.661,-32.207,2.099,49.658,5.1791,-51.883,28.947
4.0742,-15.86,-11.266,-0.70546,-24.653,-32.222,2.1101,49.802,5.4256,-51.625,28.48
4.2931,-15.86,-11.264,-0.71445,-24.64,-32.239,2.1237,49.946,5.6752,-51.385,28.028
4.508,-15.859,-11.261,-0.72456,-24.624,-32.256,2.1397,50.089,5.9272,-51.166,27.593
4.7167,-15.858,-11.256,-0.73578,-24.603,-32.274,2.1582,50.231,6.181,-50.969,27.175
4.9172,-15.857,-11.251,-0.74807,-24.577,-32.292,2.1793,50.372,6.4358,-50.797,26.777
5.1073,-15.856,-11.244,-0.76139,-24.546,-32.31,2.203,50.51,6.6911,-50.651,26.399
5.2851,-15.855,-11.236,-0.77571,-24.51,-32.328,2.2294,50.645,6.9463,-50.53,26.041
5.4484,-15.853,-11.228,-0.79097,-24.469,-32.345,2.2585,50.776,7.2008,-50.436,25.703
5.5954,-15.851,-11.218,-0.8071,-24.422,-32.362,2.2903,50.902,7.4541,-50.368,25.385
5.7242,-15.848,-11.208,-0.82405,-24.369,-32.378,2.325,51.023,7.7056,-50.325,25.086
5.8331,-15.844,-11.196,-0.84173,-24.31,-32.393,2.3626,51.138,7.955,-50.306,24.805
5.9208,-15.84,-11.185,-0.86008,-24.245,-32.406,2.403,51.245,8.2016,-50.311,24.54
5.9859,-15.834,-11.172,-0.879,-24.173,-32.417,2.4463,51.346,8.4453,-50.336,24.291
6.0274,-15.828,-11.16,-0.8984,-24.095,-32.426,2.4925,51.437,8.6855,-50.379,24.056
6.0446,-15.82,-11.147,-0.91818,-24.01,-32.432,2.5416,51.52,8.9219,-50.439,23.833
6.0369,-15.811,-11.133,-0.93825,-23.919,-32.435,2.5935,51.594,9.1542,-50.512,23.62
6.0041,-15.8,-11.12,-0.95851,-23.822,-32.435,2.6482,51.658,9.382,-50.596,23.416
5.9464,-15.788,-11.108,-0.97883,-23.717,-32.432,2.7056,51.71,9.605,-50.688,23.22
5.864,-15.774,-11.095,-0.99913,-23.607,-32.424,2.7655,51.752,9.8228,-50.785,23.029
5.7578,-15.758,-11.083,-1.0193,-23.489,-32.412,2.828,51.783,10.035,-50.883,22.843
5.6287,-15.74,-11.071,-1.0392,-23.366,-32.395,2.8928,51.801,10.242,-50.981,22.661
5.478,-15.719,-11.061,-1.0588,-23.236,-32.373,2.9597,51.807,10.442,-51.075,22.482
5.3073,-15.697,-11.051,-1.078,-23.1,-32.346,3.0287,51.8,10.635,-51.163,22.305
5.1186,-15.672,-11.042,-1.0966,-22.959,-32.313,3.0994,51.78,10.821,-51.242,22.131
4.914,-15.644,-11.035,-1.1147,-22.812,-32.275,3.1718,51.747,11,-51.311,21.958
4.6962,-15.614,-11.029,-1.132,-22.659,-32.231,3.2454,51.701,11.17,-51.369,21.788
4.4678,-15.581,-11.024,-1.1487,-22.501,-32.181,3.3202,51.641,11.331,-51.412,21.62
4.232,-15.545,-11.02,-1.1646,-22.339,-32.125,3.3958,51.567,11.483,-51.441,21.456
3.9922,-15.507,-11.018,-1.1797,-22.171,-32.063,3.4719,51.48,11.625,-51.455,21.294
3.7523,-15.465,-11.017,-1.1939,-22,-31.996,3.5484,51.379,11.757,-51.452,21.137
3.5163,-15.421,-11.018,-1.2074,-21.824,-31.922,3.6248,51.265,11.878,-51.434,20.985
3.2886,-15.373,-11.021,-1.22,-21.645,-31.843,3.7008,51.138,11.987,-51.399,20.839
3.0741,-15.323,-11.024,-1.2318,-21.463,-31.758,3.7763,50.999,12.085,-51.349,20.698
2.8779,-15.269,-11.029,-1.2429,-21.277,-31.669,3.8508,50.846,12.17,-51.283,20.565
2.7048,-15.213,-11.036,-1.2533,-21.089,-31.574,3.924,50.682,12.242,-51.203,20.44
2.5599,-15.154,-11.044,-1.2629,-20.899,-31.474,3.9956,50.506,12.302,-51.11,20.322
2.4468,-15.092,-11.052,-1.272,-20.707,-31.371,4.0653,50.32,12.349,-51.006,20.214
2.3681,-15.027,-11.062,-1.2806,-20.514,-31.263,4.1329,50.123,12.384,-50.89,20.115
2.3241,-14.96,-11.072,-1.2887,-20.319,-31.152,4.1979,49.916,12.406,-50.766,20.026
2.313,-14.89,-11.083,-1.2964,-20.124,-31.039,4.2602,49.7,12.415,-50.634,19.947
2.3309,-14.817,-11.095,-1.3039,-19.929,-30.922,4.3194,49.477,12.413,-50.497,19.877
2.3725,-14.742,-11.107,-1.3111,-19.733,-30.804,4.3754,49.245,12.399,-50.355,19.818
2.4317,-14.665,-11.119,-1.3182,-19.538,-30.684,4.4278,49.008,12.374,-50.211,19.769
2.5028,-14.586,-11.131,-1.3252,-19.344,-30.563,4.4766,48.764,12.34,-50.066,19.73
2.5804,-14.505,-11.144,-1.3323,-19.151,-30.441,4.5216,48.515,12.296,-49.921,19.701
2.66,-14.422,-11.156,-1.3394,-18.96,-30.32,4.5626,48.263,12.244,-49.778,19.681
2.7377,-14.338,-11.168,-1.3466,-18.77,-30.198,4.5997,48.006,12.184,-49.639,19.67
2.8109,-14.252,-11.179,-1.354,-18.582,-30.078,4.6329,47.747,12.119,-49.504,19.668
2.8773,-14.165,-11.19,-1.3616,-18.396,-29.958,4.6621,47.486,12.048,-49.373,19.675
2.9353,-14.077,-11.201,-1.3695,-18.212,-29.84,4.6874,47.224,11.973,-49.249,19.689
2.9841,-13.988,-11.211,-1.3776,-18.03,-29.724,4.7091,46.96,11.895,-49.131,19.711
3.0231,-13.899,-11.221,-1.3861,-17.851,-29.61,4.7273,46.697,11.815,-49.019,19.74
3.0521,-13.808,-11.23,-1.3948,-17.675,-29.498,4.7423,46.434,11.734,-48.915,19.776
3.0714,-13.718,-11.239,-1.4039,-17.501,-29.389,4.7543,46.171,11.653,-48.816,19.818
3.0813,-13.627,-11.247,-1.4133,-17.329,-29.282,4.7638,45.91,11.573,-48.725,19.866
3.0824,-13.536,-11.255,-1.423,-17.16,-29.178,4.771,45.651,11.495,-48.639,19.919
3.0756,-13.445,-11.262,-1.4331,-16.993,-29.077,4.7765,45.393,11.419,-48.559,19.978
3.0618,-13.354,-11.27,-1.4435,-16.828,-28.979,4.7805,45.137,11.347,-48.484,20.042
3.0418,-13.264,-11.277,-1.4542,-16.666,-28.884,4.7836,44.884,11.278,-48.412,20.11
3.0168,-13.173,-11.285,-1.4653,-16.505,-28.792,4.7861,44.633,11.214,-48.345,20.183
2.9878,-13.083,-11.292,-1.4767,-16.346,-28.702,4.7885,44.384,11.155,-48.28,20.26
2.9559,-12.994,-11.3,-1.4884,-16.188,-28.614,4.7912,44.139,11.101,-48.216,20.341
2.9219,-12.905,-11.307,-1.5005,-16.031,-28.53,4.7946,43.896,11.052,-48.154,20.426
2.8868,-12.817,-11.316,-1.5129,-15.876,-28.447,4.7988,43.657,11.008,-48.092,20.515
2.8515,-12.729,-11.324,-1.5255,-15.722,-28.367,4.8044,43.42,10.971,-48.029,20.607
2.8168,-12.642,-11.334,-1.5384,-15.569,-28.288,4.8113,43.187,10.939,-47.965,20.703
2.7831,-12.555,-11.343,-1.5515,-15.417,-28.211,4.8198,42.957,10.912,-47.899,20.803
2.7512,-12.469,-11.354,-1.5648,-15.265,-28.135,4.8299,42.73,10.891,-47.83,20.905
2.7213,-12.384,-11.365,-1.5781,-15.115,-28.061,4.8416,42.507,10.874,-47.759,21.01
2.6939,-12.298,-11.377,-1.5915,-14.965,-27.987,4.8548,42.287,10.863,-47.685,21.118
2.669,-12.214,-11.39,-1.6048,-14.817,-27.915,4.8694,42.071,10.856,-47.608,21.227
2.6467,-12.129,-11.404,-1.618,-14.669,-27.843,4.8851,41.86,10.854,-47.527,21.339
2.627,-12.045,-11.419,-1.631,-14.524,-27.771,4.9016,41.652,10.855,-47.444,21.452
2.6097,-11.961,-11.434,-1.6436,-14.38,-27.7,4.9188,41.448,10.86,-47.358,21.565
2.5946,-11.877,-11.45,-1.6557,-14.238,-27.629,4.936,41.249,10.868,-47.269,21.68
2.5814,-11.793,-11.467,-1.6673,-14.098,-27.558,4.9531,41.055,10.878,-47.178,21.794
2.5695,-11.709,-11.484,-1.6783,-13.961,-27.488,4.9694,40.866,10.891,-47.086,21.907
2.5586,-11.626,-11.502,-1.6885,-13.827,-27.417,4.9848,40.682,10.906,-46.993,22.02
2.548,-11.543,-11.521,-1.6979,-13.697,-27.347,4.9987,40.503,10.922,-46.9,22.131
2.5372,-11.459,-11.54,-1.7064,-13.571,-27.277,5.0108,40.33,10.939,-46.808,22.239
2.5255,-11.377,-11.559,-1.714,-13.449,-27.206,5.0208,40.162,10.958,-46.717,22.345
2.5122,-11.294,-11.579,-1.7206,-13.332,-27.137,5.0284,40.001,10.976,-46.629,22.449
2.4966,-11.212,-11.598,-1.7263,-13.22,-27.067,5.0333,39.845,10.995,-46.543,22.548
2.4782,-11.13,-11.618,-1.7309,-13.113,-26.998,5.0355,39.695,11.014,-46.461,22.644
2.4562,-11.049,-11.638,-1.7346,-13.012,-26.93,5.0348,39.552,11.033,-46.383,22.736
2.4302,-10.969,-11.657,-1.7374,-12.917,-26.863,5.0312,39.415,11.051,-46.31,22.823
2.3994,-10.889,-11.677,-1.7393,-12.828,-26.796,5.0247,39.283,11.068,-46.242,22.906
2.3637,-10.811,-11.696,-1.7405,-12.745,-26.73,5.0156,39.158,11.084,-46.18,22.984
2.3225,-10.734,-11.715,-1.741,-12.668,-26.666,5.004,39.038,11.1,-46.123,23.058
2.2757,-10.659,-11.734,-1.7409,-12.597,-26.602,4.99,38.924,11.114,-46.073,23.126
2.2232,-10.585,-11.752,-1.7404,-12.532,-26.54,4.9741,38.816,11.127,-46.029,23.189
2.165,-10.514,-11.769,-1.7395,-12.473,-26.48,4.9566,38.712,11.138,-45.99,23.247
2.1013,-10.444,-11.787,-1.7384,-12.419,-26.421,4.9377,38.613,11.148,-45.958,23.301
2.0324,-10.377,-11.804,-1.7373,-12.371,-26.363,4.9179,38.519,11.156,-45.931,23.35
1.9587,-10.312,-11.82,-1.7361,-12.328,-26.307,4.8976,38.428,11.162,-45.91,23.394
1.8809,-10.249,-11.836,-1.735,-12.289,-26.252,4.8771,38.34,11.166,-45.893,23.433
1.7996,-10.189,-11.851,-1.7342,-12.255,-26.199,4.8569,38.256,11.168,-45.881,23.468
1.7157,-10.132,-11.866,-1.7337,-12.225,-26.147,4.8373,38.174,11.168,-45.872,23.499
1.63,-10.078,-11.881,-1.7336,-12.197,-26.097,4.8186,38.094,11.165,-45.867,23.526
1.5438,-10.027,-11.895,-1.7338,-12.173,-26.049,4.8011,38.016,11.16,-45.865,23.549
1.4579,-9.9786,-11.909,-1.7346,-12.151,-26.002,4.7851,37.938,11.152,-45.864,23.568
1.3737,-9.9334,-11.923,-1.7357,-12.131,-25.956,4.7708,37.861,11.142,-45.864,23.584
1.2923,-9.891,-11.936,-1.7374,-12.112,-25.912,4.7584,37.784,11.128,-45.864,23.597
1.215,-9.8517,-11.949,-1.7394,-12.094,-25.869,4.748,37.707,11.112,-45.864,23.606
1.1428,-9.8151,-11.961,-1.7418,-12.076,-25.827,4.7396,37.629,11.093,-45.863,23.612
1.0768,-9.7813,-11.973,-1.7445,-12.058,-25.787,4.7333,37.549,11.071,-45.859,23.615
1.018,-9.75,-11.985,-1.7475,-12.04,-25.748,4.7291,37.468,11.045,-45.852,23.615
0.96716,-9.7213,-11.997,-1.7506,-12.021,-25.709,4.7268,37.385,11.017,-45.843,23.613
0.92464,-9.6948,-12.009,-1.7537,-12.001,-25.672,4.7265,37.3,10.986,-45.829,23.609
0.89069,-9.6703,-12.02,-1.7568,-11.979,-25.636,4.728,37.213,10.952,-45.81,23.602
0.86516,-9.6477,-12.031,-1.7596,-11.956,-25.6,4.731,37.123,10.915,-45.787,23.593
0.84768,-9.6266,-12.042,-1.7622,-11.931,-25.565,4.7354,37.031,10.876,-45.758,23.583
0.83765,-9.6069,-12.053,-1.7644,-11.903,-25.53,4.741,36.937,10.835,-45.724,23.571
0.83435,-9.5883,-12.064,-1.766,-11.874,-25.496,4.7476,36.84,10.792,-45.685,23.558
0.837,-9.5706,-12.074,-1.7671,-11.843,-25.463,4.7548,36.741,10.747,-45.641,23.543
0.84487,-9.5533,-12.085,-1.7674,-11.81,-25.429,4.7624,36.64,10.702,-45.592,23.528
0.8573,-9.5364,-12.095,-1.7668,-11.775,-25.396,4.7702,36.537,10.656,-45.538,23.512
0.87367,-9.5195,-12.106,-1.7654,-11.738,-25.363,4.7778,36.433,10.61,-45.48,23.496
0.89343,-9.5025,-12.116,-1.7631,-11.7,-25.33,4.7851,36.327,10.565,-45.418,23.48
0.91607,-9.485,-12.127,-1.7597,-11.66,-25.297,4.7916,36.22,10.52,-45.353,23.464
0.94102,-9.467,-12.137,-1.7553,-11.619,-25.265,4.7973,36.113,10.478,-45.286,23.448
0.96767,-9.4482,-12.148,-1.7499,-11.578,-25.232,4.8018,36.006,10.437,-45.217,23.432
0.99535,-9.4286,-12.158,-1.7435,-11.535,-25.2,4.805,35.9,10.399,-45.147,23.417
1.0232,-9.408,-12.169,-1.7361,-11.493,-25.168,4.8066,35.794,10.364,-45.076,23.402
1.0505,-9.3865,-12.18,-1.7277,-11.45,-25.136,4.8065,35.691,10.332,-45.005,23.388
1.0761,-9.3639,-12.19,-1.7185,-11.408,-25.105,4.8045,35.589,10.305,-44.934,23.374
1.099,-9.3404,-12.201,-1.7085,-11.366,-25.075,4.8005,35.49,10.281,-44.865,23.36
1.1182,-9.3159,-12.211,-1.6977,-11.325,-25.045,4.7945,35.395,10.262,-44.796,23.347
1.1325,-9.2906,-12.221,-1.6864,-11.286,-25.016,4.7862,35.303,10.248,-44.73,23.334
1.1408,-9.2647,-12.231,-1.6746,-11.247,-24.988,4.7758,35.216,10.238,-44.665,23.32
1.1422,-9.2382,-12.241,-1.6624,-11.211,-24.961,4.7632,35.135,10.233,-44.602,23.306
1.1359,-9.2115,-12.25,-1.65,-11.176,-24.935,4.7483,35.058,10.232,-44.541,23.291
1.1212,-9.1847,-12.26,-1.6375,-11.143,-24.911,4.7313,34.989,10.236,-44.482,23.276
1.0978,-9.1582,-12.268,-1.6251,-11.113,-24.888,4.7122,34.926,10.245,-44.425,23.259
1.0659,-9.1321,-12.276,-1.6129,-11.084,-24.867,4.691,34.871,10.257,-44.369,23.24
1.0267,-9.1067,-12.284,-1.6009,-11.059,-24.847,4.6679,34.824,10.273,-44.315,23.219
0.98225,-9.0824,-12.291,-1.5894,-11.035,-24.828,4.6428,34.786,10.293,-44.261,23.196
0.93674,-9.0594,-12.297,-1.5784,-11.015,-24.81,4.6161,34.757,10.316,-44.208,23.17
0.89683,-9.0381,-12.303,-1.5681,-10.997,-24.793,4.5876,34.739,10.341,-44.156,23.141
0.87255,-9.0187,-12.308,-1.5584,-10.983,-24.777,4.5576,34.732,10.369,-44.102,23.109
0.8768,-9.0014,-12.311,-1.5496,-10.971,-24.76,4.5262,34.738,10.399,-44.048,23.073
0.92274,-8.9866,-12.314,-1.5415,-10.962,-24.744,4.4933,34.756,10.431,-43.992,23.033
1.0194,-8.9744,-12.316,-1.5343,-10.957,-24.727,4.4592,34.788,10.464,-43.935,22.989
1.1692,-8.965,-12.317,-1.5281,-10.956,-24.708,4.4239,34.835,10.499,-43.875,22.94
1.3695,-8.9586,-12.317,-1.5228,-10.958,-24.687,4.3875,34.899,10.534,-43.813,22.888
1.6159,-8.9553,-12.316,-1.5184,-10.964,-24.664,4.3499,34.98,10.571,-43.747,22.831
1.9043,-8.9553,-12.314,-1.515,-10.974,-24.637,4.3112,35.081,10.608,-43.678,22.769
2.2312,-8.9586,-12.31,-1.5125,-10.989,-24.606,4.2715,35.202,10.646,-43.606,22.703
2.5942,-8.9652,-12.306,-1.5111,-11.008,-24.569,4.2307,35.346,10.685,-43.531,22.633
2.9914,-8.9752,-12.3,-1.5106,-11.032,-24.527,4.1888,35.513,10.726,-43.452,22.558
3.4213,-8.9884,-12.293,-1.5111,-11.062,-24.477,4.1458,35.706,10.767,-43.369,22.48
3.8825,-9.0049,-12.285,-1.5126,-11.097,-24.42,4.1017,35.927,10.811,-43.284,22.397
4.3737,-9.0245,-12.275,-1.5153,-11.138,-24.355,4.0563,36.177,10.857,-43.197,22.311
4.8936,-9.047,-12.264,-1.519,-11.186,-24.279,4.0097,36.459,10.906,-43.108,22.222
5.4404,-9.0723,-12.251,-1.524,-11.239,-24.193,3.9617,36.773,10.958,-43.017,22.13
6.0125,-9.1001,-12.238,-1.5303,-11.3,-24.096,3.9123,37.122,11.015,-42.927,22.036
6.608,-9.1302,-12.222,-1.538,-11.366,-23.987,3.8615,37.507,11.077,-42.838,21.939
7.2246,-9.1624,-12.206,-1.5472,-11.44,-23.866,3.8091,37.93,11.145,-42.751,21.842
7.8599,-9.1964,-12.187,-1.5582,-11.521,-23.731,3.7551,38.393,11.22,-42.668,21.744
8.5112,-9.2317,-12.168,-1.5711,-11.608,-23.581,3.6995,38.897,11.303,-42.589,21.646
9.1757,-9.2681,-12.146,-1.586,-11.702,-23.418,3.6422,39.442,11.395,-42.517,21.549
9.8502,-9.3053,-12.123,-1.6032,-11.802,-23.239,3.5831,40.031,11.498,-42.453,21.454
10.531,-9.3427,-12.099,-1.6229,-11.908,-23.044,3.5222,40.663,11.612,-42.398,21.36
11.216,-9.3801,-12.073,-1.6453,-12.02,-22.834,3.4596,41.339,11.739,-42.355,21.27
11.9,-9.4171,-12.045,-1.6706,-12.137,-22.607,3.3951,42.059,11.879,-42.323,21.185
12.58,-9.4531,-12.016,-1.6991,-12.259,-22.363,3.3287,42.824,12.034,-42.305,21.104
13.252,-9.4879,-11.984,-1.731,-12.385,-22.103,3.2606,43.633,12.205,-42.301,21.029
13.913,-9.521,-11.952,-1.7664,-12.514,-21.826,3.1907,44.484,12.392,-42.313,20.96
14.559,-9.552,-11.917,-1.8055,-12.646,-21.531,3.119,45.378,12.596,-42.341,20.899
15.186,-9.5806,-11.881,-1.8487,-12.779,-21.22,3.0456,46.313,12.818,-42.384,20.845
15.79,-9.6063,-11.843,-1.8959,-12.914,-20.892,2.9705,47.287,13.057,-42.444,20.799
16.369,-9.6287,-11.804,-1.9473,-13.048,-20.547,2.8939,48.299,13.314,-42.52,20.761
16.918,-9.6477,-11.763,-2.0031,-13.182,-20.185,2.8158,49.345,13.589,-42.61,20.73
17.436,-9.6628,-11.72,-2.0633,-13.314,-19.806,2.7364,50.423,13.881,-42.714,20.707
17.919,-9.6738,-11.675,-2.128,-13.444,-19.411,2.6557,51.531,14.189,-42.831,20.691
18.366,-9.6805,-11.629,-2.1972,-13.571,-19.001,2.5741,52.666,14.514,-42.958,20.681
18.773,-9.6826,-11.581,-2.2709,-13.695,-18.574,2.4916,53.822,14.853,-43.093,20.676
19.14,-9.68,-11.531,-2.3491,-13.814,-18.133,2.4085,54.999,15.205,-43.234,20.674
19.465,-9.6727,-11.48,-2.4318,-13.928,-17.677,2.3251,56.19,15.569,-43.379,20.675
19.748,-9.6604,-11.426,-2.5188,-14.038,-17.206,2.2417,57.393,15.944,-43.526,20.676
19.987,-9.6433,-11.371,-2.61,-14.141,-16.722,2.1585,58.604,16.327,-43.671,20.676
20.182,-9.6213,-11.314,-2.7055,-14.239,-16.224,2.0761,59.818,16.717,-43.812,20.673
20.335,-9.5945,-11.255,-2.8049,-14.331,-15.714,1.9947,61.032,17.113,-43.947,20.666
20.444,-9.5631,-11.194,-2.9083,-14.417,-15.192,1.9149,62.243,17.511,-44.075,20.654
20.512,-9.5272,-11.131,-3.0153,-14.496,-14.659,1.8371,63.445,17.911,-44.192,20.634
20.539,-9.487,-11.065,-3.1258,-14.57,-14.115,1.7619,64.636,18.311,-44.298,20.606
20.528,-9.4427,-10.997,-3.2398,-14.638,-13.562,1.6897,65.813,18.709,-44.392,20.569
20.479,-9.3947,-10.927,-3.3568,-14.7,-12.999,1.6212,66.973,19.104,-44.473,20.523
20.395,-9.3433,-10.854,-3.4769,-14.757,-12.429,1.557,68.112,19.494,-44.54,20.466
20.278,-9.2887,-10.779,-3.5997,-14.809,-11.851,1.4976,69.229,19.878,-44.593,20.398
20.131,-9.2314,-10.701,-3.7252,-14.857,-11.266,1.4436,70.322,20.255,-44.633,20.321
19.956,-9.1716,-10.62,-3.853,-14.9,-10.676,1.3956,71.388,20.623,-44.659,20.233
19.755,-9.1098,-10.536,-3.983,-14.94,-10.081,1.3542,72.426,20.982,-44.673,20.135
19.532,-9.0462,-10.449,-4.115,-14.976,-9.4826,1.3199,73.435,21.331,-44.676,20.029
19.288,-8.9812,-10.359,-4.2489,-15.009,-8.8809,1.2932,74.413,21.669,-44.668,19.915
19.027,-8.9152,-10.265,-4.3843,-15.041,-8.277,1.2746,75.361,21.995,-44.65,19.794
18.751,-8.8484,-10.169,-4.5212,-15.07,-7.672,1.2644,76.278,22.309,-44.625,19.668
18.462,-8.7811,-10.068,-4.6594,-15.098,-7.0665,1.263,77.163,22.611,-44.593,19.538
18.163,-8.7136,-9.9647,-4.7986,-15.126,-6.4615,1.2707,78.017,22.899,-44.556,19.405
17.856,-8.6461,-9.8574,-4.9387,-15.152,-5.8579,1.2875,78.839,23.174,-44.514,19.271
17.543,-8.5787,-9.7466,-5.0795,-15.179,-5.2563,1.3136,79.63,23.434,-44.469,19.137
17.225,-8.5116,-9.6321,-5.2209,-15.207,-4.6576,1.349,80.389,23.681,-44.422,19.005
16.905,-8.4449,-9.514,-5.3627,-15.235,-4.0626,1.3937,81.118,23.913,-44.375,18.876
16.583,-8.3787,-9.3923,-5.5047,-15.264,-3.472,1.4474,81.817,24.13,-44.327,18.752
16.26,-8.313,-9.267,-5.6467,-15.295,-2.8864,1.51,82.487,24.332,-44.28,18.633
15.938,-8.2478,-9.1382,-5.7886,-15.328,-2.3066,1.5811,83.127,24.519,-44.235,18.522
15.618,-8.1831,-9.0058,-5.9303,-15.363,-1.7331,1.6604,83.738,24.691,-44.191,18.418
15.299,-8.1188,-8.8701,-6.0716,-15.401,-1.1664,1.7475,84.322,24.848,-44.15,18.322
14.983,-8.0548,-8.7312,-6.2124,-15.441,-0.60713,1.8418,84.879,24.99,-44.111,18.236
14.669,-7.991,-8.5891,-6.3525,-15.483,-0.05572,1.9429,85.409,25.116,-44.075,18.16
14.357,-7.9273,-8.444,-6.4919,-15.529,0.48739,2.0501,85.912,25.228,-44.042,18.094
14.049,-7.8636,-8.2961,-6.6303,-15.579,1.0218,2.163,86.391,25.325,-44.012,18.039
13.742,-7.7997,-8.1456,-6.7676,-15.631,1.5472,2.2809,86.845,25.407,-43.986,17.994
13.438,-7.7355,-7.9927,-6.9039,-15.687,2.0633,2.4032,87.275,25.475,-43.962,17.959
13.135,-7.6709,-7.8376,-7.0389,-15.747,2.5697,2.5293,87.682,25.529,-43.941,17.934
12.834,-7.6057,-7.6806,-7.1725,-15.81,3.0663,2.6588,88.066,25.569,-43.923,17.919
12.534,-7.5399,-7.5219,-7.3048,-15.877,3.5528,2.7909,88.428,25.596,-43.908,17.914
12.234,-7.4733,-7.3619,-7.4355,-15.949,4.029,2.9252,88.769,25.611,-43.895,17.917
11.934,-7.4059,-7.2007,-7.5646,-16.024,4.4948,3.0611,89.09,25.614,-43.884,17.928
11.634,-7.3376,-7.0387,-7.6922,-16.102,4.95,3.1981,89.391,25.606,-43.875,17.946
11.333,-7.2684,-6.8762,-7.818,-16.185,5.3945,3.3359,89.673,25.587,-43.868,17.971
11.03,-7.1983,-6.7135,-7.942,-16.272,5.8281,3.4738,89.937,25.559,-43.863,18.001
10.726,-7.1275,-6.5508,-8.0642,-16.362,6.2508,3.6116,90.183,25.521,-43.858,18.036
10.42,-7.0558,-6.3885,-8.1846,-16.456,6.6624,3.7488,90.412,25.475,-43.855,18.075
10.111,-6.9835,-6.2269,-8.303,-16.554,7.0628,3.885,90.626,25.422,-43.852,18.117
9.8002,-6.9106,-6.0662,-8.4195,-16.654,7.452,4.02,90.824,25.362,-43.85,18.161
9.4865,-6.8374,-5.9069,-8.5341,-16.758,7.8297,4.1534,91.007,25.296,-43.848,18.207
9.1701,-6.7639,-5.7491,-8.6466,-16.864,8.196,4.2848,91.177,25.226,-43.847,18.253
8.8511,-6.6904,-5.5932,-8.7571,-16.973,8.5507,4.4141,91.334,25.151,-43.845,18.298
8.5295,-6.6171,-5.4394,-8.8656,-17.085,8.8936,4.5409,91.479,25.072,-43.843,18.343
8.2057,-6.5441,-5.2881,-8.9719,-17.198,9.2247,4.6649,91.611,24.991,-43.841,18.386
7.8799,-6.4718,-5.1394,-9.0762,-17.312,9.5439,4.786,91.733,24.908,-43.838,18.427
7.5526,-6.4003,-4.9937,-9.1783,-17.428,9.8509,4.9038,91.845,24.823,-43.835,18.465
7.2242,-6.3299,-4.8512,-9.2783,-17.544,10.146,5.0182,91.948,24.738,-43.83,18.5
6.8953,-6.2609,-4.7121,-9.376,-17.66,10.428,5.1289,92.041,24.653,-43.825,18.532
6.5667,-6.1933,-4.5767,-9.4716,-17.777,10.698,5.2358,92.126,24.569,-43.818,18.56
6.2391,-6.1275,-4.4452,-9.5648,-17.893,10.956,5.3386,92.203,24.485,-43.811,18.584
5.9134,-6.0637,-4.3177,-9.6558,-18.008,11.201,5.4371,92.274,24.402,-43.801,18.604
5.5906,-6.002,-4.1944,-9.7443,-18.121,11.433,5.5312,92.337,24.322,-43.791,18.62
5.2715,-5.9425,-4.0755,-9.8304,-18.234,11.653,5.6207,92.395,24.243,-43.779,18.632
4.9573,-5.8854,-3.9612,-9.9139,-18.344,11.859,5.7055,92.447,24.167,-43.766,18.641
4.649,-5.8308,-3.8515,-9.9947,-18.451,12.054,5.7855,92.494,24.094,-43.751,18.645
4.3479,-5.7788,-3.7466,-10.073,-18.557,12.235,5.8606,92.537,24.023,-43.735,18.646
4.0551,-5.7294,-3.6465,-10.148,-18.659,12.404,5.9308,92.575,23.956,-43.718,18.643
3.7717,-5.6826,-3.5513,-10.22,-18.759,12.561,5.9961,92.61,23.891,-43.7,18.637
3.499,-5.6385,-3.461,-10.289,-18.855,12.706,6.0565,92.641,23.829,-43.68,18.629
3.2381,-5.597,-3.3756,-10.355,-18.948,12.839,6.112,92.668,23.77,-43.66,18.618
2.9902,-5.5581,-3.2951,-10.417,-19.038,12.961,6.1629,92.693,23.714,-43.639,18.606
2.7566,-5.5216,-3.2194,-10.476,-19.124,13.072,6.2091,92.716,23.66,-43.617,18.592
2.5383,-5.4875,-3.1484,-10.531,-19.207,13.172,6.251,92.736,23.609,-43.595,18.577
2.3365,-5.4556,-3.082,-10.582,-19.287,13.262,6.2888,92.753,23.56,-43.573,18.562
2.1522,-5.4259,-3.0199,-10.629,-19.364,13.343,6.3228,92.769,23.513,-43.552,18.546
1.9867,-5.3981,-2.962,-10.673,-19.437,13.415,6.3533,92.783,23.467,-43.53,18.531
1.8408,-5.3721,-2.908,-10.712,-19.508,13.479,6.3806,92.795,23.423,-43.509,18.517
1.7157,-5.3477,-2.8577,-10.748,-19.577,13.535,6.4052,92.805,23.379,-43.489,18.505
1.6121,-5.3248,-2.8107,-10.779,-19.643,13.585,6.4274,92.813,23.335,-43.47,18.495
1.5306,-5.3032,-2.7666,-10.807,-19.707,13.628,6.4478,92.82,23.291,-43.452,18.487
1.4717,-5.2826,-2.7251,-10.831,-19.769,13.667,6.4666,92.826,23.247,-43.435,18.482
1.4354,-5.263,-2.6857,-10.852,-19.83,13.701,6.4844,92.829,23.201,-43.42,18.481
1.421,-5.244,-2.648,-10.87,-19.891,13.732,6.5016,92.831,23.153,-43.407,18.483
1.4278,-5.2256,-2.6114,-10.884,-19.95,13.761,6.5188,92.832,23.104,-43.396,18.49
1.4545,-5.2076,-2.5755,-10.896,-20.009,13.787,6.5362,92.831,23.051,-43.386,18.502
1.4995,-5.1899,-2.5398,-10.905,-20.069,13.813,6.5543,92.827,22.995,-43.378,18.519
1.5613,-5.1721,-2.5037,-10.913,-20.129,13.838,6.5737,92.822,22.936,-43.372,18.541
1.6383,-5.1544,-2.4666,-10.919,-20.19,13.865,6.5945,92.815,22.873,-43.368,18.569
1.7288,-5.1364,-2.4281,-10.924,-20.252,13.892,6.6173,92.806,22.805,-43.365,18.603
1.8314,-5.1181,-2.3875,-10.929,-20.316,13.922,6.6424,92.794,22.732,-43.364,18.643
1.9447,-5.0995,-2.3444,-10.934,-20.382,13.954,6.6701,92.78,22.654,-43.365,18.689
2.0671,-5.0802,-2.2983,-10.94,-20.451,13.99,6.7007,92.763,22.57,-43.367,18.742
2.1974,-5.0604,-2.2486,-10.947,-20.522,14.03,6.7344,92.743,22.481,-43.37,18.801
2.3342,-5.0399,-2.1948,-10.956,-20.596,14.074,6.7716,92.72,22.387,-43.374,18.867
2.4761,-5.0186,-2.1367,-10.968,-20.674,14.123,6.8123,92.694,22.286,-43.378,18.939
2.6217,-4.9964,-2.0738,-10.983,-20.755,14.178,6.8568,92.665,22.18,-43.383,19.017
2.7696,-4.9733,-2.0057,-11.002,-20.84,14.238,6.9051,92.632,22.068,-43.388,19.101
2.9186,-4.9492,-1.9321,-11.025,-20.928,14.304,6.9573,92.595,21.951,-43.393,19.191
3.0673,-4.924,-1.8529,-11.053,-21.021,14.376,7.0135,92.554,21.828,-43.398,19.286
3.2144,-4.8976,-1.7679,-11.087,-21.119,14.454,7.0735,92.509,21.699,-43.402,19.386
3.3587,-4.87,-1.6769,-11.125,-21.22,14.539,7.1372,92.459,21.566,-43.406,19.491
3.4991,-4.8409,-1.5799,-11.17,-21.326,14.63,7.2046,92.405,21.427,-43.408,19.6
3.6345,-4.8104,-1.4769,-11.222,-21.437,14.727,7.2754,92.347,21.285,-43.41,19.713
3.7639,-4.7784,-1.368,-11.279,-21.551,14.83,7.3494,92.284,21.138,-43.409,19.828
3.8864,-4.7446,-1.2533,-11.344,-21.671,14.939,7.4263,92.217,20.987,-43.408,19.946
4.0014,-4.7091,-1.1329,-11.415,-21.794,15.054,7.5057,92.145,20.834,-43.405,20.066
4.1081,-4.6716,-1.0072,-11.492,-21.922,15.175,7.5872,92.068,20.677,-43.4,20.188
4.2059,-4.6321,-0.8764,-11.576,-22.053,15.301,7.6705,91.987,20.518,-43.394,20.31
4.2946,-4.5905,-0.74082,-11.667,-22.189,15.432,7.7551,91.902,20.358,-43.386,20.432
4.3738,-4.5467,-0.60084,-11.763,-22.328,15.567,7.8406,91.813,20.196,-43.376,20.554
4.4432,-4.5006,-0.45687,-11.866,-22.47,15.707,7.9264,91.72,20.033,-43.365,20.674
4.503,-4.4521,-0.30933,-11.974,-22.616,15.851,8.0121,91.623,19.87,-43.353,20.794
4.553,-4.4012,-0.15865,-12.087,-22.765,15.999,8.0972,91.524,19.707,-43.34,20.911
4.5935,-4.3478,-0.0052888,-12.204,-22.917,16.15,8.1813,91.422,19.544,-43.326,21.026
4.6246,-4.292,0.15031,-12.326,-23.071,16.303,8.2639,91.317,19.383,-43.312,21.138
4.6468,-4.2338,0.3077,-12.451,-23.227,16.459,8.3446,91.21,19.222,-43.298,21.247
4.6603,-4.1732,0.46645,-12.58,-23.385,16.617,8.4231,91.102,19.062,-43.283,21.353
4.6657,-4.1104,0.62613,-12.711,-23.544,16.776,8.4991,90.993,18.905,-43.269,21.454
4.6635,-4.0454,0.78636,-12.844,-23.705,16.937,8.5724,90.883,18.749,-43.256,21.552
4.6542,-3.9785,0.94676,-12.979,-23.867,17.098,8.6427,90.773,18.595,-43.243,21.646
4.6385,-3.9098,1.107,-13.114,-24.028,17.26,8.7099,90.664,18.444,-43.232,21.736
4.6169,-3.8395,1.2667,-13.251,-24.191,17.421,8.7741,90.555,18.294,-43.222,21.821
4.59,-3.7679,1.4257,-13.387,-24.352,17.582,8.8352,90.448,18.147,-43.214,21.902
4.5586,-3.6952,1.5837,-13.524,-24.513,17.743,8.8933,90.343,18.003,-43.207,21.98
4.5231,-3.6218,1.7405,-13.66,-24.674,17.902,8.9485,90.24,17.861,-43.203,22.053
4.4841,-3.548,1.8959,-13.795,-24.832,18.059,9.0011,90.139,17.721,-43.199,22.123
4.4422,-3.474,2.0497,-13.929,-24.99,18.215,9.0513,90.042,17.583,-43.198,22.189
4.3978,-3.4002,2.2018,-14.062,-25.145,18.368,9.0994,89.947,17.448,-43.198,22.252
4.3513,-3.3269,2.3522,-14.194,-25.298,18.519,9.1456,89.857,17.316,-43.2,22.311
4.3031,-3.2544,2.5008,-14.324,-25.448,18.667,9.1904,89.77,17.186,-43.204,22.368
4.2533,-3.1831,2.6474,-14.452,-25.595,18.812,9.234,89.688,17.058,-43.208,22.422
4.2023,-3.1132,2.7921,-14.579,-25.74,18.954,9.2769,89.61,16.932,-43.214,22.473
4.1499,-3.0451,2.9349,-14.703,-25.88,19.092,9.3193,89.536,16.81,-43.22,22.523
4.0963,-2.979,3.0756,-14.827,-26.018,19.226,9.3616,89.467,16.689,-43.227,22.571
4.0413,-2.9151,3.2144,-14.948,-26.151,19.357,9.404,89.402,16.572,-43.235,22.616
3.9848,-2.8537,3.351,-15.068,-26.28,19.484,9.447,89.342,16.457,-43.242,22.661
3.9265,-2.7949,3.4856,-15.185,-26.405,19.606,9.4906,89.287,16.344,-43.25,22.704
3.8661,-2.7389,3.6181,-15.301,-26.526,19.725,9.5351,89.236,16.235,-43.258,22.746
3.8032,-2.6858,3.7484,-15.415,-26.642,19.839,9.5806,89.189,16.129,-43.265,22.787
3.7376,-2.6357,3.8765,-15.528,-26.754,19.949,9.6273,89.147,16.026,-43.272,22.828
3.6688,-2.5885,4.0023,-15.638,-26.862,20.055,9.6752,89.109,15.927,-43.278,22.867
3.5963,-2.5444,4.1257,-15.747,-26.964,20.156,9.7243,89.075,15.831,-43.284,22.906
3.52,-2.5034,4.2466,-15.853,-27.063,20.253,9.7746,89.044,15.739,-43.289,22.944
3.4393,-2.4653,4.3649,-15.957,-27.156,20.346,9.8259,89.017,15.651,-43.294,22.981
3.3541,-2.4301,4.4805,-16.06,-27.245,20.435,9.8782,88.994,15.568,-43.298,23.018
3.2641,-2.3977,4.5931,-16.159,-27.329,20.519,9.9313,88.973,15.488,-43.301,23.053
3.1692,-2.3681,4.7027,-16.257,-27.409,20.6,9.985,88.955,15.413,-43.304,23.088
3.0692,-2.341,4.8091,-16.351,-27.485,20.676,10.039,88.94,15.342,-43.307,23.121
2.9643,-2.3163,4.9122,-16.443,-27.556,20.749,10.093,88.927,15.276,-43.309,23.153
2.8546,-2.2939,5.0117,-16.532,-27.623,20.817,10.147,88.917,15.215,-43.31,23.184
2.7402,-2.2737,5.1076,-16.618,-27.685,20.882,10.201,88.908,15.158,-43.312,23.213
2.6214,-2.2553,5.1996,-16.701,-27.744,20.942,10.254,88.901,15.106,-43.313,23.241
2.4986,-2.2387,5.2877,-16.78,-27.798,20.999,10.306,88.896,15.059,-43.314,23.267
2.3723,-2.2238,5.3716,-16.855,-27.849,21.052,10.356,88.892,15.017,-43.314,23.291
2.243,-2.2102,5.4513,-16.927,-27.896,21.102,10.405,88.89,14.979,-43.315,23.313
2.1112,-2.1979,5.5268,-16.994,-27.939,21.147,10.452,88.889,14.945,-43.315,23.334
1.9777,-2.1868,5.5977,-17.058,-27.978,21.189,10.498,88.889,14.917,-43.315,23.352
1.843,-2.1766,5.6643,-17.117,-28.015,21.227,10.54,88.889,14.892,-43.316,23.368
1.708,-2.1673,5.7263,-17.172,-28.047,21.262,10.581,88.891,14.871,-43.316,23.383
1.5732,-2.1588,5.7837,-17.222,-28.077,21.293,10.619,88.894,14.854,-43.316,23.395
1.4395,-2.151,5.8366,-17.269,-28.104,21.321,10.655,88.897,14.841,-43.317,23.406
1.3075,-2.1438,5.885,-17.31,-28.128,21.345,10.688,88.901,14.831,-43.318,23.415
1.1778,-2.1371,5.9289,-17.348,-28.149,21.365,10.718,88.906,14.825,-43.319,23.423
1.0511,-2.1309,5.9684,-17.382,-28.167,21.383,10.747,88.912,14.821,-43.32,23.429
0.92804,-2.1253,6.0036,-17.411,-28.183,21.397,10.772,88.918,14.819,-43.322,23.434
0.80903,-2.1201,6.0345,-17.436,-28.196,21.408,10.796,88.924,14.82,-43.325,23.437
0.69454,-2.1154,6.0614,-17.458,-28.208,21.416,10.818,88.931,14.822,-43.327,23.44
0.58497,-2.1112,6.0843,-17.476,-28.217,21.421,10.838,88.938,14.826,-43.331,23.442
0.48066,-2.1075,6.1033,-17.491,-28.224,21.423,10.856,88.945,14.831,-43.335,23.443
0.38191,-2.1045,6.1188,-17.503,-28.23,21.423,10.874,88.953,14.838,-43.339,23.443
0.28912,-2.102,6.1308,-17.512,-28.234,21.421,10.89,88.961,14.845,-43.344,23.443
0.2031,-2.1002,6.1395,-17.519,-28.236,21.416,10.906,88.968,14.852,-43.35,23.442
0.12647,-2.0991,6.145,-17.523,-28.238,21.409,10.921,88.976,14.86,-43.356,23.44
0.072196,-2.0988,6.1477,-17.526,-28.237,21.4,10.936,88.984,14.868,-43.363,23.438
0.081062,-2.0992,6.1476,-17.527,-28.236,21.389,10.952,88.992,14.877,-43.371,23.436
0.13433,-2.1005,6.1449,-17.527,-28.234,21.376,10.968,88.999,14.885,-43.379,23.432
0.19477,-2.1027,6.1398,-17.526,-28.231,21.362,10.984,89.007,14.893,-43.387,23.428
0.25472,-2.1058,6.1324,-17.524,-28.227,21.347,11.001,89.014,14.902,-43.395,23.424
0.31281,-2.1099,6.1229,-17.522,-28.222,21.33,11.019,89.021,14.91,-43.403,23.418
0.36896,-2.1149,6.1113,-17.52,-28.216,21.312,11.039,89.027,14.919,-43.411,23.411
0.42345,-2.1209,6.0978,-17.517,-28.21,21.293,11.059,89.034,14.928,-43.418,23.403
0.47675,-2.1279,6.0824,-17.515,-28.204,21.273,11.08,89.04,14.938,-43.424,23.394
0.52938,-2.1359,6.0652,-17.513,-28.197,21.252,11.103,89.046,14.948,-43.43,23.382
0.58191,-2.1448,6.0461,-17.512,-28.189,21.231,11.126,89.053,14.96,-43.434,23.369
0.63494,-2.1547,6.0253,-17.511,-28.181,21.208,11.151,89.059,14.973,-43.437,23.353
0.68906,-2.1655,6.0025,-17.51,-28.172,21.185,11.176,89.065,14.988,-43.437,23.335
0.7449,-2.1772,5.9779,-17.509,-28.162,21.16,11.202,89.072,15.005,-43.435,23.314
0.80306,-2.1898,5.9513,-17.509,-28.152,21.135,11.229,89.078,15.024,-43.431,23.289
0.86412,-2.2032,5.9226,-17.51,-28.141,21.109,11.256,89.086,15.046,-43.424,23.261
0.92865,-2.2174,5.8916,-17.51,-28.129,21.082,11.282,89.094,15.072,-43.413,23.228
0.99714,-2.2323,5.8583,-17.51,-28.115,21.053,11.309,89.103,15.101,-43.399,23.191
1.0701,-2.248,5.8225,-17.51,-28.1,21.024,11.334,89.113,15.135,-43.381,23.15
1.1478,-2.2642,5.7839,-17.509,-28.084,20.994,11.359,89.124,15.173,-43.359,23.103
1.2306,-2.2811,5.7424,-17.508,-28.066,20.962,11.383,89.136,15.215,-43.333,23.05
1.3187,-2.2985,5.6979,-17.505,-28.046,20.928,11.405,89.15,15.263,-43.303,22.991
1.4123,-2.3164,5.65,-17.501,-28.025,20.893,11.426,89.166,15.317,-43.268,22.927
1.5113,-2.3347,5.5986,-17.496,-28,20.856,11.444,89.184,15.377,-43.229,22.855
1.6157,-2.3534,5.5436,-17.489,-27.974,20.818,11.46,89.204,15.442,-43.185,22.777
1.7252,-2.3725,5.4846,-17.479,-27.945,20.776,11.474,89.227,15.514,-43.138,22.692
1.8396,-2.392,5.4216,-17.468,-27.913,20.733,11.485,89.252,15.593,-43.086,22.599
1.9586,-2.4117,5.3543,-17.454,-27.878,20.687,11.493,89.28,15.678,-43.03,22.499
2.0817,-2.4316,5.2826,-17.437,-27.84,20.638,11.498,89.311,15.771,-42.971,22.392
2.2084,-2.4518,5.2063,-17.417,-27.798,20.587,11.501,89.345,15.87,-42.908,22.277
2.3383,-2.4722,5.1253,-17.394,-27.753,20.532,11.5,89.382,15.975,-42.842,22.154
2.4708,-2.4928,5.0395,-17.368,-27.705,20.474,11.496,89.423,16.088,-42.773,22.024
2.6052,-2.5136,4.9488,-17.339,-27.654,20.412,11.489,89.467,16.207,-42.702,21.887
2.741,-2.5345,4.8532,-17.306,-27.598,20.346,11.478,89.514,16.333,-42.629,21.743
2.8775,-2.5557,4.7526,-17.27,-27.54,20.276,11.465,89.565,16.464,-42.554,21.592
3.0143,-2.577,4.647,-17.231,-27.477,20.202,11.449,89.619,16.602,-42.479,21.434
3.1506,-2.5986,4.5365,-17.189,-27.411,20.124,11.431,89.676,16.745,-42.403,21.27
3.286,-2.6204,4.421,-17.143,-27.341,20.042,11.409,89.737,16.893,-42.326,21.101
3.4199,-2.6424,4.3006,-17.094,-27.267,19.954,11.385,89.801,17.046,-42.25,20.927
3.552,-2.6647,4.1756,-17.042,-27.19,19.863,11.359,89.868,17.203,-42.175,20.748
3.6818,-2.6874,4.046,-16.986,-27.11,19.766,11.33,89.938,17.363,-42.101,20.565
3.8089,-2.7105,3.9119,-16.928,-27.026,19.665,11.299,90.01,17.527,-42.028,20.379
3.9332,-2.734,3.7736,-16.867,-26.938,19.559,11.265,90.085,17.694,-41.957,20.191
4.0543,-2.7581,3.6312,-16.803,-26.847,19.448,11.23,90.162,17.863,-41.888,20.001
4.1723,-2.7827,3.485,-16.736,-26.752,19.333,11.192,90.241,18.033,-41.822,19.81
4.2869,-2.8079,3.3352,-16.667,-26.655,19.213,11.152,90.322,18.205,-41.758,19.62
4.3983,-2.8339,3.182,-16.595,-26.554,19.089,11.11,90.405,18.378,-41.697,19.43
4.5064,-2.8606,3.0257,-16.521,-26.451,18.96,11.066,90.489,18.552,-41.639,19.242
4.6115,-2.8882,2.8665,-16.444,-26.345,18.828,11.021,90.574,18.726,-41.583,19.056
4.7137,-2.9167,2.7047,-16.365,-26.236,18.691,10.973,90.659,18.9,-41.53,18.873
4.8133,-2.9462,2.5405,-16.283,-26.124,18.551,10.923,90.746,19.075,-41.48,18.694
4.9106,-2.9768,2.374,-16.199,-26.011,18.407,10.871,90.834,19.249,-41.432,18.519
5.0058,-3.0086,2.2055,-16.113,-25.895,18.26,10.816,90.922,19.424,-41.386,18.349
5.0995,-3.0416,2.0352,-16.025,-25.777,18.11,10.76,91.01,19.598,-41.342,18.184
5.1919,-3.076,1.8632,-15.935,-25.658,17.958,10.702,91.099,19.774,-41.3,18.024
5.2835,-3.1118,1.6897,-15.843,-25.537,17.803,10.642,91.188,19.95,-41.258,17.87
5.3746,-3.1492,1.5147,-15.748,-25.415,17.646,10.58,91.277,20.127,-41.218,17.721
5.4657,-3.1881,1.3383,-15.651,-25.291,17.486,10.515,91.367,20.305,-41.178,17.577
5.557,-3.2288,1.1606,-15.553,-25.167,17.325,10.449,91.458,20.486,-41.138,17.439
5.649,-3.2714,0.98172,-15.452,-25.041,17.162,10.381,91.548,20.669,-41.098,17.305
5.7419,-3.3158,0.80157,-15.349,-24.915,16.998,10.312,91.64,20.856,-41.058,17.176
5.8359,-3.3623,0.62018,-15.244,-24.789,16.832,10.24,91.731,21.046,-41.017,17.051
5.9312,-3.4109,0.43753,-15.137,-24.661,16.664,10.167,91.824,21.241,-40.975,16.93
6.028,-3.4617,0.25359,-15.028,-24.533,16.495,10.093,91.917,21.44,-40.931,16.812
6.1261,-3.5149,0.068282,-14.918,-24.405,16.324,10.017,92.011,21.644,-40.887,16.696
6.2255,-3.5705,-0.11845,-14.805,-24.276,16.151,9.9393,92.106,21.854,-40.842,16.582
6.3261,-3.6285,-0.3067,-14.69,-24.146,15.977,9.8606,92.202,22.07,-40.795,16.47
6.4276,-3.6891,-0.49656,-14.573,-24.015,15.8,9.7807,92.299,22.291,-40.748,16.359
6.5297,-3.7524,-0.68813,-14.455,-23.884,15.622,9.6997,92.398,22.519,-40.699,16.248
6.6319,-3.8183,-0.88153,-14.334,-23.752,15.441,9.6175,92.497,22.753,-40.65,16.138
6.7336,-3.8868,-1.0769,-14.211,-23.618,15.257,9.5343,92.598,22.992,-40.6,16.028
6.8343,-3.9581,-1.2743,-14.087,-23.484,15.07,9.45,92.699,23.237,-40.55,15.917
6.9332,-4.032,-1.4738,-13.96,-23.347,14.88,9.3647,92.802,23.488,-40.5,15.806
7.0296,-4.1086,-1.6757,-13.831,-23.21,14.687,9.2783,92.906,23.743,-40.451,15.694
7.1227,-4.1878,-1.8799,-13.7,-23.07,14.49,9.1908,93.011,24.003,-40.402,15.581
7.2116,-4.2694,-2.0866,-13.566,-22.929,14.289,9.1022,93.117,24.266,-40.354,15.468
7.2953,-4.3534,-2.2959,-13.43,-22.785,14.084,9.0124,93.223,24.532,-40.307,15.355
7.373,-4.4396,-2.5077,-13.291,-22.64,13.876,8.9213,93.33,24.8,-40.262,15.241
7.4438,-4.5279,-2.7222,-13.15,-22.492,13.663,8.829,93.438,25.07,-40.218,15.127
7.5069,-4.6181,-2.9392,-13.006,-22.342,13.446,8.7353,93.545,25.34,-40.176,15.014
7.5613,-4.7099,-3.1589,-12.859,-22.19,13.225,8.6401,93.653,25.61,-40.136,14.901
7.6064,-4.8031,-3.3811,-12.709,-22.035,13,8.5435,93.761,25.878,-40.098,14.79
7.6414,-4.8975,-3.6057,-12.556,-21.879,12.771,8.4454,93.868,26.145,-40.062,14.679
7.6658,-4.9928,-3.8325,-12.399,-21.722,12.539,8.3457,93.974,26.408,-40.029,14.571
7.6792,-5.0887,-4.0614,-12.24,-21.563,12.302,8.2445,94.079,26.668,-39.997,14.464
7.6812,-5.1849,-4.2921,-12.078,-21.403,12.063,8.1418,94.184,26.924,-39.967,14.359
7.6717,-5.281,-4.5243,-11.912,-21.242,11.82,8.0377,94.287,27.174,-39.938,14.257
7.6508,-5.3768,-4.7577,-11.743,-21.082,11.575,7.9323,94.388,27.419,-39.912,14.157
7.6186,-5.472,-4.9919,-11.571,-20.922,11.327,7.8258,94.488,27.657,-39.886,14.06
7.5755,-5.5663,-5.2265,-11.396,-20.764,11.076,7.7183,94.585,27.889,-39.861,13.966
7.5222,-5.6593,-5.4609,-11.219,-20.607,10.822,7.6103,94.681,28.113,-39.837,13.875
7.4597,-5.7508,-5.6948,-11.038,-20.453,10.566,7.5019,94.774,28.329,-39.813,13.786
7.3889,-5.8407,-5.9275,-10.855,-20.302,10.308,7.3936,94.865,28.538,-39.789,13.7
7.3112,-5.9286,-6.1586,-10.67,-20.155,10.047,7.2857,94.953,28.739,-39.764,13.617
7.2284,-6.0145,-6.3874,-10.483,-20.014,9.7833,7.1789,95.039,28.931,-39.739,13.536
7.1422,-6.0982,-6.6136,-10.294,-19.877,9.5166,7.0736,95.121,29.115,-39.712,13.457
7.055,-6.1797,-6.8364,-10.104,-19.747,9.2467,6.9704,95.2,29.29,-39.684,13.38
6.9692,-6.259,-7.0555,-9.9124,-19.624,8.9729,6.8699,95.275,29.457,-39.654,13.304
6.8875,-6.3362,-7.2703,-9.7199,-19.509,8.6949,6.7728,95.346,29.616,-39.621,13.229
6.813,-6.4115,-7.4804,-9.5269,-19.402,8.4121,6.6798,95.413,29.767,-39.586,13.155
6.749,-6.4849,-7.6854,-9.3336,-19.304,8.1237,6.5915,95.475,29.91,-39.549,13.081
6.699,-6.5569,-7.8849,-9.1403,-19.215,7.8291,6.5086,95.532,30.046,-39.508,13.008
6.6667,-6.6276,-8.0786,-8.9473,-19.135,7.5275,6.4319,95.582,30.173,-39.464,12.933
6.6557,-6.6975,-8.2663,-8.7548,-19.066,7.2181,6.362,95.626,30.294,-39.417,12.858
6.6696,-6.7671,-8.4478,-8.563,-19.006,6.9001,6.2995,95.662,30.408,-39.367,12.783
6.7119,-6.8367,-8.6229,-8.3723,-18.958,6.5726,6.2449,95.69,30.516,-39.313,12.705
6.7856,-6.907,-8.7915,-8.1828,-18.919,6.2347,6.1987,95.708,30.618,-39.256,12.627
6.8932,-6.9783,-8.9536,-7.9946,-18.891,5.8858,6.1614,95.716,30.714,-39.196,12.547
7.0366,-7.0514,-9.1091,-7.808,-18.873,5.525,6.1334,95.711,30.804,-39.133,12.465
7.217,-7.1267,-9.2581,-7.6231,-18.865,5.1517,6.1148,95.693,30.89,-39.067,12.382
7.4348,-7.2048,-9.4007,-7.4399,-18.866,4.7652,6.1058,95.661,30.971,-38.999,12.297
7.6897,-7.2862,-9.537,-7.2587,-18.877,4.365,6.1065,95.613,31.048,-38.927,12.211
7.9808,-7.3716,-9.667,-7.0794,-18.897,3.9507,6.1168,95.546,31.12,-38.854,12.123
8.3065,-7.4612,-9.791,-6.9023,-18.925,3.522,6.1366,95.461,31.189,-38.779,12.035
8.6647,-7.5557,-9.9091,-6.7273,-18.962,3.0787,6.1654,95.354,31.253,-38.702,11.945
9.0529,-7.6554,-10.021,-6.5545,-19.005,2.6209,6.2031,95.225,31.314,-38.624,11.856
9.4684,-7.7606,-10.128,-6.3841,-19.055,2.1486,6.2492,95.07,31.371,-38.544,11.766
9.9081,-7.8716,-10.23,-6.2162,-19.111,1.6622,6.3029,94.89,31.423,-38.463,11.677
10.369,-7.9885,-10.326,-6.0508,-19.172,1.162,6.3638,94.681,31.471,-38.381,11.588
10.847,-8.1116,-10.418,-5.888,-19.237,0.64872,6.4312,94.442,31.514,-38.297,11.501
11.34,-8.2407,-10.504,-5.7281,-19.307,0.12303,6.5042,94.172,31.551,-38.213,11.416
11.844,-8.376,-10.587,-5.5711,-19.379,-0.41419,6.582,93.868,31.582,-38.127,11.333
12.355,-8.5171,-10.664,-5.4172,-19.453,-0.96192,6.6639,93.529,31.606,-38.039,11.253
12.869,-8.6639,-10.738,-5.2666,-19.528,-1.519,6.749,93.154,31.621,-37.949,11.177
13.385,-8.8162,-10.808,-5.1193,-19.604,-2.0843,6.8363,92.741,31.628,-37.857,11.104
13.898,-8.9734,-10.875,-4.9756,-19.68,-2.6565,6.9251,92.289,31.624,-37.763,11.036
14.404,-9.1351,-10.938,-4.8356,-19.754,-3.2342,7.0144,91.797,31.608,-37.665,10.972
14.901,-9.3008,-10.998,-4.6995,-19.827,-3.8159,7.1036,91.264,31.58,-37.564,10.914
15.386,-9.4699,-11.054,-4.5674,-19.898,-4.4003,7.1919,90.688,31.538,-37.459,10.861
15.855,-9.6417,-11.109,-4.4394,-19.965,-4.9859,7.2785,90.071,31.482,-37.35,10.814
16.306,-9.8155,-11.16,-4.3157,-20.028,-5.5711,7.3629,89.411,31.409,-37.236,10.773
16.736,-9.9906,-11.209,-4.1962,-20.086,-6.1547,7.4445,88.708,31.319,-37.118,10.738
17.143,-10.166,-11.257,-4.0812,-20.14,-6.7353,7.5228,87.963,31.21,-36.994,10.709
17.524,-10.341,-11.302,-3.9706,-20.188,-7.3114,7.5975,87.176,31.083,-36.865,10.687
17.876,-10.515,-11.346,-3.8644,-20.229,-7.8818,7.6682,86.347,30.937,-36.731,10.672
18.199,-10.688,-11.388,-3.7627,-20.264,-8.4454,7.7346,85.477,30.77,-36.592,10.663
18.49,-10.857,-11.429,-3.6653,-20.292,-9.001,7.7967,84.568,30.583,-36.448,10.661
18.748,-11.023,-11.469,-3.5722,-20.312,-9.5476,7.8543,83.621,30.376,-36.3,10.665
18.972,-11.185,-11.508,-3.4834,-20.324,-10.084,7.9075,82.637,30.148,-36.149,10.676
19.16,-11.342,-11.546,-3.3986,-20.329,-10.61,7.9562,81.619,29.9,-35.994,10.694
19.311,-11.494,-11.583,-3.3179,-20.325,-11.125,8.0004,80.568,29.632,-35.838,10.718
19.425,-11.64,-11.62,-3.2409,-20.313,-11.627,8.0404,79.486,29.345,-35.68,10.749
19.501,-11.779,-11.656,-3.1676,-20.293,-12.117,8.0762,78.377,29.04,-35.521,10.787
19.539,-11.912,-11.691,-3.0977,-20.265,-12.593,8.1079,77.242,28.717,-35.362,10.83
19.538,-12.037,-11.727,-3.0312,-20.228,-13.056,8.1357,76.084,28.377,-35.205,10.88
19.5,-12.154,-11.761,-2.9677,-20.184,-13.505,8.1597,74.907,28.022,-35.05,10.937
19.423,-12.264,-11.795,-2.9072,-20.132,-13.939,8.1801,73.713,27.653,-34.897,10.999
19.31,-12.366,-11.829,-2.8493,-20.073,-14.359,8.1969,72.505,27.271,-34.748,11.068
19.159,-12.461,-11.862,-2.794,-20.007,-14.765,8.2103,71.286,26.877,-34.604,11.142
18.972,-12.547,-11.895,-2.7411,-19.934,-15.155,8.2203,70.059,26.473,-34.463,11.221
18.75,-12.626,-11.927,-2.6903,-19.856,-15.531,8.227,68.829,26.061,-34.328,11.306
18.494,-12.697,-11.958,-2.6415,-19.772,-15.892,8.2304,67.597,25.641,-34.199,11.396
18.205,-12.761,-11.989,-2.5947,-19.683,-16.237,8.2306,66.367,25.216,-34.075,11.49
17.885,-12.818,-12.018,-2.5495,-19.59,-16.568,8.2276,65.142,24.787,-33.956,11.589
17.535,-12.867,-12.047,-2.506,-19.494,-16.884,8.2215,63.925,24.355,-33.843,11.691
17.158,-12.911,-12.075,-2.4639,-19.394,-17.184,8.2122,62.72,23.922,-33.736,11.797
16.754,-12.948,-12.102,-2.4233,-19.293,-17.47,8.2,61.529,23.489,-33.634,11.906
16.326,-12.979,-12.129,-2.384,-19.189,-17.74,8.1847,60.356,23.057,-33.537,12.017
15.876,-13.005,-12.154,-2.3459,-19.085,-17.997,8.1666,59.202,22.628,-33.444,12.131
15.406,-13.026,-12.178,-2.3091,-18.98,-18.238,8.1459,58.07,22.203,-33.356,12.246
14.918,-13.043,-12.202,-2.2734,-18.875,-18.465,8.1226,56.963,21.783,-33.271,12.362
14.416,-13.055,-12.224,-2.2389,-18.771,-18.678,8.097,55.882,21.368,-33.19,12.479
13.9,-13.063,-12.246,-2.2054,-18.668,-18.878,8.0693,54.831,20.959,-33.111,12.596
13.375,-13.068,-12.267,-2.1731,-18.567,-19.063,8.0399,53.81,20.558,-33.034,12.714
12.842,-13.07,-12.286,-2.1419,-18.468,-19.236,8.0089,52.821,20.165,-32.959,12.831
12.303,-13.068,-12.305,-2.1117,-18.371,-19.395,7.9768,51.866,19.78,-32.885,12.948
11.762,-13.065,-12.324,-2.0827,-18.277,-19.543,7.9437,50.945,19.404,-32.812,13.063
11.221,-13.059,-12.341,-2.0548,-18.185,-19.678,7.9102,50.059,19.037,-32.739,13.177
10.682,-13.051,-12.357,-2.0281,-18.097,-19.802,7.8764,49.209,18.68,-32.666,13.289
10.148,-13.041,-12.373,-2.0024,-18.012,-19.915,7.8427,48.395,18.332,-32.593,13.399
9.6215,-13.03,-12.388,-1.978,-17.931,-20.017,7.8093,47.618,17.995,-32.519,13.507
9.1038,-13.017,-12.402,-1.9546,-17.853,-20.11,7.7766,46.877,17.668,-32.445,13.612
8.5975,-13.003,-12.415,-1.9325,-17.778,-20.193,7.7446,46.171,17.352,-32.37,13.714
8.1044,-12.988,-12.427,-1.9115,-17.707,-20.268,7.7136,45.501,17.046,-32.294,13.812
7.6265,-12.972,-12.439,-1.8916,-17.638,-20.335,7.6838,44.865,16.751,-32.218,13.907
7.1651,-12.955,-12.45,-1.8728,-17.573,-20.394,7.6551,44.263,16.467,-32.14,13.997
6.7219,-12.937,-12.46,-1.8551,-17.511,-20.446,7.6277,43.694,16.194,-32.062,14.083
6.2981,-12.918,-12.469,-1.8385,-17.452,-20.492,7.6015,43.155,15.932,-31.983,14.164
5.8945,-12.898,-12.478,-1.8229,-17.395,-20.532,7.5765,42.647,15.681,-31.904,14.24
5.5122,-12.878,-12.486,-1.8083,-17.341,-20.567,7.5526,42.167,15.441,-31.825,14.311
5.1515,-12.857,-12.493,-1.7945,-17.289,-20.597,7.5297,41.715,15.212,-31.745,14.377
4.813,-12.835,-12.5,-1.7816,-17.239,-20.623,7.5078,41.287,14.994,-31.665,14.438
4.4967,-12.812,-12.506,-1.7695,-17.19,-20.646,7.4866,40.884,14.787,-31.585,14.493
4.2025,-12.788,-12.512,-1.7581,-17.144,-20.666,7.4661,40.502,14.592,-31.506,14.542
3.9302,-12.764,-12.517,-1.7474,-17.099,-20.683,7.4461,40.142,14.407,-31.427,14.587
3.6791,-12.739,-12.522,-1.7372,-17.055,-20.697,7.4263,39.8,14.232,-31.35,14.627
3.4485,-12.714,-12.526,-1.7275,-17.012,-20.71,7.4068,39.476,14.068,-31.273,14.662
3.2376,-12.688,-12.53,-1.7183,-16.97,-20.722,7.3872,39.168,13.913,-31.198,14.692
3.0453,-12.661,-12.533,-1.7095,-16.929,-20.731,7.3676,38.874,13.768,-31.124,14.72
2.8703,-12.635,-12.536,-1.701,-16.888,-20.74,7.3478,38.593,13.631,-31.051,14.744
2.7114,-12.607,-12.539,-1.6927,-16.848,-20.748,7.3276,38.324,13.503,-30.981,14.765
2.5674,-12.58,-12.542,-1.6847,-16.808,-20.756,7.3071,38.066,13.383,-30.912,14.785
2.4369,-12.552,-12.544,-1.6769,-16.769,-20.762,7.2861,37.817,13.269,-30.845,14.803
2.3187,-12.524,-12.546,-1.6693,-16.73,-20.768,7.2647,37.577,13.162,-30.78,14.821
2.2116,-12.496,-12.548,-1.6618,-16.691,-20.774,7.2427,37.345,13.061,-30.717,14.84
2.1146,-12.469,-12.55,-1.6544,-16.651,-20.779,7.2202,37.119,12.965,-30.655,14.859
2.0267,-12.441,-12.551,-1.6472,-16.612,-20.784,7.1972,36.899,12.873,-30.596,14.879
1.9471,-12.414,-12.553,-1.64,-16.573,-20.788,7.1737,36.685,12.784,-30.537,14.901
1.875,-12.386,-12.554,-1.633,-16.534,-20.791,7.1498,36.476,12.699,-30.48,14.926
1.8098,-12.36,-12.556,-1.6261,-16.494,-20.794,7.1255,36.271,12.616,-30.423,14.954
1.7509,-12.333,-12.557,-1.6195,-16.455,-20.796,7.101,36.071,12.535,-30.367,14.985
1.6977,-12.307,-12.558,-1.613,-16.415,-20.797,7.0763,35.875,12.456,-30.311,15.019
1.6496,-12.282,-12.559,-1.6067,-16.375,-20.797,7.0516,35.683,12.378,-30.254,15.056
1.6061,-12.257,-12.56,-1.6007,-16.335,-20.797,7.027,35.494,12.301,-30.195,15.096
1.5663,-12.232,-12.561,-1.5951,-16.295,-20.795,7.0025,35.31,12.225,-30.136,15.14
1.5297,-12.208,-12.561,-1.5898,-16.256,-20.791,6.9784,35.13,12.15,-30.074,15.185
1.4955,-12.185,-12.562,-1.5849,-16.216,-20.787,6.9548,34.955,12.075,-30.009,15.233
1.4631,-12.162,-12.563,-1.5804,-16.176,-20.781,6.9319,34.784,12.001,-29.942,15.281
1.4316,-12.14,-12.563,-1.5763,-16.137,-20.774,6.9097,34.618,11.928,-29.871,15.331
1.4007,-12.118,-12.564,-1.5728,-16.098,-20.766,6.8884,34.457,11.857,-29.796,15.379
1.3699,-12.097,-12.564,-1.5697,-16.06,-20.756,6.8682,34.301,11.787,-29.718,15.427
1.3393,-12.076,-12.564,-1.5672,-16.022,-20.745,6.8491,34.152,11.719,-29.635,15.471
1.309,-12.056,-12.565,-1.5651,-15.985,-20.734,6.8312,34.009,11.653,-29.549,15.512
1.2797,-12.036,-12.565,-1.5636,-15.949,-20.721,6.8147,33.873,11.591,-29.46,15.548
1.2525,-12.017,-12.565,-1.5624,-15.914,-20.708,6.7996,33.744,11.532,-29.368,15.579
1.229,-11.999,-12.565,-1.5618,-15.88,-20.695,6.786,33.624,11.478,-29.273,15.602
1.2112,-11.981,-12.564,-1.5614,-15.848,-20.681,6.7738,33.512,11.428,-29.178,15.616
1.2015,-11.964,-12.564,-1.5614,-15.818,-20.668,6.7632,33.409,11.383,-29.082,15.622
1.2024,-11.947,-12.563,-1.5617,-15.79,-20.655,6.7541,33.317,11.345,-28.988,15.618
1.2161,-11.932,-12.562,-1.5622,-15.765,-20.643,6.7465,33.235,11.312,-28.897,15.604
1.2443,-11.917,-12.561,-1.5628,-15.742,-20.633,6.7405,33.164,11.287,-28.811,15.578
1.2882,-11.903,-12.56,-1.5634,-15.723,-20.626,6.7359,33.106,11.268,-28.732,15.542
1.3475,-11.891,-12.559,-1.5641,-15.708,-20.621,6.7327,33.061,11.256,-28.664,15.495
1.4215,-11.88,-12.557,-1.5647,-15.697,-20.619,6.7309,33.029,11.252,-28.608,15.438
1.5087,-11.871,-12.555,-1.5652,-15.691,-20.621,6.7303,33.013,11.255,-28.568,15.371
1.6069,-11.864,-12.552,-1.5656,-15.69,-20.628,6.7309,33.012,11.264,-28.547,15.295
1.7139,-11.859,-12.55,-1.5658,-15.695,-20.64,6.7324,33.028,11.28,-28.548,15.213
1.8277,-11.856,-12.546,-1.5659,-15.707,-20.658,6.7348,33.062,11.301,-28.574,15.126
1.946,-11.856,-12.543,-1.5657,-15.726,-20.682,6.7377,33.114,11.327,-28.629,15.036
2.0672,-11.859,-12.538,-1.5654,-15.754,-20.714,6.7409,33.185,11.356,-28.716,14.946
2.1898,-11.865,-12.534,-1.565,-15.79,-20.754,6.7441,33.277,11.387,-28.839,14.859
2.3125,-11.875,-12.528,-1.5645,-15.836,-20.802,6.7468,33.389,11.419,-28.999,14.778
2.4347,-11.889,-12.522,-1.564,-15.892,-20.859,6.7487,33.523,11.449,-29.2,14.707
2.5559,-11.907,-12.515,-1.5636,-15.959,-20.926,6.7491,33.679,11.477,-29.445,14.648
2.6762,-11.929,-12.507,-1.5634,-16.037,-21.003,6.7476,33.858,11.499,-29.735,14.607
2.7958,-11.957,-12.498,-1.5635,-16.129,-21.091,6.7433,34.06,11.514,-30.072,14.587
2.9155,-11.989,-12.488,-1.5639,-16.233,-21.189,6.7356,34.285,11.52,-30.458,14.592
3.0362,-12.027,-12.477,-1.5648,-16.35,-21.297,6.7236,34.532,11.514,-30.893,14.626
3.1591,-12.071,-12.464,-1.5663,-16.482,-21.417,6.7065,34.803,11.495,-31.377,14.693
3.2856,-12.12,-12.45,-1.5685,-16.629,-21.547,6.6833,35.097,11.459,-31.911,14.796
3.4169,-12.175,-12.435,-1.5716,-16.791,-21.689,6.653,35.413,11.406,-32.494,14.939
3.5544,-12.235,-12.419,-1.5754,-16.968,-21.84,6.6147,35.75,11.332,-33.125,15.126
3.6991,-12.302,-12.401,-1.5802,-17.16,-22.001,6.5673,36.107,11.237,-33.802,15.357
3.8518,-12.374,-12.381,-1.586,-17.369,-22.172,6.5098,36.485,11.119,-34.523,15.636
4.013,-12.452,-12.36,-1.5927,-17.593,-22.352,6.4412,36.88,10.977,-35.287,15.965
4.1827,-12.536,-12.337,-1.6004,-17.832,-22.54,6.3607,37.292,10.809,-36.09,16.343
4.3605,-12.625,-12.312,-1.609,-18.086,-22.735,6.2674,37.72,10.616,-36.93,16.771
4.5456,-12.719,-12.286,-1.6185,-18.355,-22.937,6.1605,38.161,10.396,-37.804,17.25
4.7368,-12.818,-12.259,-1.6287,-18.638,-23.144,6.0396,38.614,10.151,-38.706,17.776
4.9325,-12.921,-12.23,-1.6396,-18.934,-23.356,5.9042,39.077,9.8797,-39.635,18.35
5.131,-13.028,-12.2,-1.651,-19.242,-23.571,5.7539,39.547,9.5839,-40.585,18.966
5.33,-13.139,-12.168,-1.6627,-19.561,-23.789,5.5888,40.022,9.2645,-41.552,19.623
5.5276,-13.252,-12.135,-1.6745,-19.89,-24.008,5.409,40.501,8.9229,-42.531,20.315
5.7214,-13.367,-12.102,-1.6862,-20.227,-24.227,5.2149,40.98,8.5609,-43.517,21.038
5.9092,-13.485,-12.067,-1.6977,-20.572,-24.446,5.0071,41.458,8.1807,-44.505,21.786
6.0887,-13.603,-12.032,-1.7086,-20.921,-24.663,4.7864,41.932,7.7844,-45.488,22.553
6.258,-13.722,-11.996,-1.7186,-21.274,-24.877,4.5537,42.4,7.3748,-46.462,23.332
6.4149,-13.841,-11.959,-1.7277,-21.63,-25.088,4.3104,42.859,6.9545,-47.42,24.117
6.5579,-13.959,-11.923,-1.7354,-21.985,-25.294,4.0578,43.308,6.5264,-48.356,24.901
6.6851,-14.075,-11.886,-1.7416,-22.339,-25.495,3.7975,43.743,6.0934,-49.265,25.677
6.7954,-14.19,-11.849,-1.7461,-22.69,-25.691,3.5312,44.163,5.6586,-50.141,26.44
6.8875,-14.302,-11.812,-1.7486,-23.036,-25.88,3.2605,44.566,5.2248,-50.979,27.184
6.9604,-14.411,-11.776,-1.7489,-23.376,-26.062,2.9874,44.95,4.7951,-51.772,27.902
7.0135,-14.517,-11.74,-1.747,-23.708,-26.237,2.7137,45.313,4.372,-52.517,28.59
7.0464,-14.618,-11.705,-1.7426,-24.03,-26.404,2.4413,45.654,3.9583,-53.21,29.245
7.0586,-14.715,-11.671,-1.7358,-24.342,-26.565,2.172,45.972,3.5563,-53.846,29.862
7.0501,-14.807,-11.637,-1.7263,-24.642,-26.717,1.9075,46.265,3.1681,-54.424,30.44
7.0211,-14.893,-11.605,-1.7143,-24.929,-26.861,1.6495,46.533,2.7955,-54.94,30.975
6.9716,-14.975,-11.573,-1.6998,-25.202,-26.998,1.3996,46.775,2.4403,-55.394,31.466
6.9023,-15.05,-11.542,-1.6827,-25.46,-27.128,1.1591,46.991,2.1035,-55.784,31.913
6.8134,-15.12,-11.513,-1.6632,-25.703,-27.25,0.92938,47.181,1.7862,-56.11,32.316
6.7058,-15.183,-11.485,-1.6415,-25.93,-27.364,0.71139,47.344,1.489,-56.373,32.673
6.5802,-15.24,-11.458,-1.6176,-26.142,-27.472,0.50609,47.482,1.2122,-56.573,32.987
6.4373,-15.292,-11.433,-1.5918,-26.337,-27.574,0.31419,47.594,0.95595,-56.714,33.258
6.2781,-15.337,-11.409,-1.5643,-26.516,-27.669,0.13623,47.682,0.71992,-56.797,33.487
6.1035,-15.376,-11.386,-1.5353,-26.68,-27.758,-0.027432,47.745,0.5037,-56.825,33.677
5.9146,-15.409,-11.365,-1.5051,-26.827,-27.841,-0.17661,47.787,0.30661,-56.802,33.829
5.7125,-15.436,-11.346,-1.4739,-26.959,-27.919,-0.31129,47.807,0.12778,-56.732,33.947
5.4983,-15.459,-11.328,-1.442,-27.076,-27.993,-0.43162,47.807,-0.033799,-56.619,34.033
5.2733,-15.475,-11.311,-1.4097,-27.179,-28.061,-0.53788,47.789,-0.17928,-56.468,34.089
5.0386,-15.487,-11.296,-1.3771,-27.269,-28.126,-0.63049,47.754,-0.30992,-56.285,34.12
4.7956,-15.495,-11.283,-1.3446,-27.345,-28.187,-0.71,47.704,-0.42701,-56.076,34.13
4.5456,-15.498,-11.27,-1.3124,-27.41,-28.244,-0.77704,47.641,-0.53192,-55.845,34.121
4.2899,-15.497,-11.26,-1.2807,-27.463,-28.298,-0.83233,47.566,-0.62598,-55.599,34.097
4.0301,-15.493,-11.251,-1.2497,-27.506,-28.349,-0.87666,47.483,-0.71053,-55.344,34.064
3.7676,-15.486,-11.243,-1.2195,-27.539,-28.397,-0.91087,47.391,-0.78686,-55.084,34.024
3.5038,-15.477,-11.237,-1.1903,-27.564,-28.443,-0.93582,47.294,-0.85616,-54.827,33.98
3.2402,-15.464,-11.232,-1.1623,-27.581,-28.487,-0.95241,47.193,-0.91956,-54.576,33.937
2.9783,-15.451,-11.228,-1.1355,-27.592,-28.529,-0.96153,47.089,-0.97808,-54.337,33.898
2.7195,-15.435,-11.226,-1.11,-27.597,-28.569,-0.96404,46.985,-1.0326,-54.113,33.865
2.4654,-15.419,-11.225,-1.0859,-27.596,-28.608,-0.96081,46.882,-1.084,-53.908,33.84
2.2173,-15.401,-11.224,-1.0632,-27.592,-28.646,-0.95264,46.78,-1.1328,-53.725,33.826
1.9766,-15.384,-11.225,-1.0418,-27.585,-28.683,-0.94032,46.683,-1.1796,-53.566,33.823
1.7445,-15.366,-11.226,-1.0218,-27.575,-28.719,-0.92456,46.59,-1.2248,-53.433,33.833
1.5222,-15.348,-11.228,-1.003,-27.563,-28.755,-0.90602,46.503,-1.2687,-53.325,33.857
1.3109,-15.331,-11.23,-0.98559,-27.549,-28.791,-0.8853,46.423,-1.3116,-53.245,33.893
1.1115,-15.314,-11.233,-0.96931,-27.535,-28.826,-0.86294,46.349,-1.3536,-53.19,33.943
