1.1881,-16.008,-12.558,-1.759,-20.279,-31.303,12.161,41.726,-7.491,-57.723,49.424
1.5017,-16.003,-12.565,-1.7818,-20.284,-31.283,12.124,41.908,-7.2139,-57.104,48.561
1.8494,-15.996,-12.573,-1.8056,-20.285,-31.257,12.086,42.113,-6.8989,-56.404,47.61
2.2302,-15.988,-12.581,-1.8302,-20.281,-31.225,12.047,42.343,-6.5434,-55.621,46.57
2.6429,-15.978,-12.589,-1.8555,-20.271,-31.184,12.006,42.598,-6.1447,-54.756,45.441
3.0865,-15.966,-12.596,-1.8813,-20.256,-31.135,11.963,42.879,-5.7006,-53.809,44.226
3.5596,-15.951,-12.604,-1.9074,-20.235,-31.076,11.918,43.189,-5.2091,-52.781,42.927
4.0609,-15.933,-12.61,-1.9336,-20.207,-31.007,11.871,43.529,-4.6683,-51.674,41.547
4.5887,-15.912,-12.617,-1.9598,-20.171,-30.927,11.822,43.898,-4.0769,-50.492,40.09
5.1413,-15.887,-12.622,-1.9858,-20.129,-30.835,11.769,44.299,-3.434,-49.239,38.56
5.7167,-15.858,-12.627,-2.0115,-20.078,-30.73,11.713,44.732,-2.7392,-47.919,36.964
6.3127,-15.824,-12.631,-2.0369,-20.02,-30.611,11.654,45.198,-1.9926,-46.538,35.307
6.9269,-15.786,-12.634,-2.0619,-19.954,-30.479,11.591,45.696,-1.1948,-45.104,33.597
7.5571,-15.742,-12.635,-2.0865,-19.88,-30.331,11.524,46.229,-0.34701,-43.622,31.841
8.2005,-15.693,-12.635,-2.1109,-19.798,-30.168,11.452,46.795,0.54889,-42.101,30.049
8.8547,-15.638,-12.634,-2.135,-19.709,-29.988,11.376,47.394,1.4905,-40.551,28.227
9.5169,-15.577,-12.631,-2.1591,-19.612,-29.791,11.295,48.027,2.4748,-38.979,26.387
10.184,-15.509,-12.626,-2.1835,-19.508,-29.577,11.209,48.693,3.4984,-37.395,24.538
10.855,-15.436,-12.619,-2.2083,-19.396,-29.345,11.118,49.391,4.5571,-35.808,22.689
11.525,-15.356,-12.61,-2.2339,-19.279,-29.095,11.022,50.119,5.6465,-34.227,20.85
12.192,-15.269,-12.598,-2.2608,-19.155,-28.825,10.922,50.878,6.7619,-32.661,19.031
12.854,-15.176,-12.584,-2.2893,-19.026,-28.537,10.817,51.664,7.8981,-31.117,17.24
13.509,-15.076,-12.568,-2.32,-18.892,-28.23,10.708,52.478,9.05,-29.604,15.485
14.154,-14.97,-12.549,-2.3532,-18.753,-27.903,10.594,53.315,10.212,-28.127,13.774
14.786,-14.858,-12.528,-2.3896,-18.61,-27.556,10.478,54.176,11.38,-26.691,12.114
15.404,-14.74,-12.504,-2.4297,-18.464,-27.189,10.359,55.057,12.548,-25.301,10.51
16.005,-14.616,-12.477,-2.4739,-18.314,-26.803,10.238,55.956,13.71,-23.959,8.9666
16.588,-14.487,-12.447,-2.523,-18.163,-26.397,10.115,56.87,14.864,-22.669,7.4884
17.15,-14.353,-12.415,-2.5773,-18.009,-25.971,9.9926,57.797,16.003,-21.43,6.0781
17.691,-14.215,-12.379,-2.6374,-17.855,-25.525,9.8705,58.735,17.126,-20.244,4.7378
18.208,-14.072,-12.342,-2.7038,-17.699,-25.06,9.7502,59.68,18.226,-19.111,3.4689
18.7,-13.926,-12.301,-2.7769,-17.543,-24.576,9.6325,60.631,19.303,-18.029,2.2724
19.166,-13.777,-12.257,-2.8572,-17.387,-24.074,9.5187,61.584,20.352,-16.997,1.1485
19.605,-13.625,-12.211,-2.9449,-17.232,-23.553,9.4098,62.538,21.372,-16.015,0.096901
20.015,-13.471,-12.162,-3.0403,-17.077,-23.014,9.307,63.49,22.361,-15.079,-0.88286
20.394,-13.315,-12.111,-3.1437,-16.924,-22.457,9.2113,64.438,23.316,-14.19,-1.7917
20.743,-13.158,-12.056,-3.2552,-16.771,-21.884,9.1238,65.38,24.237,-13.345,-2.6309
21.06,-13,-11.999,-3.3748,-16.621,-21.294,9.0454,66.315,25.122,-12.543,-3.4017
21.345,-12.842,-11.939,-3.5027,-16.472,-20.689,8.9771,67.24,25.971,-11.784,-4.1059
21.595,-12.684,-11.876,-3.6387,-16.326,-20.069,8.9197,68.154,26.783,-11.064,-4.7454
21.812,-12.527,-11.811,-3.7826,-16.182,-19.434,8.874,69.056,27.557,-10.385,-5.3221
21.993,-12.371,-11.742,-3.9344,-16.04,-18.787,8.8404,69.944,28.294,-9.7449,-5.8384
22.139,-12.216,-11.67,-4.0936,-15.901,-18.127,8.8196,70.817,28.992,-9.1433,-6.2965
22.249,-12.062,-11.594,-4.2601,-15.766,-17.456,8.8117,71.674,29.653,-8.5797,-6.6991
22.323,-11.91,-11.516,-4.4332,-15.633,-16.774,8.8172,72.515,30.277,-8.0536,-7.0489
22.36,-11.76,-11.433,-4.6127,-15.504,-16.083,8.8359,73.337,30.863,-7.5647,-7.3488
22.361,-11.611,-11.347,-4.798,-15.379,-15.383,8.8679,74.142,31.413,-7.1124,-7.6019
22.326,-11.465,-11.257,-4.9886,-15.257,-14.675,8.9129,74.926,31.926,-6.6962,-7.8114
22.255,-11.321,-11.163,-5.1839,-15.14,-13.962,8.9705,75.691,32.404,-6.3156,-7.9804
22.149,-11.179,-11.064,-5.3833,-15.027,-13.242,9.0402,76.435,32.848,-5.9698,-8.1124
22.008,-11.038,-10.961,-5.5861,-14.919,-12.519,9.1214,77.159,33.258,-5.6582,-8.2108
21.835,-10.899,-10.853,-5.7919,-14.815,-11.792,9.2134,77.86,33.636,-5.3796,-8.2789
21.628,-10.762,-10.741,-5.9998,-14.716,-11.064,9.3154,78.54,33.983,-5.1331,-8.3202
21.392,-10.626,-10.623,-6.2095,-14.623,-10.334,9.4263,79.197,34.299,-4.9175,-8.3378
21.126,-10.491,-10.5,-6.4201,-14.535,-9.6034,9.5453,79.831,34.587,-4.7313,-8.3351
20.833,-10.357,-10.372,-6.6312,-14.453,-8.874,9.6711,80.443,34.848,-4.5731,-8.3151
20.515,-10.223,-10.238,-6.8423,-14.376,-8.1463,9.8029,81.031,35.083,-4.4412,-8.2808
20.175,-10.089,-10.099,-7.0529,-14.306,-7.4212,9.9394,81.596,35.293,-4.3341,-8.235
19.814,-9.955,-9.9545,-7.2625,-14.241,-6.6996,10.08,82.138,35.481,-4.2498,-8.18
19.435,-9.8205,-9.8042,-7.4707,-14.183,-5.9822,10.222,82.656,35.647,-4.1865,-8.1183
19.042,-9.6853,-9.6481,-7.6773,-14.132,-5.2698,10.367,83.151,35.794,-4.1424,-8.0519
18.635,-9.5489,-9.4863,-7.882,-14.087,-4.5631,10.511,83.623,35.923,-4.1154,-7.9826
18.22,-9.4112,-9.3188,-8.0845,-14.049,-3.8628,10.656,84.072,36.034,-4.1037,-7.9121
17.797,-9.2718,-9.1455,-8.2849,-14.018,-3.1695,10.799,84.498,36.131,-4.1053,-7.8416
17.37,-9.1305,-8.9664,-8.4829,-13.994,-2.4838,10.94,84.902,36.213,-4.1184,-7.7723
16.941,-8.9872,-8.7817,-8.6786,-13.976,-1.8061,11.078,85.283,36.283,-4.1411,-7.705
16.513,-8.8417,-8.5912,-8.8721,-13.966,-1.137,11.213,85.643,36.342,-4.1718,-7.6405
16.088,-8.6939,-8.3952,-9.0634,-13.963,-0.47685,11.344,85.981,36.39,-4.2088,-7.5792
15.668,-8.5437,-8.1936,-9.2526,-13.966,0.17387,11.472,86.299,36.43,-4.2506,-7.5214
15.255,-8.3911,-7.9866,-9.4401,-13.977,0.8148,11.595,86.596,36.461,-4.2959,-7.4673
14.85,-8.236,-7.7743,-9.6258,-13.995,1.4456,11.713,86.873,36.485,-4.3433,-7.417
14.456,-8.0785,-7.5569,-9.8101,-14.019,2.0659,11.827,87.131,36.503,-4.3918,-7.3706
14.073,-7.9187,-7.3344,-9.9932,-14.05,2.6755,11.936,87.37,36.515,-4.4403,-7.3277
13.702,-7.7566,-7.1071,-10.175,-14.088,3.2741,12.042,87.591,36.522,-4.4882,-7.2884
13.343,-7.5924,-6.8752,-10.357,-14.133,3.8614,12.143,87.794,36.524,-4.5345,-7.2523
12.997,-7.4263,-6.6389,-10.538,-14.184,4.4371,12.24,87.981,36.523,-4.5789,-7.2193
12.663,-7.2585,-6.3984,-10.718,-14.241,5.0011,12.333,88.151,36.518,-4.6208,-7.1891
12.342,-7.0891,-6.154,-10.899,-14.304,5.553,12.423,88.305,36.51,-4.6599,-7.1615
12.034,-6.9184,-5.9061,-11.079,-14.373,6.0928,12.51,88.445,36.499,-4.6959,-7.1362
11.736,-6.7467,-5.6549,-11.26,-14.447,6.6201,12.595,88.569,36.484,-4.7286,-7.113
11.45,-6.5741,-5.4007,-11.441,-14.526,7.1348,12.677,88.68,36.467,-4.7581,-7.0918
11.174,-6.401,-5.1439,-11.622,-14.611,7.6367,12.757,88.778,36.447,-4.7843,-7.0723
10.907,-6.2276,-4.8848,-11.804,-14.7,8.1257,12.836,88.863,36.424,-4.8072,-7.0543
10.649,-6.0542,-4.6238,-11.986,-14.793,8.6015,12.913,88.936,36.398,-4.8269,-7.0377
10.398,-5.881,-4.3613,-12.168,-14.89,9.0643,12.988,88.998,36.37,-4.8437,-7.0225
10.153,-5.7083,-4.0977,-12.351,-14.991,9.5137,13.063,89.049,36.338,-4.8576,-7.0084
9.9147,-5.5363,-3.8333,-12.533,-15.095,9.9499,13.137,89.089,36.303,-4.8688,-6.9953
9.6811,-5.3653,-3.5685,-12.716,-15.203,10.373,13.21,89.119,36.264,-4.8777,-6.9832
9.4519,-5.1955,-3.3036,-12.898,-15.313,10.782,13.282,89.141,36.223,-4.8845,-6.972
9.2266,-5.0271,-3.0391,-13.08,-15.426,11.179,13.353,89.153,36.177,-4.8893,-6.9617
9.0046,-4.8603,-2.7752,-13.262,-15.541,11.562,13.424,89.157,36.129,-4.8924,-6.952
8.7855,-4.6952,-2.5124,-13.443,-15.659,11.932,13.494,89.153,36.077,-4.8941,-6.9431
8.5693,-4.5322,-2.2508,-13.622,-15.778,12.29,13.562,89.142,36.021,-4.8945,-6.9347
8.3557,-4.3713,-1.9908,-13.801,-15.9,12.636,13.63,89.124,35.962,-4.8939,-6.9269
8.1447,-4.2127,-1.7327,-13.978,-16.023,12.969,13.696,89.1,35.9,-4.8924,-6.9197
7.9364,-4.0566,-1.4766,-14.153,-16.148,13.291,13.761,89.069,35.834,-4.8901,-6.9129
7.7311,-3.903,-1.2228,-14.327,-16.275,13.601,13.824,89.033,35.766,-4.8873,-6.9066
7.529,-3.7521,-0.97138,-14.498,-16.404,13.9,13.886,88.992,35.695,-4.884,-6.9007
7.3304,-3.604,-0.7225,-14.668,-16.535,14.19,13.946,88.945,35.621,-4.8802,-6.8953
7.136,-3.4588,-0.47625,-14.835,-16.667,14.469,14.004,88.895,35.545,-4.8761,-6.8903
6.9461,-3.3167,-0.23267,-14.999,-16.802,14.739,14.059,88.84,35.467,-4.8716,-6.8857
6.7614,-3.1776,0.0081963,-15.162,-16.938,15,14.113,88.781,35.388,-4.8669,-6.8815
6.5824,-3.0417,0.24638,-15.321,-17.077,15.252,14.164,88.72,35.307,-4.862,-6.8778
6.4097,-2.909,0.48193,-15.479,-17.218,15.497,14.214,88.655,35.226,-4.8567,-6.8745
6.244,-2.7797,0.71491,-15.634,-17.361,15.735,14.261,88.587,35.144,-4.8513,-6.8717
6.0859,-2.6537,0.94543,-15.787,-17.508,15.966,14.306,88.517,35.063,-4.8455,-6.8694
5.936,-2.5312,1.1736,-15.937,-17.656,16.191,14.349,88.445,34.981,-4.8395,-6.8677
5.7948,-2.412,1.3996,-16.086,-17.808,16.41,14.39,88.371,34.9,-4.8331,-6.8665
5.6628,-2.2964,1.6236,-16.233,-17.963,16.624,14.429,88.295,34.82,-4.8265,-6.8657
5.5405,-2.1842,1.8457,-16.378,-18.12,16.833,14.467,88.218,34.741,-4.8195,-6.8655
5.4284,-2.0756,2.0662,-16.522,-18.281,17.038,14.504,88.14,34.663,-4.8122,-6.8658
5.3268,-1.9704,2.2852,-16.665,-18.445,17.239,14.539,88.061,34.587,-4.8044,-6.8664
5.2361,-1.8687,2.5029,-16.807,-18.613,17.437,14.574,87.981,34.513,-4.7963,-6.8673
5.1566,-1.7705,2.7195,-16.949,-18.784,17.632,14.609,87.901,34.441,-4.7877,-6.8684
5.0885,-1.6756,2.9351,-17.09,-18.958,17.824,14.643,87.82,34.37,-4.7785,-6.8695
5.0322,-1.5841,3.15,-17.231,-19.136,18.014,14.678,87.739,34.302,-4.7687,-6.8705
4.9877,-1.4958,3.3643,-17.372,-19.318,18.203,14.714,87.658,34.236,-4.7582,-6.871
4.9555,-1.4107,3.5782,-17.513,-19.503,18.389,14.75,87.577,34.172,-4.7469,-6.871
4.9354,-1.3287,3.7917,-17.655,-19.692,18.575,14.788,87.495,34.111,-4.7346,-6.87
4.9278,-1.2497,4.0051,-17.798,-19.885,18.76,14.827,87.414,34.051,-4.7211,-6.8679
4.9325,-1.1735,4.2183,-17.941,-20.083,18.944,14.868,87.333,33.994,-4.7062,-6.8642
4.9495,-1.1001,4.4316,-18.086,-20.284,19.128,14.912,87.252,33.939,-4.6898,-6.8587
4.9787,-1.0293,4.6449,-18.232,-20.489,19.313,14.958,87.171,33.885,-4.6715,-6.8511
5.0199,-0.96099,4.8583,-18.379,-20.699,19.497,15.006,87.09,33.834,-4.6511,-6.8409
5.0725,-0.89513,5.0719,-18.527,-20.913,19.683,15.058,87.01,33.785,-4.6283,-6.8278
5.1362,-0.83158,5.2857,-18.676,-21.131,19.869,15.112,86.93,33.737,-4.6027,-6.8116
5.2103,-0.77024,5.4998,-18.827,-21.353,20.056,15.169,86.851,33.69,-4.5742,-6.7918
5.2938,-0.71104,5.7141,-18.978,-21.581,20.245,15.229,86.772,33.645,-4.5422,-6.7682
5.3861,-0.65392,5.9286,-19.131,-21.812,20.436,15.292,86.693,33.601,-4.5066,-6.7405
5.4859,-0.59884,6.1433,-19.284,-22.049,20.628,15.358,86.615,33.558,-4.4669,-6.7084
5.5923,-0.54578,6.3582,-19.439,-22.289,20.821,15.426,86.537,33.515,-4.423,-6.6717
5.7039,-0.49476,6.5733,-19.594,-22.535,21.017,15.495,86.459,33.472,-4.3745,-6.6302
5.8196,-0.4458,6.7885,-19.75,-22.785,21.215,15.567,86.381,33.429,-4.3211,-6.5838
5.9381,-0.39898,7.0038,-19.906,-23.039,21.414,15.64,86.304,33.386,-4.2629,-6.5324
6.0582,-0.35439,7.2192,-20.062,-23.298,21.616,15.714,86.227,33.341,-4.1995,-6.4757
6.1786,-0.31216,7.4346,-20.218,-23.561,21.819,15.788,86.15,33.294,-4.131,-6.4139
6.298,-0.27246,7.6499,-20.375,-23.828,22.025,15.863,86.073,33.245,-4.0573,-6.3469
6.4154,-0.23547,7.8652,-20.531,-24.099,22.232,15.936,85.997,33.193,-3.9785,-6.2747
6.5297,-0.20141,8.0803,-20.686,-24.375,22.441,16.008,85.92,33.137,-3.8948,-6.1974
6.6398,-0.17054,8.2952,-20.842,-24.654,22.651,16.078,85.843,33.077,-3.8064,-6.1151
6.745,-0.14313,8.5099,-20.996,-24.936,22.863,16.146,85.766,33.012,-3.7135,-6.0279
6.8444,-0.11949,8.7244,-21.15,-25.222,23.076,16.21,85.689,32.941,-3.6166,-5.9359
6.9375,-0.099917,8.9386,-21.303,-25.511,23.289,16.272,85.612,32.863,-3.5162,-5.8394
7.0238,-0.084766,9.1525,-21.455,-25.804,23.503,16.329,85.534,32.778,-3.4126,-5.7383
7.1029,-0.074383,9.3661,-21.606,-26.099,23.718,16.382,85.457,32.685,-3.3065,-5.6329
7.1746,-0.069129,9.5795,-21.756,-26.397,23.933,16.431,85.38,32.583,-3.1985,-5.5233
7.239,-0.069371,9.7925,-21.905,-26.697,24.148,16.475,85.304,32.47,-3.0892,-5.4095
7.2961,-0.075477,10.005,-22.053,-27,24.362,16.514,85.227,32.346,-2.9795,-5.2916
7.3464,-0.08781,10.218,-22.2,-27.305,24.576,16.548,85.152,32.211,-2.87,-5.1696
7.3901,-0.10673,10.43,-22.346,-27.613,24.789,16.578,85.078,32.062,-2.7616,-5.0434
7.4281,-0.13258,10.642,-22.491,-27.922,25.001,16.604,85.005,31.9,-2.6551,-4.9129
7.4609,-0.16568,10.854,-22.635,-28.234,25.212,16.625,84.934,31.723,-2.5513,-4.7779
7.4895,-0.20634,11.066,-22.779,-28.547,25.422,16.643,84.866,31.53,-2.4511,-4.638
7.5149,-0.25483,11.278,-22.922,-28.862,25.63,16.659,84.801,31.321,-2.3554,-4.493
7.5381,-0.3114,11.49,-23.064,-29.179,25.836,16.672,84.739,31.094,-2.2652,-4.3424
7.5601,-0.37624,11.702,-23.206,-29.497,26.04,16.684,84.682,30.849,-2.1814,-4.1857
7.5821,-0.44953,11.914,-23.347,-29.817,26.242,16.696,84.629,30.584,-2.105,-4.0224
7.605,-0.53136,12.126,-23.488,-30.138,26.442,16.708,84.582,30.3,-2.037,-3.8519
7.6297,-0.62181,12.339,-23.628,-30.46,26.64,16.722,84.542,29.995,-1.9783,-3.6735
7.6571,-0.7209,12.552,-23.767,-30.784,26.835,16.738,84.509,29.668,-1.93,-3.4866
7.6877,-0.82858,12.765,-23.907,-31.108,27.027,16.757,84.484,29.319,-1.8931,-3.2905
7.722,-0.94476,12.979,-24.045,-31.433,27.217,16.781,84.467,28.948,-1.8688,-3.0845
7.76,-1.0693,13.193,-24.183,-31.758,27.404,16.81,84.46,28.554,-1.8581,-2.868
7.8017,-1.202,13.407,-24.32,-32.084,27.588,16.845,84.464,28.137,-1.8622,-2.6405
7.8468,-1.3427,13.621,-24.456,-32.41,27.77,16.886,84.479,27.698,-1.8822,-2.4015
7.8946,-1.491,13.834,-24.591,-32.736,27.948,16.934,84.506,27.236,-1.9192,-2.1504
7.9444,-1.6467,14.048,-24.724,-33.061,28.123,16.99,84.545,26.752,-1.9745,-1.887
7.9951,-1.8094,14.261,-24.856,-33.385,28.296,17.053,84.598,26.246,-2.0493,-1.6111
8.0456,-1.9787,14.474,-24.986,-33.709,28.466,17.125,84.665,25.721,-2.1448,-1.3225
8.0947,-2.1543,14.686,-25.114,-34.031,28.632,17.206,84.747,25.176,-2.2622,-1.0212
8.141,-2.3359,14.896,-25.239,-34.351,28.796,17.294,84.844,24.614,-2.4027,-0.70728
8.1833,-2.5229,15.104,-25.362,-34.669,28.956,17.391,84.956,24.036,-2.5676,-0.38099
8.2203,-2.715,15.311,-25.481,-34.985,29.114,17.497,85.084,23.446,-2.7578,-0.042584
8.2508,-2.9119,15.515,-25.597,-35.298,29.269,17.61,85.228,22.844,-2.9745,0.30759
8.2738,-3.1132,15.717,-25.71,-35.608,29.421,17.73,85.388,22.234,-3.2187,0.66914
8.2883,-3.3185,15.915,-25.818,-35.915,29.569,17.858,85.564,21.618,-3.491,1.0417
8.2937,-3.5275,16.11,-25.922,-36.219,29.715,17.993,85.757,21,-3.7922,1.4248
8.2895,-3.7399,16.301,-26.022,-36.518,29.858,18.134,85.965,20.383,-4.1226,1.8182
8.2752,-3.9554,16.487,-26.117,-36.813,29.999,18.28,86.189,19.769,-4.4826,2.2216
8.2508,-4.1737,16.669,-26.207,-37.104,30.136,18.432,86.428,19.162,-4.8722,2.6347
8.2164,-4.3946,16.845,-26.292,-37.39,30.27,18.588,86.681,18.566,-5.291,3.0574
8.1722,-4.6178,17.016,-26.371,-37.672,30.401,18.748,86.948,17.983,-5.7385,3.4899
8.1186,-4.8432,17.182,-26.446,-37.948,30.53,18.912,87.229,17.416,-6.2141,3.932
8.0562,-5.0704,17.341,-26.515,-38.219,30.655,19.078,87.522,16.868,-6.7166,4.3842
7.9856,-5.2994,17.494,-26.578,-38.485,30.777,19.247,87.826,16.342,-7.2449,4.8466
7.9077,-5.5298,17.642,-26.637,-38.745,30.897,19.417,88.142,15.841,-7.7976,5.3197
7.8232,-5.7614,17.783,-26.689,-39,31.013,19.588,88.467,15.366,-8.373,5.8039
7.733,-5.994,17.917,-26.737,-39.249,31.127,19.759,88.801,14.92,-8.9694,6.2997
7.6379,-6.2274,18.045,-26.779,-39.492,31.238,19.931,89.142,14.504,-9.5851,6.8075
7.5389,-6.4613,18.167,-26.815,-39.729,31.346,20.102,89.491,14.121,-10.218,7.3279
7.4366,-6.6954,18.283,-26.847,-39.96,31.451,20.273,89.846,13.77,-10.866,7.8614
7.3319,-6.9293,18.393,-26.874,-40.185,31.554,20.443,90.205,13.453,-11.528,8.4083
7.2254,-7.1629,18.497,-26.895,-40.404,31.655,20.612,90.569,13.17,-12.201,8.9691
7.1178,-7.3957,18.595,-26.912,-40.617,31.754,20.78,90.936,12.923,-12.884,9.5439
7.0097,-7.6273,18.688,-26.924,-40.824,31.85,20.946,91.306,12.711,-13.574,10.133
6.9014,-7.8574,18.776,-26.932,-41.025,31.945,21.111,91.677,12.533,-14.271,10.736
6.7934,-8.0856,18.859,-26.935,-41.221,32.039,21.275,92.049,12.39,-14.971,11.354
6.686,-8.3114,18.937,-26.934,-41.411,32.131,21.437,92.421,12.281,-15.675,11.986
6.5794,-8.5344,19.011,-26.928,-41.595,32.222,21.597,92.793,12.205,-16.38,12.632
6.4737,-8.7541,19.081,-26.919,-41.774,32.312,21.756,93.164,12.16,-17.085,13.292
6.3691,-8.9701,19.147,-26.906,-41.947,32.401,21.914,93.533,12.146,-17.789,13.964
6.2656,-9.1819,19.21,-26.889,-42.116,32.49,22.07,93.9,12.161,-18.491,14.648
6.163,-9.389,19.269,-26.869,-42.279,32.578,22.225,94.264,12.204,-19.189,15.344
6.0613,-9.591,19.325,-26.846,-42.438,32.665,22.379,94.625,12.271,-19.882,16.051
5.9601,-9.7874,19.378,-26.819,-42.591,32.752,22.531,94.982,12.363,-20.57,16.766
5.8591,-9.9778,19.428,-26.79,-42.74,32.838,22.682,95.335,12.475,-21.252,17.49
5.7579,-10.162,19.476,-26.758,-42.885,32.924,22.832,95.683,12.607,-21.927,18.22
5.6559,-10.339,19.521,-26.723,-43.025,33.009,22.98,96.026,12.755,-22.593,18.955
5.5526,-10.509,19.564,-26.686,-43.161,33.092,23.125,96.362,12.917,-23.251,19.693
5.4473,-10.671,19.605,-26.648,-43.292,33.175,23.269,96.692,13.092,-23.899,20.433
5.3391,-10.825,19.644,-26.608,-43.419,33.256,23.409,97.015,13.275,-24.536,21.172
5.2275,-10.971,19.68,-26.567,-43.542,33.335,23.547,97.33,13.465,-25.161,21.909
5.1115,-11.109,19.715,-26.524,-43.659,33.412,23.681,97.636,13.658,-25.774,22.64
4.9906,-11.238,19.748,-26.482,-43.772,33.487,23.81,97.933,13.853,-26.373,23.364
4.8638,-11.358,19.779,-26.439,-43.88,33.559,23.934,98.221,14.047,-26.957,24.079
4.7306,-11.469,19.808,-26.396,-43.983,33.628,24.053,98.497,14.238,-27.524,24.782
4.5906,-11.571,19.836,-26.355,-44.081,33.694,24.166,98.763,14.422,-28.075,25.47
4.4432,-11.664,19.862,-26.314,-44.173,33.756,24.271,99.017,14.599,-28.607,26.141
4.2883,-11.749,19.886,-26.275,-44.259,33.814,24.37,99.258,14.766,-29.118,26.793
4.1256,-11.824,19.908,-26.237,-44.339,33.867,24.46,99.486,14.921,-29.609,27.424
3.9555,-11.891,19.928,-26.202,-44.413,33.917,24.542,99.701,15.062,-30.077,28.03
3.778,-11.95,19.947,-26.17,-44.481,33.962,24.615,99.902,15.189,-30.522,28.609
3.5937,-12,19.964,-26.141,-44.542,34.002,24.68,100.09,15.3,-30.941,29.161
3.4032,-12.043,19.979,-26.116,-44.597,34.038,24.735,100.26,15.394,-31.335,29.682
3.2073,-12.079,19.993,-26.094,-44.644,34.069,24.781,100.42,15.472,-31.702,30.171
3.0069,-12.108,20.004,-26.076,-44.686,34.096,24.818,100.56,15.532,-32.04,30.626
2.803,-12.131,20.013,-26.063,-44.72,34.118,24.847,100.69,15.574,-32.35,31.047
2.5968,-12.148,20.021,-26.055,-44.748,34.136,24.868,100.81,15.6,-32.63,31.433
2.3895,-12.161,20.026,-26.051,-44.77,34.15,24.882,100.91,15.609,-32.88,31.782
2.1822,-12.17,20.029,-26.052,-44.785,34.159,24.889,101,15.602,-33.1,32.095
1.9761,-12.175,20.029,-26.058,-44.795,34.165,24.891,101.07,15.582,-33.29,32.372
1.7723,-12.178,20.027,-26.068,-44.799,34.167,24.889,101.13,15.548,-33.45,32.612
1.5717,-12.179,20.021,-26.083,-44.798,34.166,24.883,101.19,15.502,-33.579,32.818
1.375,-12.179,20.013,-26.102,-44.793,34.161,24.876,101.23,15.447,-33.68,32.989
1.183,-12.179,20.002,-26.126,-44.784,34.154,24.869,101.26,15.383,-33.752,33.128
0.99597,-12.18,19.987,-26.152,-44.771,34.143,24.863,101.28,15.313,-33.797,33.236
0.81429,-12.182,19.967,-26.182,-44.755,34.13,24.86,101.3,15.239,-33.816,33.316
0.63847,-12.187,19.944,-26.214,-44.737,34.114,24.862,101.31,15.162,-33.811,33.37
0.47017,-12.194,19.916,-26.248,-44.717,34.095,24.869,101.31,15.086,-33.783,33.4
0.31574,-12.205,19.883,-26.284,-44.696,34.073,24.883,101.31,15.01,-33.736,33.41
0.20386,-12.219,19.844,-26.319,-44.675,34.048,24.905,101.31,14.938,-33.67,33.403
0.21606,-12.238,19.8,-26.354,-44.654,34.02,24.938,101.3,14.87,-33.59,33.382
0.34265,-12.262,19.749,-26.388,-44.633,33.988,24.981,101.29,14.809,-33.497,33.351
0.50857,-12.291,19.69,-26.419,-44.614,33.952,25.036,101.28,14.756,-33.396,33.313
0.69125,-12.324,19.624,-26.447,-44.597,33.912,25.103,101.27,14.712,-33.288,33.273
0.88593,-12.363,19.55,-26.471,-44.581,33.866,25.184,101.26,14.677,-33.177,33.233
1.0917,-12.406,19.468,-26.489,-44.568,33.815,25.278,101.25,14.653,-33.066,33.197
1.3087,-12.454,19.376,-26.502,-44.558,33.757,25.385,101.24,14.641,-32.958,33.168
1.537,-12.506,19.274,-26.507,-44.55,33.692,25.506,101.24,14.64,-32.857,33.149
1.7767,-12.562,19.162,-26.504,-44.546,33.618,25.641,101.23,14.65,-32.765,33.143
2.0276,-12.621,19.04,-26.492,-44.545,33.536,25.788,101.23,14.673,-32.685,33.153
2.2893,-12.683,18.905,-26.471,-44.548,33.444,25.948,101.23,14.706,-32.619,33.179
2.5609,-12.746,18.76,-26.439,-44.554,33.341,26.12,101.23,14.751,-32.569,33.225
2.8416,-12.81,18.601,-26.397,-44.564,33.226,26.303,101.23,14.807,-32.536,33.29
3.1302,-12.875,18.431,-26.342,-44.576,33.099,26.496,101.23,14.873,-32.523,33.376
3.4254,-12.939,18.247,-26.276,-44.592,32.958,26.697,101.23,14.947,-32.53,33.482
3.7256,-13.002,18.05,-26.196,-44.611,32.802,26.907,101.24,15.031,-32.557,33.609
4.0293,-13.063,17.839,-26.104,-44.633,32.632,27.123,101.25,15.122,-32.605,33.755
4.3349,-13.122,17.614,-25.999,-44.656,32.445,27.344,101.26,15.219,-32.674,33.92
4.6408,-13.177,17.376,-25.881,-44.682,32.243,27.57,101.27,15.322,-32.762,34.102
4.9452,-13.228,17.123,-25.75,-44.71,32.023,27.799,101.27,15.43,-32.869,34.299
5.2468,-13.275,16.856,-25.606,-44.739,31.785,28.029,101.28,15.542,-32.995,34.509
5.5439,-13.317,16.574,-25.449,-44.769,31.53,28.259,101.29,15.657,-33.137,34.729
5.8352,-13.355,16.278,-25.279,-44.799,31.257,28.489,101.3,15.773,-33.294,34.959
6.1194,-13.387,15.967,-25.096,-44.83,30.966,28.716,101.31,15.891,-33.465,35.194
6.3955,-13.414,15.642,-24.902,-44.86,30.657,28.94,101.31,16.009,-33.648,35.432
6.6626,-13.435,15.303,-24.696,-44.888,30.33,29.16,101.32,16.127,-33.841,35.67
6.9199,-13.452,14.95,-24.478,-44.915,29.985,29.374,101.32,16.243,-34.042,35.907
7.167,-13.465,14.582,-24.25,-44.94,29.624,29.581,101.32,16.358,-34.25,36.139
7.4036,-13.473,14.201,-24.011,-44.962,29.245,29.78,101.32,16.47,-34.464,36.364
7.6296,-13.477,13.806,-23.763,-44.98,28.851,29.97,101.31,16.579,-34.681,36.581
7.8453,-13.478,13.398,-23.505,-44.994,28.441,30.15,101.31,16.684,-34.901,36.786
8.051,-13.476,12.977,-23.238,-45.003,28.017,30.319,101.3,16.786,-35.123,36.98
8.2473,-13.473,12.544,-22.964,-45.006,27.58,30.475,101.28,16.884,-35.345,37.159
8.435,-13.468,12.098,-22.682,-45.003,27.13,30.619,101.27,16.977,-35.567,37.324
8.6152,-13.463,11.641,-22.392,-44.992,26.668,30.748,101.25,17.065,-35.787,37.473
8.789,-13.458,11.173,-22.097,-44.973,26.197,30.861,101.23,17.149,-36.007,37.607
8.9578,-13.454,10.695,-21.795,-44.944,25.715,30.959,101.21,17.227,-36.224,37.725
9.123,-13.452,10.206,-21.489,-44.906,25.226,31.039,101.18,17.301,-36.44,37.826
9.2861,-13.453,9.7082,-21.178,-44.856,24.729,31.102,101.15,17.37,-36.654,37.913
9.4487,-13.457,9.2018,-20.863,-44.795,24.226,31.147,101.12,17.435,-36.866,37.985
9.6124,-13.465,8.6876,-20.545,-44.721,23.718,31.172,101.08,17.495,-37.076,38.043
9.7789,-13.478,8.1663,-20.224,-44.633,23.205,31.177,101.04,17.55,-37.285,38.09
9.9495,-13.497,7.6389,-19.902,-44.53,22.688,31.162,100.99,17.601,-37.493,38.125
10.126,-13.521,7.1061,-19.578,-44.412,22.168,31.127,100.95,17.649,-37.699,38.151
10.309,-13.551,6.5689,-19.254,-44.277,21.645,31.07,100.89,17.692,-37.905,38.169
10.5,-13.589,6.0281,-18.931,-44.125,21.119,30.993,100.84,17.733,-38.11,38.181
10.701,-13.632,5.4847,-18.608,-43.954,20.591,30.894,100.78,17.77,-38.315,38.189
10.911,-13.683,4.9395,-18.286,-43.765,20.061,30.774,100.71,17.803,-38.52,38.195
11.132,-13.741,4.3936,-17.966,-43.557,19.529,30.634,100.64,17.834,-38.726,38.2
11.364,-13.806,3.8478,-17.649,-43.329,18.994,30.473,100.56,17.863,-38.932,38.205
11.607,-13.877,3.3031,-17.335,-43.081,18.457,30.291,100.48,17.889,-39.138,38.214
11.862,-13.955,2.7602,-17.024,-42.812,17.917,30.09,100.39,17.912,-39.345,38.226
12.127,-14.039,2.2201,-16.716,-42.523,17.373,29.87,100.3,17.933,-39.553,38.243
12.403,-14.128,1.6836,-16.412,-42.214,16.826,29.632,100.2,17.951,-39.761,38.266
12.689,-14.222,1.1515,-16.112,-41.886,16.274,29.376,100.09,17.967,-39.969,38.296
12.985,-14.319,0.62443,-15.816,-41.539,15.718,29.104,99.974,17.981,-40.178,38.333
13.29,-14.42,0.10314,-15.523,-41.174,15.156,28.817,99.849,17.993,-40.387,38.379
13.603,-14.522,-0.41175,-15.235,-40.791,14.588,28.515,99.714,18.002,-40.596,38.433
13.923,-14.626,-0.91963,-14.949,-40.393,14.014,28.201,99.569,18.009,-40.804,38.496
14.249,-14.73,-1.42,-14.667,-39.981,13.432,27.874,99.413,18.014,-41.011,38.567
14.58,-14.832,-1.9122,-14.387,-39.556,12.844,27.537,99.245,18.016,-41.217,38.646
14.916,-14.933,-2.396,-14.11,-39.12,12.247,27.191,99.065,18.017,-41.421,38.732
15.255,-15.031,-2.8708,-13.834,-38.676,11.642,26.838,98.871,18.015,-41.623,38.825
15.595,-15.125,-3.3362,-13.56,-38.224,11.029,26.478,98.664,18.01,-41.822,38.924
15.937,-15.213,-3.792,-13.288,-37.768,10.408,26.113,98.442,18.003,-42.018,39.028
16.278,-15.297,-4.2376,-13.015,-37.309,9.7778,25.745,98.204,17.993,-42.211,39.136
16.619,-15.373,-4.6729,-12.743,-36.85,9.1394,25.375,97.95,17.981,-42.399,39.247
16.956,-15.443,-5.0974,-12.471,-36.392,8.4928,25.003,97.679,17.965,-42.583,39.359
17.291,-15.505,-5.511,-12.198,-35.938,7.8382,24.632,97.391,17.946,-42.763,39.472
17.621,-15.559,-5.9132,-11.925,-35.49,7.1761,24.262,97.084,17.923,-42.937,39.584
17.945,-15.605,-6.3039,-11.65,-35.049,6.5068,23.894,96.759,17.896,-43.105,39.694
18.263,-15.642,-6.6828,-11.373,-34.617,5.831,23.529,96.415,17.865,-43.267,39.801
18.574,-15.672,-7.0496,-11.095,-34.197,5.1493,23.168,96.052,17.829,-43.424,39.904
18.876,-15.693,-7.4041,-10.816,-33.789,4.4624,22.811,95.669,17.786,-43.573,40.002
19.17,-15.706,-7.7461,-10.535,-33.394,3.7711,22.46,95.266,17.738,-43.717,40.094
19.453,-15.712,-8.0754,-10.252,-33.014,3.0762,22.114,94.842,17.682,-43.853,40.179
19.725,-15.711,-8.3918,-9.9684,-32.649,2.3785,21.773,94.399,17.619,-43.982,40.257
19.986,-15.704,-8.6952,-9.6837,-32.3,1.6788,21.438,93.935,17.547,-44.104,40.327
20.236,-15.691,-8.9854,-9.3982,-31.967,0.97799,21.109,93.451,17.466,-44.219,40.39
20.472,-15.673,-9.2624,-9.1124,-31.651,0.27683,20.786,92.946,17.375,-44.327,40.445
20.695,-15.652,-9.526,-8.8268,-31.351,-0.42391,20.469,92.421,17.273,-44.429,40.493
20.905,-15.627,-9.7763,-8.5419,-31.068,-1.1235,20.157,91.875,17.16,-44.523,40.533
21.101,-15.6,-10.013,-8.2582,-30.8,-1.8214,19.851,91.309,17.034,-44.612,40.567
21.283,-15.571,-10.237,-7.9764,-30.548,-2.5169,19.55,90.723,16.897,-44.694,40.594
21.45,-15.543,-10.448,-7.6971,-30.311,-3.2095,19.254,90.116,16.745,-44.771,40.617
21.602,-15.515,-10.645,-7.4208,-30.087,-3.8989,18.963,89.49,16.581,-44.842,40.635
21.739,-15.488,-10.83,-7.1483,-29.877,-4.5847,18.676,88.844,16.402,-44.909,40.649
21.861,-15.463,-11.002,-6.8803,-29.678,-5.2665,18.394,88.177,16.209,-44.972,40.661
21.968,-15.442,-11.162,-6.6173,-29.491,-5.9441,18.116,87.492,16.002,-45.033,40.673
22.059,-15.424,-11.31,-6.36,-29.313,-6.6174,17.842,86.787,15.78,-45.09,40.685
22.134,-15.41,-11.447,-6.1089,-29.145,-7.2863,17.572,86.063,15.543,-45.147,40.698
22.192,-15.401,-11.573,-5.8647,-28.984,-7.9506,17.306,85.32,15.291,-45.203,40.715
22.235,-15.397,-11.688,-5.6278,-28.831,-8.6102,17.044,84.559,15.025,-45.261,40.735
22.26,-15.399,-11.793,-5.3986,-28.683,-9.265,16.787,83.781,14.744,-45.32,40.762
22.269,-15.406,-11.888,-5.1776,-28.54,-9.915,16.534,82.985,14.448,-45.382,40.796
22.26,-15.419,-11.975,-4.965,-28.402,-10.56,16.285,82.172,14.137,-45.448,40.838
22.233,-15.438,-12.053,-4.7611,-28.267,-11.2,16.042,81.343,13.813,-45.52,40.889
22.188,-15.463,-12.123,-4.5661,-28.134,-11.834,15.803,80.499,13.474,-45.599,40.951
22.124,-15.493,-12.186,-4.3801,-28.004,-12.463,15.569,79.642,13.122,-45.686,41.025
22.041,-15.529,-12.243,-4.2033,-27.876,-13.086,15.341,78.77,12.756,-45.782,41.111
21.938,-15.571,-12.293,-4.0355,-27.749,-13.703,15.119,77.887,12.377,-45.888,41.21
21.814,-15.617,-12.339,-3.8768,-27.623,-14.313,14.903,76.994,11.985,-46.005,41.323
21.67,-15.668,-12.379,-3.7271,-27.498,-14.916,14.694,76.091,11.581,-46.135,41.45
21.504,-15.723,-12.415,-3.5861,-27.374,-15.512,14.491,75.18,11.166,-46.277,41.591
21.317,-15.782,-12.448,-3.4538,-27.25,-16.099,14.295,74.263,10.74,-46.433,41.746
21.108,-15.844,-12.477,-3.3299,-27.126,-16.677,14.107,73.341,10.304,-46.602,41.915
20.877,-15.909,-12.504,-3.2141,-27.004,-17.245,13.925,72.416,9.8582,-46.786,42.098
20.624,-15.976,-12.528,-3.1063,-26.881,-17.803,13.752,71.49,9.404,-46.983,42.293
20.349,-16.045,-12.55,-3.0061,-26.76,-18.35,13.586,70.564,8.9421,-47.194,42.501
20.052,-16.115,-12.57,-2.9132,-26.639,-18.886,13.428,69.641,8.4735,-47.419,42.719
19.734,-16.186,-12.59,-2.8273,-26.519,-19.409,13.277,68.722,7.9992,-47.655,42.946
19.395,-16.258,-12.608,-2.7481,-26.399,-19.919,13.135,67.808,7.5203,-47.903,43.182
19.035,-16.329,-12.626,-2.6754,-26.281,-20.415,13,66.902,7.0381,-48.161,43.424
18.655,-16.399,-12.643,-2.6089,-26.164,-20.897,12.873,66.005,6.5537,-48.427,43.672
18.257,-16.468,-12.66,-2.5481,-26.048,-21.364,12.754,65.119,6.0683,-48.7,43.922
17.841,-16.536,-12.676,-2.4929,-25.934,-21.816,12.642,64.244,5.5833,-48.978,44.173
17.408,-16.603,-12.693,-2.4429,-25.82,-22.252,12.537,63.383,5.0998,-49.258,44.423
16.96,-16.667,-12.709,-2.398,-25.708,-22.671,12.44,62.537,4.6193,-49.54,44.67
16.499,-16.728,-12.726,-2.3577,-25.598,-23.075,12.349,61.707,4.1428,-49.819,44.912
16.025,-16.787,-12.742,-2.3218,-25.488,-23.461,12.265,60.893,3.6717,-50.095,45.148
15.541,-16.843,-12.759,-2.2901,-25.38,-23.831,12.187,60.097,3.2071,-50.366,45.376
15.048,-16.896,-12.776,-2.2623,-25.273,-24.184,12.116,59.32,2.7502,-50.629,45.593
14.548,-16.945,-12.792,-2.2381,-25.167,-24.521,12.05,58.562,2.3019,-50.882,45.8
14.042,-16.991,-12.809,-2.2173,-25.062,-24.841,11.99,57.824,1.8633,-51.125,45.995
13.532,-17.033,-12.826,-2.1995,-24.958,-25.145,11.935,57.106,1.4351,-51.356,46.176
13.021,-17.071,-12.842,-2.1846,-24.855,-25.432,11.885,56.408,1.0181,-51.573,46.345
12.509,-17.105,-12.858,-2.1722,-24.753,-25.704,11.839,55.732,0.61293,-51.777,46.5
11.999,-17.136,-12.874,-2.162,-24.652,-25.961,11.798,55.076,0.22007,-51.966,46.641
11.492,-17.162,-12.89,-2.1538,-24.551,-26.203,11.761,54.442,-0.16008,-52.141,46.77
10.99,-17.185,-12.905,-2.1473,-24.452,-26.43,11.727,53.828,-0.52727,-52.302,46.886
10.494,-17.203,-12.919,-2.1423,-24.353,-26.644,11.697,53.236,-0.88131,-52.45,46.991
10.006,-17.217,-12.933,-2.1383,-24.255,-26.844,11.67,52.664,-1.2222,-52.585,47.086
9.5265,-17.228,-12.946,-2.1352,-24.157,-27.031,11.645,52.113,-1.5498,-52.708,47.172
9.0574,-17.234,-12.959,-2.1327,-24.061,-27.207,11.623,51.583,-1.8644,-52.821,47.249
8.5997,-17.237,-12.971,-2.1305,-23.965,-27.371,11.603,51.073,-2.166,-52.924,47.321
8.1542,-17.236,-12.982,-2.1284,-23.871,-27.525,11.585,50.583,-2.4549,-53.02,47.387
7.722,-17.231,-12.993,-2.1262,-23.778,-27.668,11.568,50.113,-2.7315,-53.109,47.45
7.3038,-17.223,-13.002,-2.1236,-23.686,-27.802,11.553,49.663,-2.9959,-53.193,47.511
6.9002,-17.212,-13.011,-2.1205,-23.595,-27.927,11.539,49.232,-3.2485,-53.274,47.571
6.5118,-17.198,-13.02,-2.1168,-23.507,-28.044,11.525,48.821,-3.4896,-53.352,47.631
6.139,-17.182,-13.028,-2.1122,-23.42,-28.153,11.513,48.429,-3.7197,-53.43,47.693
5.782,-17.162,-13.035,-2.1068,-23.335,-28.255,11.502,48.056,-3.9391,-53.508,47.758
5.4412,-17.141,-13.041,-2.1004,-23.252,-28.35,11.491,47.701,-4.1481,-53.587,47.825
5.1166,-17.117,-13.048,-2.0931,-23.172,-28.44,11.481,47.364,-4.3471,-53.668,47.896
4.8082,-17.092,-13.054,-2.0849,-23.094,-28.524,11.471,47.046,-4.5365,-53.751,47.972
4.5159,-17.066,-13.059,-2.0757,-23.019,-28.604,11.462,46.745,-4.7165,-53.838,48.051
4.2396,-17.038,-13.064,-2.0657,-22.946,-28.679,11.454,46.462,-4.8874,-53.929,48.135
3.979,-17.01,-13.07,-2.0549,-22.876,-28.75,11.447,46.195,-5.0497,-54.022,48.223
3.7338,-16.981,-13.075,-2.0434,-22.809,-28.817,11.44,45.945,-5.2034,-54.12,48.315
3.5036,-16.952,-13.079,-2.0314,-22.745,-28.88,11.434,45.711,-5.349,-54.22,48.411
3.2881,-16.924,-13.084,-2.019,-22.684,-28.941,11.428,45.493,-5.4867,-54.323,48.51
3.0868,-16.895,-13.09,-2.0063,-22.625,-28.999,11.424,45.289,-5.6168,-54.429,48.611
2.8992,-16.868,-13.095,-1.9936,-22.57,-29.055,11.42,45.1,-5.7395,-54.536,48.713
2.7247,-16.841,-13.1,-1.9808,-22.517,-29.108,11.417,44.924,-5.8552,-54.645,48.817
2.5629,-16.816,-13.106,-1.9681,-22.467,-29.159,11.415,44.761,-5.964,-54.754,48.922
2.4133,-16.792,-13.112,-1.9557,-22.42,-29.208,11.414,44.61,-6.0664,-54.864,49.026
2.2751,-16.77,-13.118,-1.9437,-22.375,-29.255,11.414,44.47,-6.1625,-54.972,49.129
2.148,-16.749,-13.125,-1.9321,-22.332,-29.301,11.414,44.34,-6.2528,-55.079,49.231
2.0313,-16.73,-13.132,-1.921,-22.292,-29.344,11.415,44.22,-6.3375,-55.183,49.331
1.9244,-16.712,-13.14,-1.9105,-22.254,-29.386,11.416,44.108,-6.417,-55.286,49.428
1.8268,-16.697,-13.149,-1.9006,-22.217,-29.427,11.418,44.003,-6.4916,-55.385,49.523
1.7379,-16.683,-13.157,-1.8912,-22.183,-29.466,11.42,43.906,-6.5618,-55.48,49.614
1.6572,-16.671,-13.167,-1.8825,-22.15,-29.503,11.423,43.814,-6.6279,-55.572,49.703
1.584,-16.661,-13.177,-1.8743,-22.118,-29.538,11.425,43.728,-6.6903,-55.659,49.787
1.5178,-16.652,-13.188,-1.8666,-22.088,-29.572,11.427,43.646,-6.7493,-55.743,49.868
1.458,-16.645,-13.199,-1.8594,-22.059,-29.605,11.43,43.568,-6.8053,-55.822,49.946
1.4039,-16.639,-13.211,-1.8526,-22.031,-29.636,11.432,43.493,-6.8587,-55.897,50.021
1.3549,-16.635,-13.224,-1.846,-22.004,-29.665,11.433,43.421,-6.9099,-55.968,50.092
1.3105,-16.631,-13.237,-1.8398,-21.977,-29.692,11.435,43.35,-6.9591,-56.035,50.16
1.27,-16.629,-13.251,-1.8336,-21.952,-29.718,11.436,43.282,-7.0066,-56.099,50.227
1.2329,-16.627,-13.266,-1.8276,-21.927,-29.743,11.436,43.215,-7.0528,-56.159,50.29
1.1985,-16.626,-13.281,-1.8215,-21.903,-29.766,11.436,43.149,-7.0979,-56.217,50.353
1.1662,-16.626,-13.297,-1.8154,-21.879,-29.787,11.436,43.084,-7.1421,-56.272,50.413
1.1356,-16.626,-13.313,-1.8091,-21.856,-29.806,11.436,43.02,-7.1855,-56.325,50.473
