1.0568,-15.596,-9.8227,4.5167,-40.112,-38.458,-5.8207,58.349,-14.945,-43.14,23.759
1.2571,-15.599,-9.8268,4.5235,-40.141,-38.43,-5.8495,58.379,-14.668,-42.819,23.423
1.474,-15.603,-9.832,4.531,-40.174,-38.401,-5.8804,58.416,-14.37,-42.436,23.023
1.7062,-15.608,-9.8384,4.5393,-40.211,-38.369,-5.9131,58.46,-14.05,-41.993,22.56
1.9523,-15.613,-9.8461,4.5484,-40.252,-38.336,-5.9474,58.512,-13.71,-41.493,22.034
2.2108,-15.618,-9.8552,4.5583,-40.295,-38.302,-5.9831,58.572,-13.35,-40.942,21.451
2.4799,-15.624,-9.8657,4.569,-40.342,-38.267,-6.0199,58.641,-12.971,-40.345,20.815
2.7577,-15.63,-9.8777,4.5805,-40.391,-38.232,-6.0575,58.718,-12.573,-39.711,20.132
3.042,-15.637,-9.8912,4.5929,-40.442,-38.197,-6.0956,58.804,-12.158,-39.049,19.411
3.3305,-15.643,-9.9062,4.6062,-40.495,-38.162,-6.1339,58.897,-11.727,-38.37,18.659
3.6207,-15.648,-9.9228,4.6202,-40.548,-38.129,-6.172,58.999,-11.281,-37.685,17.886
3.9099,-15.654,-9.9409,4.6351,-40.602,-38.097,-6.2096,59.108,-10.822,-37.005,17.1
4.1955,-15.659,-9.9605,4.6509,-40.655,-38.067,-6.2463,59.224,-10.352,-36.341,16.311
4.4746,-15.663,-9.9815,4.6674,-40.707,-38.04,-6.2818,59.346,-9.8728,-35.704,15.527
4.7443,-15.666,-10.004,4.6846,-40.757,-38.016,-6.3158,59.475,-9.3864,-35.105,14.755
5.0016,-15.667,-10.028,4.7026,-40.804,-37.996,-6.3478,59.607,-8.8949,-34.55,14
5.2439,-15.668,-10.053,4.7213,-40.846,-37.98,-6.3776,59.744,-8.4007,-34.047,13.269
5.4682,-15.667,-10.079,4.7406,-40.883,-37.968,-6.4047,59.883,-7.9063,-33.601,12.564
5.6719,-15.664,-10.106,4.7605,-40.915,-37.961,-6.4288,60.023,-7.414,-33.216,11.889
5.8524,-15.659,-10.133,4.7808,-40.939,-37.96,-6.4495,60.164,-6.9265,-32.894,11.244
6.0074,-15.652,-10.162,4.8015,-40.954,-37.964,-6.4666,60.304,-6.4463,-32.635,10.631
6.1348,-15.643,-10.191,4.8225,-40.961,-37.974,-6.4795,60.44,-5.9759,-32.438,10.048
6.2327,-15.631,-10.22,4.8436,-40.957,-37.99,-6.4881,60.573,-5.5179,-32.301,9.4948
6.2997,-15.618,-10.249,4.8647,-40.942,-38.011,-6.4918,60.7,-5.0746,-32.22,8.9704
6.3345,-15.601,-10.277,4.8856,-40.914,-38.038,-6.4903,60.82,-4.6484,-32.191,8.4734
6.3364,-15.583,-10.306,4.9062,-40.873,-38.07,-6.4833,60.931,-4.2414,-32.209,8.0023
6.3049,-15.561,-10.333,4.9263,-40.818,-38.108,-6.4705,61.031,-3.8556,-32.269,7.5556
6.2402,-15.537,-10.359,4.9456,-40.747,-38.15,-6.4514,61.12,-3.4927,-32.364,7.1322
6.1426,-15.511,-10.385,4.964,-40.661,-38.196,-6.4258,61.196,-3.1543,-32.49,6.7311
6.0133,-15.482,-10.408,4.9812,-40.558,-38.246,-6.3933,61.256,-2.8417,-32.639,6.3513
5.8535,-15.451,-10.43,4.9969,-40.438,-38.3,-6.3537,61.301,-2.5559,-32.807,5.9922
5.6655,-15.417,-10.449,5.011,-40.3,-38.355,-6.3067,61.328,-2.2978,-32.988,5.6534
5.4516,-15.381,-10.466,5.0231,-40.144,-38.412,-6.2521,61.336,-2.0677,-33.176,5.3343
5.2151,-15.342,-10.48,5.0332,-39.969,-38.469,-6.1898,61.324,-1.8659,-33.366,5.0349
4.9597,-15.301,-10.491,5.0408,-39.776,-38.525,-6.1196,61.292,-1.6924,-33.554,4.7548
4.6898,-15.258,-10.499,5.0458,-39.564,-38.581,-6.0414,61.237,-1.5469,-33.736,4.4939
4.4108,-15.212,-10.504,5.0479,-39.333,-38.633,-5.9553,61.16,-1.4289,-33.907,4.252
4.1288,-15.165,-10.505,5.047,-39.084,-38.683,-5.8613,61.06,-1.3378,-34.065,4.0289
3.851,-15.114,-10.502,5.0429,-38.817,-38.727,-5.7595,60.936,-1.2724,-34.207,3.8245
3.5856,-15.062,-10.496,5.0354,-38.533,-38.767,-5.6501,60.787,-1.2318,-34.33,3.6383
3.3421,-15.007,-10.486,5.0245,-38.231,-38.799,-5.5332,60.614,-1.2147,-34.432,3.47
3.1307,-14.949,-10.473,5.0099,-37.913,-38.825,-5.4093,60.415,-1.2197,-34.513,3.3191
2.9618,-14.889,-10.455,4.9917,-37.579,-38.842,-5.2786,60.192,-1.2453,-34.571,3.1851
2.8447,-14.826,-10.435,4.9698,-37.231,-38.849,-5.1417,59.944,-1.2898,-34.605,3.0674
2.7854,-14.76,-10.411,4.9441,-36.869,-38.848,-4.9989,59.671,-1.3516,-34.616,2.9652
2.7851,-14.691,-10.383,4.9149,-36.495,-38.835,-4.8507,59.374,-1.429,-34.605,2.878
2.8399,-14.619,-10.353,4.882,-36.11,-38.812,-4.6979,59.053,-1.5201,-34.571,2.8048
2.9411,-14.544,-10.321,4.8457,-35.714,-38.777,-4.541,58.708,-1.6231,-34.516,2.7449
3.0778,-14.465,-10.286,4.806,-35.31,-38.731,-4.3808,58.341,-1.7363,-34.442,2.6976
3.2386,-14.383,-10.25,4.7632,-34.899,-38.673,-4.2178,57.953,-1.8577,-34.35,2.6622
3.4132,-14.297,-10.211,4.7173,-34.482,-38.604,-4.053,57.544,-1.9857,-34.244,2.6378
3.5926,-14.207,-10.172,4.6686,-34.06,-38.523,-3.887,57.117,-2.1185,-34.124,2.624
3.7697,-14.113,-10.133,4.6174,-33.636,-38.43,-3.7206,56.671,-2.2544,-33.993,2.6201
3.9386,-14.016,-10.092,4.5639,-33.209,-38.326,-3.5547,56.209,-2.3918,-33.855,2.6258
4.0951,-13.915,-10.053,4.5083,-32.783,-38.212,-3.3899,55.733,-2.5291,-33.712,2.6406
4.2358,-13.81,-10.013,4.4509,-32.358,-38.087,-3.2271,55.245,-2.665,-33.566,2.6641
4.3584,-13.702,-9.9745,4.392,-31.935,-37.954,-3.067,54.746,-2.798,-33.419,2.6963
4.4612,-13.59,-9.9371,4.3319,-31.517,-37.811,-2.9101,54.239,-2.927,-33.275,2.7368
4.5433,-13.476,-9.9011,4.2707,-31.103,-37.661,-2.7573,53.725,-3.0509,-33.134,2.7854
4.6042,-13.359,-9.8669,4.2088,-30.695,-37.503,-2.6089,53.207,-3.1687,-33,2.842
4.6438,-13.24,-9.8346,4.1463,-30.295,-37.34,-2.4656,52.687,-3.2796,-32.872,2.9063
4.6625,-13.119,-9.8044,4.0836,-29.903,-37.171,-2.3277,52.168,-3.383,-32.754,2.9781
4.661,-12.997,-9.7765,4.0208,-29.521,-36.998,-2.1956,51.651,-3.4782,-32.644,3.0571
4.6402,-12.873,-9.7508,3.958,-29.148,-36.822,-2.0694,51.139,-3.5649,-32.544,3.1429
4.6012,-12.75,-9.7275,3.8956,-28.786,-36.644,-1.9495,50.633,-3.6428,-32.454,3.2352
4.5454,-12.626,-9.7065,3.8335,-28.435,-36.464,-1.8357,50.136,-3.7118,-32.374,3.3334
4.4742,-12.504,-9.6878,3.7719,-28.095,-36.283,-1.7283,49.65,-3.7719,-32.304,3.4369
4.3893,-12.382,-9.6714,3.7109,-27.768,-36.102,-1.6271,49.175,-3.8232,-32.243,3.5452
4.2922,-12.263,-9.657,3.6506,-27.452,-35.923,-1.5319,48.714,-3.8658,-32.191,3.6577
4.1847,-12.145,-9.6447,3.591,-27.149,-35.745,-1.4426,48.268,-3.9001,-32.148,3.7736
4.0685,-12.031,-9.6343,3.5321,-26.858,-35.569,-1.3589,47.838,-3.9264,-32.111,3.8924
3.9453,-11.92,-9.6255,3.4739,-26.579,-35.395,-1.2806,47.423,-3.9453,-32.081,4.0132
3.8168,-11.812,-9.6183,3.4165,-26.312,-35.225,-1.2074,47.026,-3.9571,-32.058,4.1355
3.6847,-11.708,-9.6126,3.3597,-26.057,-35.057,-1.1388,46.647,-3.9624,-32.039,4.2586
3.5505,-11.609,-9.608,3.3035,-25.812,-34.894,-1.0747,46.284,-3.9618,-32.026,4.3819
3.4158,-11.514,-9.6046,3.2479,-25.578,-34.734,-1.0145,45.939,-3.9559,-32.016,4.5047
3.282,-11.423,-9.6021,3.1929,-25.355,-34.578,-0.95804,45.611,-3.9452,-32.011,4.6266
3.1504,-11.337,-9.6005,3.1383,-25.141,-34.426,-0.90487,45.3,-3.9305,-32.009,4.7471
3.0222,-11.256,-9.5996,3.084,-24.936,-34.278,-0.85469,45.004,-3.9122,-32.01,4.8657
2.8984,-11.179,-9.5993,3.0302,-24.739,-34.134,-0.80719,44.723,-3.8911,-32.015,4.9821
2.7802,-11.107,-9.5996,2.9766,-24.551,-33.994,-0.76207,44.457,-3.8675,-32.023,5.096
2.6682,-11.038,-9.6004,2.9233,-24.369,-33.857,-0.71908,44.203,-3.8421,-32.035,5.2071
2.5633,-10.974,-9.6017,2.8702,-24.194,-33.724,-0.67798,43.961,-3.8153,-32.05,5.3154
2.4659,-10.913,-9.6034,2.8173,-24.024,-33.595,-0.63856,43.729,-3.7877,-32.069,5.4206
2.3765,-10.856,-9.6055,2.7647,-23.86,-33.468,-0.60064,43.508,-3.7596,-32.091,5.5228
2.2953,-10.801,-9.608,2.7123,-23.7,-33.344,-0.56408,43.294,-3.7316,-32.118,5.622
2.2227,-10.749,-9.6109,2.6602,-23.544,-33.223,-0.52877,43.088,-3.704,-32.149,5.7183
2.1584,-10.699,-9.6142,2.6085,-23.393,-33.105,-0.49461,42.887,-3.6771,-32.185,5.8117
2.1025,-10.651,-9.6178,2.5571,-23.244,-32.989,-0.46156,42.692,-3.6512,-32.225,5.9026
2.0547,-10.604,-9.6218,2.5063,-23.099,-32.875,-0.42957,42.501,-3.6267,-32.27,5.991
2.0147,-10.557,-9.6262,2.4562,-22.956,-32.763,-0.39863,42.313,-3.6039,-32.319,6.0773
1.9819,-10.512,-9.6309,2.4067,-22.815,-32.653,-0.36877,42.128,-3.5828,-32.374,6.1617
1.9558,-10.466,-9.636,2.3581,-22.677,-32.545,-0.34001,41.945,-3.5639,-32.432,6.2445
1.9357,-10.421,-9.6414,2.3105,-22.542,-32.438,-0.31239,41.764,-3.5471,-32.495,6.3259
1.9208,-10.375,-9.647,2.2641,-22.409,-32.333,-0.28598,41.583,-3.5326,-32.562,6.4063
1.9104,-10.328,-9.653,2.2189,-22.278,-32.23,-0.26083,41.404,-3.5206,-32.631,6.4858
1.9035,-10.281,-9.6591,2.1751,-22.149,-32.129,-0.23702,41.226,-3.511,-32.704,6.5646
1.8994,-10.232,-9.6654,2.1329,-22.024,-32.029,-0.21462,41.048,-3.504,-32.779,6.6429
1.8969,-10.183,-9.6719,2.0923,-21.901,-31.932,-0.19368,40.872,-3.4994,-32.854,6.7209
1.8954,-10.132,-9.6785,2.0536,-21.782,-31.836,-0.17429,40.698,-3.4973,-32.931,6.7985
1.8938,-10.081,-9.685,2.0167,-21.666,-31.742,-0.15648,40.525,-3.4975,-33.007,6.8759
1.8913,-10.028,-9.6916,1.9818,-21.554,-31.651,-0.14031,40.354,-3.5,-33.082,6.953
1.887,-9.9743,-9.6981,1.9489,-21.445,-31.562,-0.12581,40.186,-3.5046,-33.154,7.0297
1.8803,-9.9198,-9.7044,1.9182,-21.341,-31.476,-0.113,40.02,-3.5111,-33.224,7.1059
1.8703,-9.8648,-9.7106,1.8896,-21.242,-31.392,-0.10189,39.859,-3.5193,-33.291,7.1814
1.8564,-9.8093,-9.7165,1.8632,-21.147,-31.311,-0.09245,39.701,-3.5291,-33.353,7.2561
1.838,-9.7538,-9.7221,1.8389,-21.057,-31.233,-0.084666,39.548,-3.5401,-33.41,7.3298
1.8145,-9.6983,-9.7274,1.8169,-20.973,-31.158,-0.078491,39.399,-3.5521,-33.462,7.4022
1.7856,-9.6433,-9.7322,1.7969,-20.893,-31.086,-0.073863,39.256,-3.5648,-33.508,7.4732
1.7508,-9.589,-9.7366,1.7791,-20.819,-31.018,-0.070708,39.118,-3.578,-33.548,7.5424
1.7098,-9.5356,-9.7406,1.7633,-20.75,-30.953,-0.068936,38.987,-3.5914,-33.581,7.6098
1.6626,-9.4836,-9.7439,1.7494,-20.687,-30.892,-0.068443,38.861,-3.6048,-33.609,7.6752
1.6089,-9.4332,-9.7468,1.7374,-20.628,-30.834,-0.069117,38.742,-3.6179,-33.63,7.7384
1.5487,-9.3846,-9.749,1.7272,-20.575,-30.78,-0.070835,38.629,-3.6304,-33.646,7.7992
1.4822,-9.3381,-9.7507,1.7186,-20.527,-30.73,-0.073467,38.522,-3.6422,-33.656,7.8577
1.4094,-9.2939,-9.7518,1.7116,-20.483,-30.684,-0.07688,38.421,-3.653,-33.66,7.9138
1.3308,-9.2523,-9.7522,1.706,-20.444,-30.641,-0.080935,38.327,-3.6628,-33.66,7.9674
1.2466,-9.2133,-9.7521,1.7016,-20.409,-30.602,-0.085496,38.238,-3.6713,-33.656,8.0187
1.1575,-9.1773,-9.7515,1.6985,-20.377,-30.567,-0.090427,38.155,-3.6786,-33.648,8.0676
1.0639,-9.1441,-9.7503,1.6965,-20.349,-30.535,-0.095597,38.077,-3.6844,-33.637,8.1143
0.9667,-9.114,-9.7487,1.6954,-20.324,-30.507,-0.10088,38.004,-3.6887,-33.623,8.1589
0.86683,-9.0868,-9.7467,1.6951,-20.302,-30.482,-0.10616,37.936,-3.6917,-33.607,8.2015
0.76542,-9.0628,-9.7444,1.6957,-20.283,-30.461,-0.11133,37.871,-3.6932,-33.59,8.2423
0.66388,-9.0417,-9.7419,1.697,-20.265,-30.443,-0.11629,37.811,-3.6933,-33.572,8.2814
0.5641,-9.0235,-9.7392,1.6989,-20.249,-30.428,-0.12098,37.753,-3.6921,-33.553,8.3191
0.46871,-9.0081,-9.7366,1.7015,-20.234,-30.416,-0.12531,37.699,-3.6897,-33.534,8.3555
0.38172,-8.9955,-9.7341,1.7047,-20.221,-30.406,-0.12925,37.647,-3.6863,-33.515,8.3909
0.30968,-8.9854,-9.7319,1.7085,-20.208,-30.399,-0.13277,37.597,-3.682,-33.496,8.4252
0.26254,-8.9778,-9.7301,1.7129,-20.196,-30.394,-0.13586,37.55,-3.677,-33.477,8.4588
0.25014,-8.9724,-9.7289,1.7181,-20.185,-30.391,-0.13853,37.504,-3.6714,-33.459,8.4917
0.2717,-8.9691,-9.7283,1.7239,-20.174,-30.389,-0.14081,37.46,-3.6656,-33.441,8.5239
0.31472,-8.9678,-9.7286,1.7305,-20.164,-30.389,-0.14275,37.419,-3.6598,-33.423,8.5556
0.36645,-8.9682,-9.7299,1.7379,-20.155,-30.389,-0.14443,37.38,-3.6541,-33.405,8.5866
0.41897,-8.9702,-9.7322,1.7463,-20.146,-30.39,-0.14593,37.343,-3.649,-33.386,8.617
0.46825,-8.9738,-9.7358,1.7558,-20.138,-30.391,-0.14737,37.31,-3.6445,-33.368,8.6466
0.51267,-8.9786,-9.7406,1.7663,-20.131,-30.392,-0.14889,37.281,-3.6411,-33.348,8.6753
0.55244,-8.9847,-9.7467,1.778,-20.126,-30.391,-0.15063,37.257,-3.6388,-33.327,8.7028
0.5895,-8.9919,-9.7542,1.791,-20.122,-30.389,-0.15278,37.238,-3.6379,-33.304,8.7288
0.62762,-9.0002,-9.763,1.8054,-20.122,-30.385,-0.1555,37.227,-3.6387,-33.279,8.7531
0.67249,-9.0094,-9.7732,1.8211,-20.124,-30.378,-0.15902,37.223,-3.6411,-33.252,8.775
0.73138,-9.0197,-9.7846,1.8382,-20.13,-30.368,-0.16353,37.23,-3.6453,-33.223,8.7943
0.81215,-9.0309,-9.7972,1.8566,-20.141,-30.353,-0.16928,37.247,-3.6512,-33.191,8.8102
0.92196,-9.043,-9.8109,1.8764,-20.157,-30.334,-0.17649,37.278,-3.6588,-33.156,8.8222
1.0661,-9.0561,-9.8254,1.8975,-20.178,-30.309,-0.18539,37.323,-3.668,-33.117,8.8296
1.2477,-9.0701,-9.8405,1.9198,-20.206,-30.277,-0.19623,37.386,-3.6784,-33.076,8.8317
1.4683,-9.0851,-9.8561,1.943,-20.242,-30.238,-0.20921,37.467,-3.6896,-33.031,8.8277
1.7281,-9.1011,-9.8719,1.9671,-20.286,-30.191,-0.22458,37.569,-3.7012,-32.983,8.8167
2.027,-9.1181,-9.8875,1.9918,-20.339,-30.135,-0.24251,37.693,-3.7126,-32.931,8.7979
2.3645,-9.1362,-9.9027,2.0169,-20.401,-30.07,-0.26319,37.843,-3.7229,-32.876,8.7704
2.7397,-9.1553,-9.9171,2.0419,-20.474,-29.993,-0.28678,38.019,-3.7312,-32.818,8.7333
3.1518,-9.1755,-9.9303,2.0667,-20.558,-29.904,-0.31339,38.225,-3.7365,-32.756,8.6858
3.5997,-9.1966,-9.9421,2.0907,-20.653,-29.804,-0.34311,38.461,-3.7375,-32.691,8.6269
4.0822,-9.2188,-9.9521,2.1135,-20.76,-29.689,-0.37598,38.73,-3.7328,-32.622,8.5559
4.5977,-9.2418,-9.9598,2.1348,-20.879,-29.561,-0.412,39.034,-3.7208,-32.549,8.4718
5.1445,-9.2657,-9.9651,2.1541,-21.01,-29.417,-0.45114,39.374,-3.6998,-32.472,8.3741
5.7206,-9.2903,-9.9674,2.1708,-21.154,-29.258,-0.49329,39.751,-3.6678,-32.391,8.2618
6.3238,-9.3154,-9.9666,2.1844,-21.309,-29.082,-0.53833,40.168,-3.623,-32.305,8.1344
6.9515,-9.3409,-9.9624,2.1945,-21.475,-28.889,-0.58606,40.626,-3.563,-32.214,7.9913
7.601,-9.3665,-9.9545,2.2006,-21.653,-28.679,-0.63625,41.124,-3.4857,-32.116,7.832
8.2693,-9.3922,-9.9427,2.2022,-21.84,-28.45,-0.68865,41.666,-3.3888,-32.012,7.656
8.953,-9.4175,-9.9268,2.1987,-22.037,-28.204,-0.74295,42.25,-3.2698,-31.9,7.4629
9.6488,-9.4423,-9.9066,2.1898,-22.243,-27.939,-0.79881,42.879,-3.1265,-31.78,7.2525
10.353,-9.4663,-9.8821,2.1751,-22.455,-27.655,-0.85587,43.551,-2.9566,-31.65,7.0245
11.062,-9.4892,-9.8533,2.1541,-22.673,-27.353,-0.91377,44.268,-2.7579,-31.51,6.7787
11.771,-9.5106,-9.8199,2.1266,-22.895,-27.032,-0.97214,45.03,-2.5284,-31.358,6.5152
12.477,-9.5302,-9.7822,2.0922,-23.12,-26.693,-1.0306,45.835,-2.2664,-31.194,6.2338
13.176,-9.5478,-9.74,2.0508,-23.346,-26.336,-1.0888,46.684,-1.9703,-31.016,5.9348
13.863,-9.5631,-9.6936,2.0021,-23.572,-25.961,-1.1463,47.575,-1.6391,-30.824,5.6182
14.535,-9.5756,-9.6431,1.9462,-23.794,-25.57,-1.2029,48.508,-1.2719,-30.617,5.2844
15.188,-9.5852,-9.5885,1.8828,-24.013,-25.162,-1.2583,49.482,-0.86841,-30.394,4.9337
15.817,-9.5915,-9.5302,1.8122,-24.226,-24.739,-1.3122,50.494,-0.42885,-30.155,4.5665
16.419,-9.5943,-9.4682,1.7343,-24.431,-24.301,-1.3644,51.543,0.046096,-29.899,4.1835
16.991,-9.5933,-9.4029,1.6493,-24.627,-23.849,-1.4148,52.626,0.55518,-29.626,3.7853
17.529,-9.5884,-9.3346,1.5574,-24.812,-23.384,-1.4631,53.741,1.0966,-29.337,3.3729
18.03,-9.5794,-9.2634,1.4589,-24.986,-22.908,-1.5094,54.885,1.668,-29.031,2.947
18.493,-9.5661,-9.1897,1.3542,-25.145,-22.42,-1.5534,56.054,2.2665,-28.709,2.5089
18.913,-9.5485,-9.1138,1.2435,-25.291,-21.923,-1.5953,57.244,2.8887,-28.373,2.0597
19.29,-9.5265,-9.0359,1.1273,-25.42,-21.417,-1.6348,58.452,3.5309,-28.023,1.6008
19.622,-9.5,-8.9564,1.0059,-25.533,-20.904,-1.6722,59.674,4.1891,-27.661,1.1338
19.907,-9.4691,-8.8755,0.88001,-25.63,-20.384,-1.7073,60.904,4.8587,-27.288,0.66013
20.145,-9.4339,-8.7935,0.74993,-25.709,-19.858,-1.74,62.14,5.5355,-26.907,0.18165
20.335,-9.3945,-8.7106,0.6162,-25.77,-19.328,-1.7705,63.375,6.2146,-26.519,-0.29988
20.478,-9.351,-8.627,0.47929,-25.813,-18.795,-1.7986,64.606,6.8918,-26.127,-0.78259
20.574,-9.3036,-8.5429,0.33971,-25.838,-18.259,-1.8241,65.829,7.5625,-25.734,-1.2646
20.623,-9.2526,-8.4585,0.1979,-25.846,-17.722,-1.8471,67.038,8.2227,-25.34,-1.7439
20.627,-9.1982,-8.3738,0.05433,-25.837,-17.184,-1.8672,68.231,8.8685,-24.949,-2.2186
20.588,-9.1407,-8.289,-0.09059,-25.811,-16.647,-1.8843,69.403,9.4963,-24.562,-2.6869
20.508,-9.0805,-8.2041,-0.23647,-25.77,-16.112,-1.8979,70.551,10.103,-24.183,-3.1468
20.388,-9.0179,-8.1192,-0.38296,-25.714,-15.579,-1.9079,71.672,10.686,-23.812,-3.5967
20.231,-8.9532,-8.0342,-0.52974,-25.644,-15.048,-1.9136,72.764,11.243,-23.451,-4.0347
20.041,-8.8868,-7.9491,-0.67656,-25.561,-14.522,-1.9147,73.824,11.772,-23.102,-4.4592
19.82,-8.8191,-7.8637,-0.82319,-25.468,-14,-1.9106,74.852,12.272,-22.767,-4.8689
19.571,-8.7504,-7.778,-0.96944,-25.364,-13.484,-1.9008,75.846,12.742,-22.445,-5.2621
19.298,-8.6813,-7.6919,-1.1152,-25.252,-12.973,-1.8846,76.805,13.18,-22.139,-5.6377
19.005,-8.6119,-7.6051,-1.2604,-25.132,-12.469,-1.8614,77.729,13.587,-21.848,-5.9943
18.694,-8.5427,-7.5175,-1.4049,-25.008,-11.972,-1.8306,78.617,13.963,-21.574,-6.3307
18.369,-8.4739,-7.4288,-1.5487,-24.879,-11.482,-1.7916,79.471,14.307,-21.315,-6.6461
18.034,-8.406,-7.3389,-1.6919,-24.748,-11,-1.7436,80.29,14.62,-21.073,-6.9392
17.692,-8.3391,-7.2475,-1.8345,-24.617,-10.526,-1.6862,81.075,14.902,-20.846,-7.2093
17.346,-8.2735,-7.1544,-1.9766,-24.486,-10.061,-1.6188,81.828,15.155,-20.636,-7.4553
16.999,-8.2093,-7.0593,-2.1183,-24.358,-9.6039,-1.5409,82.548,15.379,-20.441,-7.6766
16.654,-8.1469,-6.9619,-2.2597,-24.233,-9.1562,-1.452,83.237,15.574,-20.261,-7.8724
16.314,-8.0862,-6.862,-2.4008,-24.114,-8.7175,-1.3519,83.896,15.743,-20.096,-8.0418
15.98,-8.0275,-6.7594,-2.5419,-24.001,-8.2881,-1.2402,84.526,15.886,-19.946,-8.1844
15.654,-7.9708,-6.6539,-2.683,-23.896,-7.8678,-1.1169,85.128,16.003,-19.811,-8.2994
15.339,-7.916,-6.5452,-2.8242,-23.8,-7.4567,-0.98179,85.704,16.096,-19.69,-8.3863
15.034,-7.8633,-6.4331,-2.9658,-23.713,-7.0549,-0.835,86.253,16.167,-19.582,-8.4447
14.742,-7.8125,-6.3174,-3.1078,-23.638,-6.6621,-0.67664,86.778,16.215,-19.489,-8.4742
14.461,-7.7636,-6.198,-3.2502,-23.573,-6.2784,-0.50698,87.278,16.243,-19.41,-8.4744
14.193,-7.7166,-6.0748,-3.3932,-23.521,-5.9035,-0.32637,87.755,16.25,-19.345,-8.4452
13.937,-7.6713,-5.9476,-3.5368,-23.48,-5.5373,-0.13527,88.21,16.239,-19.295,-8.3865
13.693,-7.6277,-5.8165,-3.681,-23.453,-5.1796,0.065748,88.642,16.209,-19.259,-8.2983
13.459,-7.5855,-5.6812,-3.8258,-23.437,-4.8302,0.27603,89.053,16.162,-19.237,-8.1809
13.236,-7.5446,-5.5419,-3.9712,-23.434,-4.4887,0.49482,89.442,16.099,-19.231,-8.0346
13.022,-7.5049,-5.3986,-4.1172,-23.444,-4.155,0.72129,89.811,16.019,-19.24,-7.8598
12.815,-7.4661,-5.2513,-4.2636,-23.465,-3.8287,0.95454,90.159,15.925,-19.265,-7.6573
12.615,-7.4282,-5.1001,-4.4103,-23.498,-3.5096,1.1936,90.487,15.816,-19.305,-7.4279
12.42,-7.3909,-4.9452,-4.5571,-23.541,-3.1973,1.4374,90.796,15.694,-19.361,-7.1725
12.229,-7.3541,-4.7867,-4.704,-23.595,-2.8914,1.685,91.085,15.558,-19.433,-6.8923
12.041,-7.3175,-4.6248,-4.8507,-23.658,-2.5917,1.9353,91.355,15.41,-19.521,-6.5886
11.855,-7.281,-4.4596,-4.9971,-23.729,-2.2978,2.1871,91.605,15.249,-19.624,-6.2626
11.669,-7.2445,-4.2916,-5.1428,-23.807,-2.0094,2.4393,91.837,15.077,-19.741,-5.9161
11.484,-7.2077,-4.1208,-5.2877,-23.893,-1.7262,2.691,92.05,14.894,-19.874,-5.5504
11.298,-7.1705,-3.9475,-5.4315,-23.983,-1.4479,2.9409,92.245,14.7,-20.02,-5.1674
11.11,-7.1328,-3.7721,-5.574,-24.079,-1.1741,3.1882,92.422,14.495,-20.179,-4.7686
10.921,-7.0944,-3.5948,-5.715,-24.178,-0.90473,3.4318,92.581,14.281,-20.351,-4.3557
10.73,-7.0551,-3.4159,-5.8542,-24.279,-0.63943,3.671,92.723,14.057,-20.533,-3.9305
10.536,-7.0149,-3.2358,-5.9914,-24.383,-0.378,3.9047,92.848,13.824,-20.726,-3.4945
10.34,-6.9736,-3.0547,-6.1264,-24.487,-0.12028,4.1324,92.956,13.582,-20.927,-3.0495
10.142,-6.9312,-2.8729,-6.259,-24.592,0.13391,4.3534,93.049,13.332,-21.136,-2.5969
9.9413,-6.8875,-2.6908,-6.389,-24.696,0.38467,4.5671,93.125,13.074,-21.352,-2.1383
9.7391,-6.8426,-2.5086,-6.5163,-24.799,0.63211,4.7731,93.186,12.809,-21.572,-1.6749
9.5353,-6.7962,-2.3266,-6.6408,-24.9,0.87629,4.971,93.233,12.537,-21.795,-1.2081
9.3304,-6.7485,-2.1451,-6.7622,-25,1.1173,5.1607,93.265,12.258,-22.022,-0.73906
9.1248,-6.6994,-1.9644,-6.8806,-25.097,1.355,5.342,93.284,11.974,-22.249,-0.26889
8.919,-6.6488,-1.7847,-6.9959,-25.191,1.5896,5.5148,93.289,11.684,-22.476,0.20143
8.7136,-6.5968,-1.6062,-7.1081,-25.282,1.821,5.6793,93.282,11.389,-22.701,0.67101
8.5091,-6.5435,-1.4292,-7.2171,-25.37,2.0491,5.8356,93.263,11.091,-22.924,1.139
8.3061,-6.4889,-1.2539,-7.3229,-25.455,2.2739,5.9839,93.233,10.789,-23.143,1.6048
8.1051,-6.433,-1.0803,-7.4256,-25.537,2.4953,6.1246,93.191,10.485,-23.358,2.0676
7.9067,-6.3758,-0.90877,-7.5253,-25.616,2.7133,6.2581,93.14,10.179,-23.568,2.5269
7.7115,-6.3176,-0.73935,-7.6221,-25.693,2.9279,6.3847,93.079,9.8711,-23.772,2.9823
7.5201,-6.2583,-0.57217,-7.716,-25.767,3.1389,6.505,93.008,9.5633,-23.969,3.4333
7.3329,-6.198,-0.40735,-7.8072,-25.838,3.3463,6.6196,92.93,9.2558,-24.16,3.8796
7.1505,-6.1369,-0.24498,-7.8958,-25.908,3.5501,6.7289,92.843,8.9492,-24.343,4.321
6.9733,-6.0751,-0.085133,-7.982,-25.975,3.7503,6.8336,92.749,8.6444,-24.519,4.7571
6.8018,-6.0125,0.072139,-8.066,-26.042,3.9468,6.9341,92.649,8.342,-24.688,5.1879
6.6363,-5.9495,0.22679,-8.1479,-26.107,4.1396,7.0311,92.543,8.0424,-24.849,5.6133
6.4771,-5.886,0.37878,-8.228,-26.172,4.3288,7.1252,92.431,7.7464,-25.003,6.0332
6.3244,-5.8221,0.5281,-8.3064,-26.236,4.5143,7.2167,92.315,7.4544,-25.15,6.4476
6.1786,-5.758,0.67474,-8.3835,-26.3,4.6961,7.3063,92.195,7.1668,-25.29,6.8566
6.0396,-5.6938,0.8187,-8.4592,-26.365,4.8744,7.3944,92.072,6.884,-25.425,7.2601
5.9077,-5.6295,0.95998,-8.534,-26.43,5.049,7.4814,91.946,6.6064,-25.554,7.6582
5.7826,-5.5653,1.0986,-8.6079,-26.495,5.2201,7.5676,91.819,6.3343,-25.678,8.051
5.6644,-5.5012,1.2346,-8.6813,-26.562,5.3877,7.6535,91.69,6.0678,-25.798,8.4384
5.5528,-5.4375,1.368,-8.7541,-26.629,5.5518,7.7392,91.562,5.8072,-25.913,8.8206
5.4477,-5.374,1.4988,-8.8267,-26.698,5.7124,7.8251,91.433,5.5525,-26.026,9.1975
5.3486,-5.311,1.6271,-8.8991,-26.769,5.8695,7.9113,91.306,5.304,-26.135,9.5691
5.2553,-5.2486,1.7528,-8.9715,-26.84,6.0232,7.998,91.181,5.0617,-26.243,9.9353
5.1673,-5.1867,1.8761,-9.044,-26.913,6.1735,8.0852,91.058,4.8256,-26.349,10.296
5.084,-5.1255,1.9969,-9.1166,-26.987,6.3203,8.173,90.938,4.5958,-26.453,10.651
5.0049,-5.0651,2.1152,-9.1893,-27.062,6.4637,8.2615,90.822,4.3723,-26.557,11
4.9294,-5.0055,2.2312,-9.2622,-27.139,6.6036,8.3506,90.711,4.1552,-26.66,11.343
4.8569,-4.9468,2.3447,-9.3353,-27.217,6.7399,8.4403,90.604,3.9443,-26.762,11.679
4.7867,-4.8891,2.4559,-9.4085,-27.295,6.8726,8.5306,90.502,3.7398,-26.864,12.008
4.7181,-4.8323,2.5646,-9.4817,-27.374,7.0017,8.6214,90.406,3.5415,-26.965,12.33
4.6505,-4.7766,2.671,-9.5549,-27.453,7.1269,8.7126,90.316,3.3496,-27.066,12.644
4.5832,-4.7219,2.775,-9.628,-27.533,7.2483,8.8042,90.232,3.164,-27.165,12.95
4.5155,-4.6684,2.8765,-9.7009,-27.613,7.3657,8.8961,90.154,2.9847,-27.264,13.248
4.4467,-4.616,2.9756,-9.7733,-27.692,7.4791,8.9882,90.083,2.8118,-27.361,13.536
4.3764,-4.5648,3.0723,-9.8452,-27.771,7.5882,9.0803,90.018,2.6451,-27.456,13.814
4.3038,-4.5149,3.1666,-9.9164,-27.85,7.6929,9.1725,89.959,2.4848,-27.549,14.082
4.2285,-4.4662,3.2583,-9.9867,-27.927,7.7932,9.2647,89.906,2.3308,-27.639,14.338
4.1501,-4.4188,3.3476,-10.056,-28.004,7.8889,9.3566,89.86,2.1831,-27.725,14.584
4.0681,-4.3727,3.4343,-10.124,-28.079,7.9798,9.4484,89.819,2.0418,-27.808,14.818
3.9823,-4.328,3.5185,-10.191,-28.153,8.0659,9.5397,89.783,1.9068,-27.886,15.039
3.8924,-4.2847,3.6001,-10.256,-28.225,8.147,9.6307,89.753,1.7781,-27.96,15.248
3.7982,-4.2428,3.6791,-10.319,-28.295,8.2231,9.721,89.727,1.6557,-28.029,15.445
3.6997,-4.2025,3.7555,-10.38,-28.364,8.2941,9.8106,89.705,1.5396,-28.092,15.628
3.5968,-4.1638,3.8293,-10.439,-28.43,8.36,9.8994,89.688,1.4297,-28.149,15.797
3.4897,-4.1268,3.9005,-10.496,-28.494,8.4206,9.9873,89.673,1.3259,-28.201,15.954
3.3785,-4.0915,3.969,-10.55,-28.556,8.4761,10.074,89.662,1.2283,-28.247,16.097
3.2634,-4.0581,4.0349,-10.601,-28.615,8.5265,10.159,89.653,1.1366,-28.287,16.227
3.1447,-4.0266,4.098,-10.649,-28.672,8.5718,10.243,89.647,1.0508,-28.321,16.344
3.0229,-3.9971,4.1585,-10.695,-28.727,8.6122,10.326,89.643,0.97076,-28.35,16.448
2.8982,-3.9697,4.2163,-10.737,-28.778,8.6477,10.406,89.64,0.89625,-28.374,16.54
2.7712,-3.9445,4.2713,-10.776,-28.827,8.6786,10.485,89.638,0.82712,-28.393,16.62
2.6424,-3.9217,4.3236,-10.812,-28.874,8.7051,10.561,89.638,0.76318,-28.407,16.688
2.5121,-3.9011,4.3731,-10.844,-28.918,8.7272,10.635,89.638,0.70418,-28.417,16.746
2.3811,-3.883,4.42,-10.873,-28.959,8.7455,10.706,89.639,0.64991,-28.424,16.793
2.2496,-3.8674,4.4641,-10.899,-28.997,8.76,10.775,89.641,0.6001,-28.428,16.831
2.1184,-3.8542,4.5055,-10.921,-29.033,8.7711,10.84,89.643,0.5545,-28.43,16.859
1.9879,-3.8435,4.5443,-10.94,-29.066,8.7791,10.902,89.645,0.51284,-28.43,16.88
1.8585,-3.8353,4.5804,-10.956,-29.097,8.7843,10.961,89.647,0.47483,-28.43,16.893
1.7307,-3.8295,4.6139,-10.968,-29.125,8.7871,11.016,89.65,0.44021,-28.428,16.899
1.6048,-3.8261,4.645,-10.978,-29.151,8.7878,11.067,89.653,0.40871,-28.427,16.899
1.4812,-3.8249,4.6736,-10.984,-29.174,8.7868,11.115,89.656,0.38006,-28.427,16.894
1.3603,-3.8258,4.6999,-10.988,-29.196,8.7844,11.158,89.659,0.354,-28.427,16.885
1.2422,-3.8288,4.7239,-10.989,-29.215,8.7808,11.197,89.662,0.33031,-28.429,16.872
1.1272,-3.8336,4.7458,-10.988,-29.231,8.7765,11.232,89.665,0.30875,-28.432,16.856
1.0155,-3.8401,4.7657,-10.985,-29.246,8.7717,11.263,89.669,0.28914,-28.438,16.838
0.90711,-3.848,4.7837,-10.98,-29.259,8.7666,11.29,89.673,0.27128,-28.446,16.818
0.80219,-3.8572,4.7999,-10.973,-29.271,8.7615,11.313,89.677,0.25504,-28.456,16.796
0.70081,-3.8675,4.8144,-10.965,-29.28,8.7567,11.331,89.681,0.24029,-28.468,16.774
0.603,-3.8786,4.8275,-10.955,-29.289,8.7522,11.346,89.685,0.22693,-28.482,16.751
0.5088,-3.8902,4.8391,-10.945,-29.295,8.7483,11.358,89.689,0.21488,-28.499,16.728
0.41822,-3.9022,4.8493,-10.934,-29.301,8.7451,11.366,89.694,0.2041,-28.517,16.706
0.33134,-3.9142,4.8584,-10.923,-29.305,8.7426,11.37,89.699,0.19456,-28.537,16.683
0.24822,-3.9262,4.8665,-10.912,-29.309,8.7409,11.372,89.704,0.18626,-28.559,16.662
0.16915,-3.9377,4.8735,-10.901,-29.311,8.7401,11.371,89.709,0.1792,-28.581,16.641
0.095136,-3.9488,4.8796,-10.891,-29.313,8.7401,11.368,89.715,0.17341,-28.604,16.621
0.035872,-3.9591,4.8848,-10.881,-29.315,8.7408,11.362,89.72,0.16892,-28.627,16.602
0.061153,-3.9684,4.8893,-10.872,-29.316,8.7423,11.355,89.726,0.16578,-28.65,16.584
0.12206,-3.9767,4.893,-10.864,-29.317,8.7444,11.346,89.732,0.16405,-28.672,16.567
0.18256,-3.9838,4.8961,-10.858,-29.317,8.7471,11.335,89.738,0.16377,-28.692,16.55
0.24013,-3.9896,4.8984,-10.853,-29.318,8.7502,11.323,89.744,0.16501,-28.711,16.534
0.29433,-3.994,4.9001,-10.849,-29.318,8.7536,11.311,89.751,0.16783,-28.728,16.518
0.34505,-3.997,4.9012,-10.846,-29.319,8.7571,11.297,89.757,0.1723,-28.743,16.503
0.39227,-3.9986,4.9016,-10.846,-29.32,8.7607,11.283,89.764,0.17846,-28.754,16.487
0.43607,-3.9987,4.9013,-10.846,-29.321,8.7641,11.268,89.77,0.18638,-28.763,16.472
0.47659,-3.9975,4.9003,-10.848,-29.323,8.7672,11.253,89.777,0.19611,-28.768,16.456
0.51399,-3.9949,4.8985,-10.852,-29.325,8.7698,11.237,89.784,0.2077,-28.769,16.439
0.54855,-3.9911,4.8958,-10.856,-29.328,8.7719,11.22,89.792,0.22118,-28.767,16.422
0.58059,-3.9862,4.8923,-10.862,-29.331,8.7733,11.203,89.799,0.23661,-28.761,16.403
0.61051,-3.9803,4.8878,-10.869,-29.334,8.7738,11.185,89.807,0.254,-28.752,16.383
0.63879,-3.9736,4.8822,-10.877,-29.337,8.7734,11.166,89.814,0.27339,-28.739,16.361
0.66601,-3.9663,4.8754,-10.885,-29.341,8.772,11.147,89.823,0.2948,-28.722,16.337
0.69279,-3.9584,4.8674,-10.893,-29.346,8.7696,11.126,89.831,0.31825,-28.702,16.311
0.71986,-3.9503,4.8579,-10.902,-29.35,8.766,11.104,89.84,0.34378,-28.678,16.282
0.74797,-3.9421,4.8469,-10.91,-29.355,8.7613,11.081,89.849,0.3714,-28.652,16.25
0.77792,-3.9341,4.8341,-10.918,-29.359,8.7555,11.057,89.859,0.40115,-28.622,16.214
0.81052,-3.9264,4.8196,-10.925,-29.364,8.7485,11.031,89.869,0.43307,-28.59,16.174
0.84657,-3.9192,4.803,-10.932,-29.368,8.7403,11.004,89.879,0.46722,-28.556,16.13
0.88681,-3.9128,4.7843,-10.937,-29.372,8.7311,10.975,89.891,0.50368,-28.519,16.08
0.93192,-3.9074,4.7632,-10.94,-29.376,8.7208,10.944,89.903,0.54252,-28.479,16.025
0.9825,-3.9031,4.7397,-10.943,-29.379,8.7094,10.912,89.916,0.58388,-28.438,15.963
1.0391,-3.9002,4.7134,-10.943,-29.381,8.6971,10.879,89.929,0.62788,-28.393,15.894
1.102,-3.8988,4.6843,-10.941,-29.382,8.6837,10.844,89.944,0.67472,-28.346,15.816
1.1718,-3.8991,4.6521,-10.938,-29.382,8.6694,10.808,89.96,0.72459,-28.296,15.73
1.2485,-3.9012,4.6166,-10.932,-29.38,8.6541,10.772,89.977,0.77777,-28.243,15.634
1.3325,-3.9053,4.5777,-10.924,-29.377,8.6377,10.734,89.995,0.83454,-28.186,15.527
1.424,-3.9114,4.5352,-10.914,-29.373,8.6203,10.697,90.015,0.89524,-28.124,15.407
1.5232,-3.9198,4.4889,-10.901,-29.366,8.6016,10.659,90.036,0.96029,-28.057,15.275
1.6302,-3.9303,4.4386,-10.886,-29.356,8.5815,10.622,90.059,1.0301,-27.984,15.128
1.7452,-3.9432,4.3841,-10.869,-29.344,8.5598,10.585,90.084,1.1052,-27.905,14.965
1.8684,-3.9585,4.3252,-10.85,-29.329,8.5363,10.55,90.111,1.1862,-27.817,14.786
2,-3.9763,4.2619,-10.829,-29.311,8.5106,10.516,90.14,1.2735,-27.72,14.588
2.1403,-3.9965,4.1938,-10.806,-29.29,8.4824,10.484,90.171,1.3679,-27.614,14.371
2.2892,-4.0192,4.121,-10.782,-29.265,8.4513,10.453,90.205,1.4701,-27.497,14.134
2.4471,-4.0443,4.0431,-10.755,-29.235,8.4168,10.426,90.241,1.5807,-27.368,13.876
2.6139,-4.072,3.9601,-10.728,-29.201,8.3783,10.4,90.28,1.7005,-27.226,13.595
2.7897,-4.1022,3.8719,-10.699,-29.162,8.3354,10.377,90.322,1.8301,-27.07,13.292
2.9744,-4.135,3.7782,-10.669,-29.119,8.2875,10.357,90.366,1.9705,-26.901,12.965
3.1677,-4.1702,3.6791,-10.638,-29.069,8.2339,10.34,90.413,2.1221,-26.715,12.614
3.3696,-4.208,3.5744,-10.606,-29.015,8.174,10.325,90.463,2.2858,-26.515,12.238
3.5795,-4.2483,3.4639,-10.573,-28.954,8.1073,10.313,90.516,2.4622,-26.298,11.838
3.7969,-4.2912,3.3477,-10.539,-28.886,8.033,10.304,90.571,2.6517,-26.066,11.414
4.0211,-4.3366,3.2257,-10.504,-28.812,7.9506,10.296,90.629,2.8549,-25.818,10.965
4.2514,-4.3845,3.0978,-10.469,-28.732,7.8594,10.291,90.69,3.0722,-25.554,10.494
4.4869,-4.4351,2.9639,-10.433,-28.644,7.7589,10.286,90.754,3.3037,-25.275,9.9993
4.7265,-4.4882,2.8242,-10.396,-28.549,7.6486,10.283,90.819,3.5497,-24.982,9.4835
4.969,-4.5439,2.6785,-10.358,-28.446,7.5279,10.281,90.887,3.8102,-24.676,8.9474
5.2133,-4.6023,2.527,-10.318,-28.335,7.3965,10.279,90.957,4.0849,-24.357,8.3925
5.4582,-4.6632,2.3697,-10.278,-28.217,7.2541,10.277,91.028,4.3737,-24.027,7.8207
5.7021,-4.7267,2.2067,-10.236,-28.091,7.1002,10.275,91.101,4.676,-23.688,7.2337
5.9439,-4.7929,2.0381,-10.192,-27.957,6.9347,10.272,91.174,4.9912,-23.341,6.6339
6.1821,-4.8616,1.8642,-10.147,-27.815,6.7575,10.267,91.248,5.3186,-22.987,6.0235
6.4155,-4.9329,1.685,-10.099,-27.665,6.5684,10.261,91.322,5.6572,-22.629,5.4049
6.6428,-5.0067,1.5009,-10.049,-27.507,6.3676,10.252,91.396,6.0061,-22.268,4.7809
6.8627,-5.0829,1.3121,-9.9958,-27.342,6.155,10.242,91.469,6.3639,-21.906,4.1541
7.0744,-5.1616,1.1188,-9.9399,-27.169,5.9309,10.229,91.541,6.7295,-21.544,3.5273
7.2768,-5.2427,0.92142,-9.8808,-26.99,5.6955,10.214,91.611,7.1014,-21.185,2.9033
7.4691,-5.326,0.72017,-9.8181,-26.803,5.4491,10.196,91.68,7.4782,-20.83,2.2849
7.6508,-5.4116,0.51542,-9.7516,-26.611,5.1922,10.175,91.745,7.8584,-20.48,1.675
7.8214,-5.4992,0.30749,-9.6809,-26.413,4.925,10.152,91.808,8.2405,-20.136,1.0762
7.9807,-5.5888,0.096738,-9.6057,-26.21,4.6482,10.126,91.868,8.623,-19.801,0.49108
8.1286,-5.6803,-0.11651,-9.5259,-26.002,4.3623,10.098,91.924,9.0045,-19.474,-0.077858
8.2652,-5.7735,-0.33192,-9.4412,-25.791,4.0678,10.068,91.976,9.3835,-19.157,-0.62838
8.391,-5.8683,-0.54916,-9.3513,-25.576,3.7652,10.035,92.024,9.7587,-18.851,-1.1584
8.5064,-5.9645,-0.76793,-9.2562,-25.36,3.4552,10.001,92.068,10.129,-18.557,-1.6661
8.6121,-6.0619,-0.98793,-9.1555,-25.143,3.1384,9.9653,92.108,10.493,-18.274,-2.1499
8.7089,-6.1603,-1.2089,-9.0493,-24.925,2.8153,9.9283,92.143,10.85,-18.003,-2.6084
8.7978,-6.2596,-1.4305,-8.9375,-24.708,2.4865,9.8904,92.174,11.2,-17.745,-3.0406
8.8797,-6.3596,-1.6526,-8.82,-24.493,2.1525,9.8517,92.2,11.541,-17.499,-3.4456
8.9558,-6.46,-1.8749,-8.6968,-24.28,1.8137,9.8124,92.223,11.873,-17.267,-3.8228
9.0271,-6.5606,-2.0972,-8.568,-24.071,1.4707,9.7727,92.243,12.197,-17.048,-4.172
9.0946,-6.6613,-2.3193,-8.4338,-23.866,1.1237,9.7328,92.258,12.511,-16.842,-4.493
9.1596,-6.7618,-2.541,-8.2942,-23.668,0.77301,9.6928,92.271,12.816,-16.65,-4.7859
9.2228,-6.8618,-2.7622,-8.1494,-23.476,0.41902,9.6527,92.282,13.112,-16.471,-5.0513
9.2852,-6.9612,-2.9827,-7.9998,-23.291,0.061876,9.6125,92.29,13.399,-16.306,-5.2895
9.3473,-7.0598,-3.2024,-7.8454,-23.115,-0.29826,9.5722,92.297,13.679,-16.155,-5.5015
9.4097,-7.1575,-3.421,-7.6868,-22.947,-0.66128,9.5316,92.303,13.951,-16.017,-5.6881
9.4727,-7.2539,-3.6386,-7.5241,-22.79,-1.0271,9.4907,92.308,14.217,-15.893,-5.8504
9.5364,-7.349,-3.8548,-7.3578,-22.644,-1.3958,9.4493,92.314,14.477,-15.783,-5.9897
9.6006,-7.4426,-4.0696,-7.1882,-22.509,-1.7672,9.4071,92.32,14.732,-15.687,-6.1074
9.6648,-7.5346,-4.2828,-7.0158,-22.386,-2.1414,9.364,92.327,14.984,-15.604,-6.205
9.7287,-7.6249,-4.4942,-6.8409,-22.276,-2.5185,9.3195,92.335,15.232,-15.535,-6.284
9.7912,-7.7135,-4.7036,-6.6641,-22.178,-2.8983,9.2736,92.345,15.478,-15.479,-6.3461
9.8514,-7.8002,-4.9109,-6.4858,-22.093,-3.281,9.2258,92.357,15.723,-15.436,-6.393
9.908,-7.8851,-5.1158,-6.3064,-22.022,-3.6664,9.1759,92.371,15.968,-15.405,-6.4264
9.9598,-7.9682,-5.3182,-6.1263,-21.965,-4.0545,9.1236,92.388,16.213,-15.386,-6.448
10.005,-8.0495,-5.5176,-5.946,-21.921,-4.4451,9.0687,92.408,16.46,-15.379,-6.4596
10.043,-8.1289,-5.714,-5.766,-21.89,-4.8379,9.0108,92.429,16.708,-15.382,-6.4626
10.071,-8.2067,-5.9071,-5.5866,-21.873,-5.2328,8.9498,92.454,16.959,-15.395,-6.4588
10.088,-8.2829,-6.0965,-5.4083,-21.869,-5.6292,8.8855,92.481,17.212,-15.416,-6.4495
10.093,-8.3575,-6.282,-5.2314,-21.877,-6.0267,8.8178,92.51,17.468,-15.446,-6.4361
10.083,-8.4307,-6.4632,-5.0564,-21.898,-6.4247,8.7466,92.542,17.726,-15.482,-6.4198
10.058,-8.5026,-6.64,-4.8834,-21.93,-6.8226,8.6717,92.575,17.987,-15.525,-6.4016
10.017,-8.5733,-6.8119,-4.7129,-21.974,-7.2197,8.5933,92.61,18.251,-15.572,-6.3824
9.9578,-8.643,-6.9786,-4.5452,-22.028,-7.6152,8.5114,92.646,18.516,-15.623,-6.363
9.8803,-8.7116,-7.1398,-4.3804,-22.092,-8.0081,8.4261,92.683,18.782,-15.677,-6.3439
9.784,-8.7793,-7.2952,-4.2189,-22.164,-8.3978,8.3376,92.72,19.048,-15.733,-6.3256
9.6686,-8.8461,-7.4444,-4.0607,-22.246,-8.7831,8.2461,92.757,19.313,-15.79,-6.3082
9.5343,-8.9121,-7.5872,-3.9062,-22.334,-9.1632,8.1518,92.794,19.576,-15.847,-6.2919
9.3815,-8.9773,-7.7232,-3.7554,-22.43,-9.5372,8.0551,92.831,19.836,-15.904,-6.2767
9.211,-9.0417,-7.8522,-3.6084,-22.531,-9.9043,7.9564,92.865,20.091,-15.96,-6.2624
9.024,-9.1052,-7.9739,-3.4654,-22.637,-10.264,7.856,92.898,20.34,-16.014,-6.2489
8.8221,-9.1677,-8.088,-3.3264,-22.748,-10.615,7.7544,92.929,20.582,-16.067,-6.2357
8.6074,-9.2291,-8.1943,-3.1913,-22.863,-10.957,7.652,92.956,20.814,-16.118,-6.2225
8.3822,-9.2892,-8.2926,-3.0603,-22.98,-11.289,7.5493,92.979,21.036,-16.166,-6.2088
8.1496,-9.348,-8.3829,-2.9332,-23.101,-11.612,7.4468,92.998,21.246,-16.213,-6.1942
7.913,-9.4052,-8.4649,-2.81,-23.224,-11.925,7.3449,93.012,21.442,-16.257,-6.178
7.6764,-9.4606,-8.5387,-2.6906,-23.349,-12.227,7.2442,93.019,21.624,-16.301,-6.1598
7.4444,-9.514,-8.6042,-2.575,-23.475,-12.52,7.1451,93.018,21.789,-16.343,-6.1388
7.2221,-9.5652,-8.6616,-2.4629,-23.603,-12.804,7.048,93.01,21.937,-16.386,-6.1145
7.0153,-9.6141,-8.7108,-2.3543,-23.732,-13.079,6.9534,92.991,22.066,-16.428,-6.0861
6.8304,-9.6604,-8.7522,-2.2488,-23.863,-13.346,6.8616,92.961,22.176,-16.472,-6.053
6.674,-9.704,-8.7859,-2.1465,-23.995,-13.605,6.7729,92.918,22.266,-16.517,-6.0144
6.5531,-9.7449,-8.8123,-2.0469,-24.128,-13.858,6.6878,92.861,22.334,-16.565,-5.9696
6.4745,-9.7828,-8.8317,-1.9499,-24.264,-14.105,6.6063,92.788,22.381,-16.617,-5.9177
6.4445,-9.8179,-8.8445,-1.8553,-24.401,-14.348,6.5287,92.696,22.405,-16.674,-5.8579
6.4681,-9.8501,-8.8513,-1.7628,-24.541,-14.588,6.455,92.585,22.407,-16.737,-5.7896
6.549,-9.8795,-8.8524,-1.6722,-24.682,-14.826,6.3853,92.451,22.386,-16.806,-5.7118
6.6888,-9.9063,-8.8486,-1.5831,-24.827,-15.064,6.3197,92.294,22.342,-16.883,-5.6238
6.8873,-9.9306,-8.8403,-1.4954,-24.974,-15.302,6.2579,92.111,22.275,-16.969,-5.5248
7.1425,-9.9527,-8.8283,-1.4087,-25.124,-15.541,6.1999,91.899,22.184,-17.064,-5.4142
7.4508,-9.9729,-8.813,-1.3228,-25.277,-15.783,6.1456,91.657,22.07,-17.169,-5.2912
7.8073,-9.9917,-8.7952,-1.2375,-25.432,-16.028,6.0946,91.383,21.933,-17.286,-5.1553
8.2067,-10.009,-8.7755,-1.1526,-25.591,-16.278,6.0467,91.074,21.773,-17.414,-5.0059
8.643,-10.026,-8.7544,-1.0679,-25.753,-16.533,6.0017,90.729,21.59,-17.553,-4.8427
9.1102,-10.043,-8.7327,-0.98312,-25.917,-16.793,5.9592,90.346,21.384,-17.705,-4.6653
9.6023,-10.06,-8.7107,-0.89826,-26.083,-17.06,5.9189,89.924,21.155,-17.869,-4.4737
10.113,-10.078,-8.6892,-0.81318,-26.251,-17.332,5.8805,89.46,20.902,-18.045,-4.2677
10.638,-10.098,-8.6685,-0.72783,-26.421,-17.612,5.8437,88.954,20.626,-18.233,-4.0475
11.169,-10.119,-8.649,-0.64218,-26.591,-17.897,5.8082,88.405,20.327,-18.432,-3.8133
11.703,-10.142,-8.6312,-0.55627,-26.761,-18.189,5.7738,87.811,20.004,-18.641,-3.5654
12.234,-10.168,-8.6155,-0.47016,-26.93,-18.486,5.7402,87.173,19.658,-18.86,-3.3044
12.758,-10.197,-8.6019,-0.38397,-27.098,-18.789,5.7073,86.489,19.287,-19.087,-3.0309
13.268,-10.23,-8.5909,-0.29785,-27.263,-19.096,5.6748,85.761,18.893,-19.322,-2.7458
13.761,-10.266,-8.5825,-0.21199,-27.426,-19.408,5.6428,84.988,18.474,-19.563,-2.4499
14.233,-10.307,-8.5769,-0.12663,-27.585,-19.723,5.6111,84.172,18.031,-19.808,-2.1443
14.68,-10.351,-8.5741,-0.042006,-27.739,-20.041,5.5797,83.314,17.564,-20.057,-1.8302
15.098,-10.399,-8.5742,0.041596,-27.887,-20.361,5.5487,82.414,17.073,-20.307,-1.5088
15.483,-10.452,-8.5772,0.12389,-28.03,-20.681,5.5182,81.477,16.559,-20.557,-1.1813
15.834,-10.508,-8.583,0.20456,-28.165,-21.002,5.4883,80.503,16.023,-20.807,-0.84935
16.147,-10.568,-8.5915,0.28331,-28.293,-21.321,5.4591,79.496,15.465,-21.053,-0.51427
16.42,-10.631,-8.6028,0.35982,-28.412,-21.639,5.4309,78.459,14.887,-21.296,-0.17761
16.652,-10.698,-8.6165,0.43382,-28.524,-21.955,5.4037,77.395,14.291,-21.533,0.15907
16.841,-10.768,-8.6326,0.50501,-28.626,-22.266,5.3778,76.308,13.678,-21.764,0.49421
16.986,-10.839,-8.651,0.57313,-28.719,-22.574,5.3535,75.202,13.051,-21.987,0.82622
17.087,-10.913,-8.6715,0.63796,-28.803,-22.876,5.3309,74.08,12.411,-22.202,1.1535
17.143,-10.988,-8.6939,0.69928,-28.878,-23.173,5.3102,72.947,11.762,-22.407,1.4746
17.155,-11.065,-8.718,0.75692,-28.943,-23.463,5.2915,71.807,11.105,-22.602,1.7878
17.124,-11.141,-8.7437,0.81075,-28.999,-23.746,5.275,70.662,10.445,-22.787,2.0919
17.049,-11.217,-8.7707,0.86064,-29.046,-24.022,5.2607,69.518,9.7828,-22.96,2.3852
16.933,-11.293,-8.799,0.90655,-29.084,-24.289,5.2488,68.377,9.1224,-23.121,2.6666
16.777,-11.367,-8.8283,0.94843,-29.114,-24.548,5.2393,67.243,8.4663,-23.27,2.9348
16.581,-11.439,-8.8584,0.98631,-29.137,-24.798,5.2321,66.119,7.8172,-23.407,3.1887
16.35,-11.509,-8.8892,1.0202,-29.152,-25.038,5.2271,65.009,7.1777,-23.531,3.4274
16.083,-11.577,-8.9205,1.0502,-29.16,-25.269,5.2243,63.913,6.55,-23.642,3.65
15.785,-11.641,-8.9522,1.0765,-29.162,-25.491,5.2235,62.836,5.9364,-23.74,3.8558
15.456,-11.702,-8.9841,1.0991,-29.158,-25.702,5.2246,61.78,5.3385,-23.826,4.0444
15.099,-11.759,-9.016,1.1183,-29.149,-25.904,5.2273,60.745,4.758,-23.899,4.2154
14.717,-11.812,-9.0479,1.1342,-29.136,-26.095,5.2316,59.735,4.196,-23.96,4.3686
14.313,-11.861,-9.0797,1.147,-29.118,-26.277,5.2371,58.75,3.6535,-24.009,4.5041
13.888,-11.905,-9.111,1.1571,-29.097,-26.448,5.2436,57.792,3.131,-24.047,4.6222
13.446,-11.946,-9.142,1.1646,-29.073,-26.609,5.2509,56.862,2.629,-24.074,4.7232
12.988,-11.981,-9.1724,1.1698,-29.046,-26.76,5.2588,55.961,2.1474,-24.092,4.8077
12.518,-12.012,-9.2022,1.173,-29.018,-26.902,5.2671,55.091,1.686,-24.101,4.8764
12.037,-12.039,-9.2313,1.1744,-28.988,-27.033,5.2756,54.251,1.2443,-24.102,4.9303
11.549,-12.062,-9.2596,1.1743,-28.956,-27.155,5.2842,53.443,0.82181,-24.096,4.9704
11.055,-12.081,-9.287,1.1729,-28.924,-27.268,5.2926,52.666,0.41756,-24.084,4.9978
10.558,-12.096,-9.3134,1.1706,-28.891,-27.372,5.3008,51.922,0.030633,-24.068,5.0137
10.06,-12.107,-9.3389,1.1675,-28.857,-27.467,5.3087,51.21,-0.34003,-24.048,5.0195
9.5636,-12.115,-9.3632,1.1639,-28.824,-27.553,5.3161,50.531,-0.69555,-24.026,5.0164
9.0698,-12.12,-9.3865,1.1599,-28.79,-27.631,5.3231,49.884,-1.0371,-24.003,5.0059
8.5811,-12.122,-9.4086,1.1557,-28.756,-27.701,5.3295,49.269,-1.3657,-23.98,4.9893
8.0993,-12.121,-9.4295,1.1516,-28.723,-27.763,5.3354,48.686,-1.6826,-23.958,4.968
7.6263,-12.118,-9.4492,1.1476,-28.69,-27.819,5.3407,48.134,-1.9887,-23.938,4.9431
7.1637,-12.113,-9.4676,1.1439,-28.656,-27.867,5.3455,47.613,-2.2851,-23.92,4.916
6.7131,-12.107,-9.4849,1.1406,-28.623,-27.909,5.3497,47.121,-2.5726,-23.907,4.8878
6.276,-12.099,-9.5009,1.1378,-28.591,-27.945,5.3534,46.659,-2.8519,-23.897,4.8594
5.8538,-12.089,-9.5157,1.1355,-28.558,-27.976,5.3567,46.224,-3.1236,-23.892,4.832
5.4476,-12.078,-9.5293,1.1337,-28.525,-28.001,5.3595,45.815,-3.3883,-23.891,4.8061
5.0587,-12.066,-9.5418,1.1325,-28.491,-28.022,5.3619,45.431,-3.6463,-23.894,4.7827
4.6881,-12.054,-9.5531,1.132,-28.458,-28.039,5.364,45.072,-3.898,-23.902,4.7623
4.3366,-12.04,-9.5634,1.132,-28.424,-28.051,5.3658,44.734,-4.1434,-23.915,4.7454
4.0049,-12.026,-9.5726,1.1327,-28.389,-28.061,5.3674,44.417,-4.3828,-23.93,4.7323
3.6936,-12.012,-9.5808,1.1338,-28.354,-28.067,5.3688,44.12,-4.616,-23.949,4.7232
3.4032,-11.997,-9.5882,1.1355,-28.317,-28.071,5.3701,43.839,-4.8431,-23.97,4.7185
3.1339,-11.981,-9.5947,1.1377,-28.28,-28.073,5.3713,43.575,-5.064,-23.992,4.7181
2.8858,-11.965,-9.6005,1.1403,-28.242,-28.074,5.3726,43.325,-5.2785,-24.015,4.7221
2.6588,-11.948,-9.6057,1.1433,-28.202,-28.073,5.3739,43.087,-5.4865,-24.038,4.7303
2.4527,-11.931,-9.6103,1.1465,-28.162,-28.071,5.3754,42.861,-5.6878,-24.06,4.7426
2.2671,-11.914,-9.6144,1.1501,-28.12,-28.068,5.3771,42.645,-5.8824,-24.08,4.7588
2.1013,-11.896,-9.6181,1.1539,-28.077,-28.066,5.3791,42.438,-6.0702,-24.098,4.7788
1.9546,-11.878,-9.6216,1.1579,-28.032,-28.063,5.3814,42.238,-6.251,-24.113,4.8021
1.8261,-11.859,-9.6248,1.162,-27.987,-28.061,5.3841,42.045,-6.425,-24.125,4.8286
1.7146,-11.839,-9.628,1.1663,-27.941,-28.059,5.3871,41.857,-6.5921,-24.133,4.8579
1.6191,-11.82,-9.6311,1.1708,-27.893,-28.058,5.3906,41.675,-6.7524,-24.137,4.8897
1.5385,-11.799,-9.6343,1.1754,-27.845,-28.058,5.3946,41.496,-6.9062,-24.138,4.9237
1.4714,-11.779,-9.6375,1.1801,-27.797,-28.059,5.3991,41.322,-7.0536,-24.136,4.9594
1.4169,-11.758,-9.641,1.185,-27.748,-28.062,5.404,41.15,-7.1949,-24.131,4.9966
1.3737,-11.737,-9.6447,1.1902,-27.698,-28.065,5.4094,40.982,-7.3305,-24.124,5.035
1.3411,-11.716,-9.6487,1.1956,-27.649,-28.069,5.4153,40.817,-7.4605,-24.116,5.0741
1.318,-11.694,-9.653,1.2013,-27.599,-28.074,5.4216,40.655,-7.5854,-24.107,5.1136
1.3036,-11.673,-9.6576,1.2073,-27.55,-28.08,5.4282,40.496,-7.7056,-24.1,5.1531
1.2971,-11.652,-9.6625,1.2138,-27.502,-28.087,5.4352,40.34,-7.8214,-24.095,5.1922
1.2978,-11.631,-9.6679,1.2208,-27.454,-28.094,5.4425,40.188,-7.9332,-24.093,5.2304
1.305,-11.61,-9.6735,1.2284,-27.406,-28.102,5.45,40.039,-8.0414,-24.096,5.2673
1.3179,-11.59,-9.6795,1.2367,-27.36,-28.109,5.4576,39.894,-8.1462,-24.105,5.3022
1.3358,-11.571,-9.6857,1.2456,-27.314,-28.117,5.4653,39.754,-8.248,-24.12,5.3347
1.3578,-11.552,-9.6922,1.2553,-27.27,-28.123,5.473,39.618,-8.347,-24.144,5.364
1.3833,-11.535,-9.6989,1.2658,-27.227,-28.129,5.4806,39.487,-8.4434,-24.176,5.3894
1.4115,-11.518,-9.7058,1.2772,-27.185,-28.133,5.4881,39.361,-8.5375,-24.217,5.4102
1.4419,-11.502,-9.7127,1.2896,-27.145,-28.136,5.4954,39.241,-8.6292,-24.267,5.4254
1.4737,-11.488,-9.7197,1.3029,-27.106,-28.136,5.5026,39.126,-8.7188,-24.328,5.4342
1.5067,-11.474,-9.7266,1.3171,-27.069,-28.134,5.5094,39.018,-8.8063,-24.397,5.4356
1.5404,-11.462,-9.7334,1.3324,-27.034,-28.13,5.516,38.915,-8.8916,-24.476,5.4286
1.5748,-11.451,-9.74,1.3487,-27,-28.124,5.5224,38.82,-8.9747,-24.563,5.412
1.6097,-11.442,-9.7463,1.3661,-26.969,-28.114,5.5284,38.731,-9.0555,-24.658,5.3849
1.6453,-11.433,-9.7523,1.3844,-26.939,-28.101,5.5341,38.649,-9.1338,-24.759,5.346
1.682,-11.426,-9.7579,1.4037,-26.913,-28.086,5.5395,38.574,-9.2097,-24.865,5.2944
1.7201,-11.42,-9.763,1.4241,-26.889,-28.068,5.5446,38.506,-9.2828,-24.974,5.2289
1.7602,-11.415,-9.7675,1.4454,-26.868,-28.048,5.5494,38.446,-9.353,-25.085,5.1486
1.803,-11.412,-9.7715,1.4677,-26.851,-28.026,5.5538,38.394,-9.4202,-25.195,5.0527
1.8491,-11.409,-9.7748,1.4909,-26.837,-28.002,5.5579,38.351,-9.4843,-25.304,4.9403
1.8994,-11.407,-9.7774,1.5151,-26.829,-27.978,5.5615,38.316,-9.545,-25.408,4.8111
1.9543,-11.407,-9.7793,1.5403,-26.825,-27.953,5.5647,38.292,-9.6024,-25.507,4.6644
2.0145,-11.407,-9.7803,1.5663,-26.827,-27.929,5.5672,38.277,-9.6564,-25.599,4.5003
2.0803,-11.408,-9.7806,1.5934,-26.836,-27.907,5.5689,38.274,-9.7072,-25.682,4.3189
2.1519,-11.41,-9.7801,1.6213,-26.852,-27.887,5.5697,38.284,-9.7547,-25.756,4.1204
2.2295,-11.413,-9.7788,1.6503,-26.876,-27.872,5.5693,38.307,-9.7992,-25.82,3.9058
2.3127,-11.417,-9.7766,1.6802,-26.909,-27.861,5.5674,38.345,-9.8411,-25.874,3.6761
2.4014,-11.422,-9.7736,1.711,-26.953,-27.857,5.5636,38.399,-9.8806,-25.917,3.4326
2.4949,-11.428,-9.7698,1.7429,-27.007,-27.86,5.5576,38.471,-9.9185,-25.951,3.1773
2.5928,-11.435,-9.7652,1.7758,-27.074,-27.872,5.5488,38.563,-9.9551,-25.976,2.9123
2.6944,-11.444,-9.7597,1.8097,-27.154,-27.895,5.5366,38.677,-9.9912,-25.995,2.6402
2.7991,-11.455,-9.7535,1.8446,-27.249,-27.929,5.5204,38.813,-10.028,-26.008,2.364
2.9064,-11.468,-9.7465,1.8805,-27.358,-27.976,5.4995,38.974,-10.065,-26.019,2.087
3.0159,-11.483,-9.7387,1.9175,-27.485,-28.037,5.473,39.162,-10.105,-26.031,1.813
3.1273,-11.501,-9.7302,1.9555,-27.628,-28.113,5.4399,39.378,-10.147,-26.046,1.546
3.2404,-11.522,-9.7211,1.9944,-27.79,-28.204,5.3993,39.625,-10.193,-26.068,1.2903
3.3556,-11.547,-9.7112,2.0343,-27.971,-28.312,5.3501,39.902,-10.244,-26.102,1.0506
3.4733,-11.575,-9.7008,2.0751,-28.173,-28.437,5.291,40.212,-10.301,-26.149,0.83154
3.5941,-11.607,-9.6897,2.1168,-28.395,-28.579,5.2209,40.556,-10.364,-26.216,0.6381
3.719,-11.643,-9.678,2.1592,-28.639,-28.739,5.1383,40.934,-10.434,-26.304,0.47526
3.849,-11.684,-9.6657,2.2024,-28.904,-28.915,5.0421,41.347,-10.511,-26.419,0.34797
3.9855,-11.73,-9.6529,2.2462,-29.192,-29.109,4.9307,41.795,-10.597,-26.563,0.26111
4.1297,-11.782,-9.6396,2.2906,-29.503,-29.319,4.8028,42.278,-10.691,-26.74,0.21936
4.2829,-11.838,-9.6258,2.3356,-29.837,-29.544,4.657,42.795,-10.793,-26.953,0.22709
4.4462,-11.901,-9.6115,2.3809,-30.194,-29.784,4.4922,43.344,-10.903,-27.204,0.28826
4.6205,-11.968,-9.5969,2.4267,-30.573,-30.037,4.307,43.925,-11.02,-27.494,0.40634
4.8063,-12.042,-9.5818,2.4728,-30.975,-30.301,4.1005,44.536,-11.145,-27.825,0.5841
5.0037,-12.121,-9.5664,2.5191,-31.398,-30.575,3.8717,45.175,-11.276,-28.198,0.82359
5.2122,-12.205,-9.5507,2.5657,-31.843,-30.857,3.6199,45.839,-11.412,-28.612,1.1259
5.4309,-12.294,-9.5348,2.6125,-32.307,-31.146,3.3448,46.524,-11.553,-29.066,1.4913
5.6583,-12.388,-9.5187,2.6594,-32.789,-31.438,3.0461,47.229,-11.696,-29.558,1.9188
5.8925,-12.486,-9.5025,2.7067,-33.289,-31.733,2.724,47.948,-11.841,-30.084,2.4063
6.1311,-12.588,-9.4864,2.7541,-33.804,-32.028,2.3791,48.68,-11.986,-30.642,2.9506
6.3713,-12.694,-9.4704,2.8018,-34.332,-32.321,2.0121,49.418,-12.13,-31.226,3.5473
6.6099,-12.802,-9.4546,2.8498,-34.871,-32.609,1.6243,50.161,-12.272,-31.831,4.1909
6.8435,-12.912,-9.4392,2.8982,-35.418,-32.892,1.2172,50.902,-12.41,-32.451,4.8749
7.0688,-13.023,-9.4243,2.947,-35.971,-33.168,0.79284,51.638,-12.543,-33.078,5.592
7.282,-13.135,-9.41,2.9962,-36.528,-33.434,0.35341,52.365,-12.671,-33.706,6.3342
7.4796,-13.247,-9.3965,3.0459,-37.084,-33.69,-0.0985,53.079,-12.791,-34.328,7.093
7.6582,-13.358,-9.384,3.0962,-37.637,-33.935,-0.56005,53.775,-12.905,-34.935,7.86
7.8144,-13.467,-9.3726,3.147,-38.184,-34.167,-1.0282,54.449,-13.01,-35.521,8.6265
7.9452,-13.575,-9.3624,3.1983,-38.722,-34.385,-1.4996,55.098,-13.109,-36.079,9.3845
8.0478,-13.679,-9.3535,3.2502,-39.248,-34.591,-1.9711,55.719,-13.199,-36.604,10.126
8.1197,-13.779,-9.3461,3.3027,-39.759,-34.782,-2.4393,56.308,-13.282,-37.09,10.845
8.1591,-13.876,-9.3402,3.3555,-40.251,-34.96,-2.9007,56.863,-13.358,-37.534,11.534
8.1642,-13.967,-9.3358,3.4088,-40.723,-35.124,-3.3521,57.381,-13.428,-37.931,12.189
8.1341,-14.054,-9.3331,3.4623,-41.171,-35.275,-3.7905,57.86,-13.492,-38.281,12.805
8.0681,-14.135,-9.332,3.5159,-41.594,-35.413,-4.2127,58.3,-13.553,-38.582,13.38
7.9661,-14.21,-9.3325,3.5694,-41.99,-35.54,-4.6162,58.698,-13.61,-38.835,13.911
7.8286,-14.279,-9.3345,3.6228,-42.358,-35.655,-4.9985,59.055,-13.666,-39.041,14.398
7.6565,-14.342,-9.3379,3.6756,-42.695,-35.76,-5.3575,59.371,-13.72,-39.203,14.84
7.4513,-14.398,-9.3427,3.7279,-43.002,-35.855,-5.6915,59.645,-13.776,-39.322,15.239
7.2148,-14.449,-9.3485,3.7792,-43.278,-35.942,-5.9991,59.879,-13.832,-39.404,15.595
6.9493,-14.492,-9.3554,3.8294,-43.522,-36.021,-6.2792,60.074,-13.892,-39.453,15.912
6.6577,-14.53,-9.363,3.8783,-43.735,-36.094,-6.5313,60.231,-13.954,-39.474,16.193
6.343,-14.562,-9.3712,3.9255,-43.917,-36.161,-6.755,60.352,-14.021,-39.472,16.439
6.0086,-14.588,-9.3797,3.9709,-44.07,-36.223,-6.9505,60.439,-14.093,-39.453,16.656
5.6582,-14.609,-9.3884,4.0142,-44.194,-36.281,-7.1182,60.496,-14.169,-39.421,16.846
5.2955,-14.625,-9.397,4.0552,-44.291,-36.336,-7.2589,60.524,-14.25,-39.383,17.014
4.9246,-14.636,-9.4053,4.0938,-44.362,-36.388,-7.3737,60.527,-14.337,-39.344,17.164
4.5494,-14.643,-9.4131,4.1297,-44.409,-36.438,-7.4638,60.507,-14.427,-39.308,17.299
4.1741,-14.646,-9.4202,4.1628,-44.435,-36.486,-7.5309,60.468,-14.522,-39.281,17.423
3.8026,-14.645,-9.4265,4.1931,-44.441,-36.532,-7.5767,60.412,-14.62,-39.265,17.539
3.4389,-14.642,-9.4318,4.2204,-44.43,-36.578,-7.603,60.343,-14.721,-39.265,17.651
3.0869,-14.637,-9.4361,4.2447,-44.403,-36.623,-7.612,60.264,-14.823,-39.283,17.762
2.7501,-14.629,-9.4392,4.266,-44.364,-36.668,-7.6057,60.176,-14.926,-39.321,17.874
2.432,-14.62,-9.4411,4.2843,-44.315,-36.712,-7.5862,60.084,-15.028,-39.381,17.989
2.1361,-14.61,-9.4417,4.2997,-44.258,-36.756,-7.5556,59.989,-15.129,-39.464,18.109
1.8653,-14.6,-9.4411,4.3122,-44.195,-36.799,-7.5161,59.893,-15.227,-39.571,18.236
1.6225,-14.589,-9.4393,4.322,-44.128,-36.843,-7.4697,59.799,-15.323,-39.7,18.37
1.4101,-14.578,-9.4364,4.3291,-44.059,-36.886,-7.4183,59.708,-15.413,-39.852,18.512
1.2302,-14.567,-9.4324,4.3338,-43.99,-36.929,-7.3637,59.622,-15.499,-40.024,18.662
1.0834,-14.557,-9.4275,4.3363,-43.924,-36.971,-7.3077,59.542,-15.579,-40.215,18.82
