1.0063,-15.754,-10.273,-0.79121,-25.275,-31.539,1.6557,44.122,-4.5039,-55.902,43.473
1.1896,-15.749,-10.29,-0.77368,-25.29,-31.529,1.6155,44.168,-4.3562,-55.763,43.333
1.3822,-15.743,-10.307,-0.75588,-25.308,-31.52,1.5733,44.221,-4.1985,-55.597,43.158
1.5825,-15.738,-10.324,-0.73798,-25.328,-31.512,1.5295,44.282,-4.0307,-55.402,42.946
1.7891,-15.733,-10.342,-0.72016,-25.349,-31.506,1.4842,44.349,-3.853,-55.178,42.696
2.0003,-15.729,-10.36,-0.70261,-25.372,-31.501,1.4378,44.425,-3.6656,-54.926,42.406
2.2144,-15.725,-10.378,-0.68554,-25.396,-31.497,1.3908,44.51,-3.4684,-54.645,42.075
2.4297,-15.722,-10.396,-0.66917,-25.421,-31.496,1.3436,44.603,-3.2618,-54.338,41.703
2.6443,-15.719,-10.414,-0.65369,-25.446,-31.496,1.2965,44.705,-3.0459,-54.005,41.291
2.8563,-15.717,-10.431,-0.63934,-25.471,-31.498,1.25,44.817,-2.8208,-53.65,40.839
3.0641,-15.716,-10.448,-0.62631,-25.496,-31.502,1.2048,44.938,-2.5867,-53.276,40.35
3.2657,-15.716,-10.465,-0.61482,-25.519,-31.508,1.1612,45.068,-2.344,-52.885,39.824
3.4595,-15.716,-10.481,-0.60506,-25.54,-31.516,1.1198,45.208,-2.0928,-52.483,39.266
3.6438,-15.718,-10.496,-0.59722,-25.559,-31.525,1.0812,45.356,-1.8333,-52.073,38.677
3.8171,-15.72,-10.511,-0.59146,-25.574,-31.536,1.0459,45.514,-1.5661,-51.661,38.062
3.9779,-15.723,-10.525,-0.58793,-25.585,-31.549,1.0144,45.681,-1.2914,-51.25,37.425
4.125,-15.727,-10.539,-0.58677,-25.59,-31.562,0.98739,45.855,-1.0096,-50.846,36.768
4.2572,-15.731,-10.552,-0.58809,-25.59,-31.577,0.96525,46.037,-0.72127,-50.454,36.097
4.3736,-15.735,-10.564,-0.59196,-25.583,-31.592,0.94852,46.225,-0.42696,-50.077,35.416
4.4734,-15.74,-10.575,-0.59845,-25.569,-31.608,0.93768,46.419,-0.12728,-49.721,34.728
4.5562,-15.745,-10.586,-0.60758,-25.545,-31.624,0.93317,46.618,0.17708,-49.388,34.037
4.6215,-15.749,-10.596,-0.61935,-25.513,-31.639,0.93538,46.82,0.48534,-49.082,33.348
4.6692,-15.753,-10.606,-0.63373,-25.47,-31.654,0.94468,47.024,0.7967,-48.805,32.662
4.6993,-15.755,-10.615,-0.65067,-25.417,-31.668,0.96136,47.229,1.1102,-48.56,31.984
4.7122,-15.757,-10.624,-0.67008,-25.351,-31.68,0.98565,47.433,1.4251,-48.347,31.316
4.7083,-15.757,-10.632,-0.69185,-25.274,-31.69,1.0177,47.636,1.7402,-48.169,30.661
4.6883,-15.755,-10.639,-0.71584,-25.184,-31.698,1.0577,47.834,2.0545,-48.025,30.019
4.6529,-15.75,-10.647,-0.74189,-25.08,-31.703,1.1057,48.027,2.3671,-47.915,29.394
4.6031,-15.743,-10.654,-0.76982,-24.963,-31.704,1.1615,48.214,2.6769,-47.839,28.786
4.5402,-15.733,-10.661,-0.79945,-24.832,-31.703,1.2251,48.391,2.9829,-47.796,28.197
4.4654,-15.72,-10.667,-0.83056,-24.686,-31.697,1.2963,48.559,3.284,-47.785,27.626
4.38,-15.703,-10.674,-0.86295,-24.526,-31.687,1.3749,48.715,3.5792,-47.803,27.075
4.2857,-15.682,-10.68,-0.89638,-24.352,-31.673,1.4604,48.858,3.8677,-47.849,26.544
4.1839,-15.657,-10.687,-0.93064,-24.164,-31.654,1.5525,48.987,4.1485,-47.922,26.033
4.0763,-15.627,-10.693,-0.96551,-23.961,-31.629,1.6508,49.1,4.4209,-48.02,25.542
3.9647,-15.593,-10.7,-1.0008,-23.745,-31.6,1.7546,49.196,4.6842,-48.139,25.071
3.8507,-15.554,-10.706,-1.0362,-23.516,-31.565,1.8635,49.275,4.9377,-48.278,24.618
3.736,-15.509,-10.713,-1.0717,-23.273,-31.525,1.9767,49.336,5.1811,-48.434,24.184
3.6222,-15.46,-10.719,-1.1069,-23.019,-31.479,2.0938,49.378,5.4139,-48.605,23.769
3.511,-15.405,-10.726,-1.1418,-22.752,-31.428,2.2139,49.401,5.6358,-48.79,23.37
3.4039,-15.346,-10.733,-1.1763,-22.475,-31.371,2.3364,49.405,5.8469,-48.984,22.989
3.3021,-15.281,-10.74,-1.2101,-22.187,-31.309,2.4606,49.389,6.0469,-49.187,22.623
3.207,-15.211,-10.747,-1.2432,-21.89,-31.242,2.5859,49.354,6.2361,-49.396,22.272
3.1194,-15.136,-10.754,-1.2755,-21.584,-31.17,2.7115,49.3,6.4147,-49.609,21.936
3.0401,-15.057,-10.761,-1.307,-21.271,-31.093,2.837,49.228,6.5829,-49.823,21.613
2.9696,-14.973,-10.768,-1.3375,-20.95,-31.012,2.9617,49.137,6.7412,-50.037,21.304
2.9082,-14.885,-10.776,-1.3672,-20.624,-30.927,3.085,49.029,6.89,-50.249,21.007
2.8557,-14.793,-10.783,-1.396,-20.293,-30.839,3.2065,48.905,7.0298,-50.457,20.722
2.8119,-14.697,-10.791,-1.4239,-19.957,-30.747,3.3258,48.764,7.1612,-50.659,20.448
2.7762,-14.598,-10.799,-1.4511,-19.618,-30.653,3.4426,48.609,7.2849,-50.854,20.186
2.7479,-14.496,-10.808,-1.4775,-19.277,-30.556,3.5565,48.44,7.4014,-51.039,19.936
2.726,-14.391,-10.816,-1.5032,-18.934,-30.457,3.6673,48.257,7.5115,-51.215,19.697
2.7096,-14.284,-10.825,-1.5283,-18.59,-30.357,3.7748,48.063,7.6157,-51.378,19.469
2.6978,-14.175,-10.835,-1.5529,-18.246,-30.256,3.879,47.857,7.7147,-51.529,19.252
2.6895,-14.064,-10.845,-1.5771,-17.903,-30.155,3.9798,47.64,7.8091,-51.666,19.047
2.6838,-13.953,-10.856,-1.6011,-17.561,-30.052,4.0771,47.414,7.8995,-51.788,18.854
2.6798,-13.84,-10.867,-1.6248,-17.22,-29.95,4.171,47.18,7.9865,-51.894,18.673
2.6768,-13.727,-10.879,-1.6485,-16.883,-29.848,4.2615,46.938,8.0707,-51.984,18.504
2.6743,-13.615,-10.892,-1.6722,-16.548,-29.747,4.3487,46.689,8.1524,-52.057,18.348
2.6716,-13.502,-10.906,-1.6959,-16.217,-29.646,4.4327,46.434,8.2323,-52.113,18.205
2.6683,-13.39,-10.921,-1.7199,-15.89,-29.546,4.5136,46.174,8.3107,-52.151,18.075
2.6644,-13.279,-10.937,-1.744,-15.567,-29.447,4.5915,45.909,8.388,-52.172,17.959
2.6595,-13.169,-10.954,-1.7685,-15.25,-29.349,4.6664,45.64,8.4645,-52.175,17.857
2.6537,-13.061,-10.972,-1.7933,-14.938,-29.252,4.7384,45.369,8.5406,-52.16,17.768
2.647,-12.954,-10.991,-1.8184,-14.632,-29.156,4.8076,45.094,8.6164,-52.127,17.693
2.6395,-12.848,-11.012,-1.8439,-14.332,-29.061,4.874,44.818,8.6921,-52.078,17.631
2.6312,-12.745,-11.034,-1.8698,-14.039,-28.967,4.9376,44.54,8.7679,-52.012,17.583
2.6224,-12.643,-11.056,-1.896,-13.752,-28.874,4.9984,44.262,8.8438,-51.931,17.548
2.6132,-12.544,-11.08,-1.9225,-13.473,-28.782,5.0564,43.984,8.92,-51.834,17.526
2.6038,-12.447,-11.105,-1.9493,-13.201,-28.691,5.1115,43.706,8.9964,-51.724,17.516
2.5944,-12.352,-11.13,-1.9763,-12.936,-28.6,5.1637,43.429,9.0729,-51.6,17.518
2.5849,-12.259,-11.156,-2.0035,-12.679,-28.51,5.2129,43.153,9.1495,-51.464,17.531
2.5755,-12.169,-11.183,-2.0307,-12.43,-28.42,5.259,42.879,9.2261,-51.317,17.555
2.5663,-12.08,-11.21,-2.0579,-12.189,-28.331,5.3021,42.607,9.3026,-51.16,17.589
2.557,-11.994,-11.238,-2.085,-11.956,-28.242,5.3419,42.337,9.3787,-50.995,17.632
2.5478,-11.911,-11.265,-2.112,-11.731,-28.153,5.3786,42.071,9.4542,-50.823,17.684
2.5384,-11.829,-11.293,-2.1387,-11.514,-28.065,5.412,41.807,9.5291,-50.645,17.745
2.5287,-11.749,-11.32,-2.1651,-11.304,-27.976,5.4421,41.547,9.603,-50.463,17.813
2.5184,-11.671,-11.347,-2.1912,-11.103,-27.888,5.469,41.291,9.6758,-50.278,17.888
2.5074,-11.595,-11.374,-2.2168,-10.909,-27.799,5.4926,41.038,9.7474,-50.091,17.97
2.4954,-11.52,-11.4,-2.2419,-10.722,-27.711,5.5131,40.789,9.8174,-49.905,18.057
2.4821,-11.447,-11.426,-2.2665,-10.542,-27.622,5.5304,40.544,9.8859,-49.719,18.151
2.4673,-11.375,-11.45,-2.2906,-10.369,-27.534,5.5448,40.304,9.9526,-49.536,18.249
2.4508,-11.305,-11.474,-2.3141,-10.203,-27.445,5.5562,40.067,10.018,-49.357,18.353
2.4322,-11.236,-11.497,-2.337,-10.044,-27.357,5.5649,39.835,10.081,-49.182,18.462
2.4115,-11.167,-11.519,-2.3594,-9.8904,-27.269,5.571,39.607,10.142,-49.013,18.575
2.3884,-11.1,-11.54,-2.3813,-9.743,-27.182,5.5747,39.384,10.201,-48.851,18.692
2.3628,-11.033,-11.56,-2.4027,-9.6013,-27.095,5.5762,39.165,10.258,-48.696,18.813
2.3345,-10.967,-11.578,-2.4236,-9.4651,-27.008,5.5757,38.951,10.314,-48.549,18.937
2.3034,-10.901,-11.596,-2.4441,-9.3342,-26.922,5.5734,38.741,10.368,-48.411,19.066
2.2695,-10.835,-11.613,-2.4642,-9.2084,-26.837,5.5694,38.536,10.42,-48.281,19.197
2.2327,-10.77,-11.629,-2.4839,-9.0874,-26.753,5.5641,38.335,10.471,-48.162,19.332
2.193,-10.705,-11.644,-2.5033,-8.9712,-26.669,5.5576,38.139,10.52,-48.051,19.469
2.1504,-10.641,-11.658,-2.5224,-8.8595,-26.587,5.55,37.947,10.568,-47.951,19.608
2.1049,-10.576,-11.671,-2.5412,-8.7523,-26.506,5.5417,37.76,10.615,-47.86,19.75
2.0567,-10.511,-11.683,-2.5598,-8.6495,-26.427,5.5326,37.578,10.66,-47.779,19.892
2.0059,-10.447,-11.695,-2.5781,-8.5509,-26.349,5.523,37.4,10.705,-47.707,20.036
1.9525,-10.383,-11.706,-2.5962,-8.4565,-26.273,5.5129,37.227,10.749,-47.644,20.181
1.8969,-10.319,-11.716,-2.6139,-8.3662,-26.199,5.5025,37.059,10.792,-47.59,20.325
1.8393,-10.256,-11.726,-2.6314,-8.28,-26.126,5.4918,36.895,10.834,-47.544,20.468
1.78,-10.193,-11.735,-2.6485,-8.1978,-26.055,5.4809,36.736,10.876,-47.505,20.61
1.7193,-10.13,-11.744,-2.6651,-8.1195,-25.987,5.4699,36.582,10.916,-47.473,20.75
1.6576,-10.069,-11.752,-2.6813,-8.0451,-25.92,5.4586,36.432,10.956,-47.446,20.887
1.5955,-10.008,-11.761,-2.6969,-7.9745,-25.856,5.4473,36.286,10.995,-47.425,21.02
1.5333,-9.9477,-11.769,-2.7119,-7.9078,-25.794,5.4358,36.144,11.034,-47.407,21.15
1.4717,-9.8888,-11.776,-2.7263,-7.8448,-25.734,5.4241,36.007,11.071,-47.393,21.274
1.4111,-9.8311,-11.784,-2.7398,-7.7854,-25.676,5.4122,35.874,11.107,-47.38,21.394
1.3521,-9.7749,-11.791,-2.7525,-7.7297,-25.621,5.4001,35.744,11.142,-47.368,21.507
1.2953,-9.7203,-11.799,-2.7642,-7.6775,-25.568,5.3878,35.618,11.176,-47.356,21.613
1.2408,-9.6673,-11.806,-2.775,-7.6288,-25.517,5.3751,35.497,11.208,-47.343,21.712
1.1892,-9.6163,-11.814,-2.7847,-7.5835,-25.468,5.3621,35.378,11.238,-47.328,21.804
1.1405,-9.5672,-11.821,-2.7933,-7.5415,-25.422,5.3487,35.263,11.267,-47.31,21.888
1.0945,-9.5203,-11.828,-2.8008,-7.5028,-25.377,5.3349,35.152,11.293,-47.288,21.963
1.0509,-9.4756,-11.836,-2.8071,-7.4671,-25.335,5.3206,35.044,11.318,-47.262,22.03
1.0092,-9.4332,-11.844,-2.8122,-7.4345,-25.295,5.3057,34.94,11.34,-47.231,22.089
0.96837,-9.3934,-11.852,-2.8161,-7.4049,-25.256,5.2902,34.839,11.359,-47.195,22.139
0.92744,-9.356,-11.859,-2.8188,-7.3782,-25.219,5.2741,34.742,11.376,-47.153,22.181
0.8852,-9.3213,-11.868,-2.8203,-7.3542,-25.184,5.2572,34.649,11.39,-47.106,22.214
0.84044,-9.2893,-11.876,-2.8207,-7.333,-25.151,5.2395,34.56,11.4,-47.054,22.24
0.79206,-9.2599,-11.884,-2.8199,-7.3145,-25.119,5.221,34.475,11.408,-46.997,22.257
0.73939,-9.2334,-11.892,-2.8181,-7.2987,-25.088,5.2015,34.396,11.412,-46.935,22.268
0.68246,-9.2097,-11.901,-2.8152,-7.2855,-25.059,5.1809,34.323,11.413,-46.869,22.271
0.62276,-9.1888,-11.909,-2.8112,-7.2749,-25.03,5.1592,34.255,11.41,-46.801,22.268
0.56438,-9.1707,-11.917,-2.8063,-7.267,-25.003,5.1363,34.195,11.404,-46.731,22.259
0.5159,-9.1555,-11.925,-2.8005,-7.2618,-24.976,5.1121,34.143,11.394,-46.66,22.244
0.49219,-9.1431,-11.933,-2.7938,-7.2593,-24.949,5.0864,34.1,11.381,-46.588,22.224
0.51179,-9.1336,-11.94,-2.7862,-7.2598,-24.922,5.0592,34.066,11.364,-46.519,22.199
0.58672,-9.1268,-11.947,-2.7779,-7.2632,-24.895,5.0303,34.044,11.344,-46.451,22.171
0.71586,-9.1229,-11.953,-2.7688,-7.2697,-24.868,4.9996,34.034,11.32,-46.387,22.139
0.89123,-9.1216,-11.959,-2.7589,-7.2796,-24.839,4.967,34.038,11.294,-46.328,22.103
1.1054,-9.1231,-11.963,-2.7484,-7.293,-24.809,4.9323,34.057,11.264,-46.275,22.065
1.3535,-9.1271,-11.967,-2.7373,-7.3102,-24.777,4.8953,34.092,11.231,-46.227,22.024
1.6325,-9.1337,-11.97,-2.7255,-7.3313,-24.742,4.8559,34.146,11.197,-46.187,21.98
1.9406,-9.1428,-11.971,-2.7132,-7.3567,-24.703,4.8139,34.219,11.16,-46.154,21.935
2.2765,-9.1541,-11.972,-2.7004,-7.3867,-24.661,4.7691,34.313,11.121,-46.13,21.888
2.6392,-9.1677,-11.97,-2.6871,-7.4214,-24.614,4.7213,34.43,11.082,-46.113,21.839
3.0275,-9.1834,-11.968,-2.6734,-7.4612,-24.562,4.6703,34.571,11.042,-46.105,21.788
3.4405,-9.201,-11.964,-2.6593,-7.5063,-24.504,4.6158,34.738,11.003,-46.105,21.736
3.877,-9.2202,-11.958,-2.645,-7.557,-24.438,4.5576,34.931,10.964,-46.112,21.682
4.3356,-9.241,-11.95,-2.6305,-7.6135,-24.365,4.4956,35.153,10.928,-46.126,21.626
4.8149,-9.2631,-11.941,-2.6159,-7.6758,-24.282,4.4295,35.405,10.895,-46.146,21.568
5.3131,-9.2861,-11.93,-2.6014,-7.7443,-24.19,4.3592,35.687,10.865,-46.172,21.508
5.8286,-9.3099,-11.918,-2.587,-7.819,-24.087,4.2843,36.002,10.842,-46.202,21.445
6.3593,-9.3342,-11.903,-2.573,-7.8998,-23.973,4.2049,36.349,10.824,-46.235,21.379
6.9031,-9.3586,-11.887,-2.5595,-7.9868,-23.846,4.1207,36.729,10.815,-46.269,21.31
7.4577,-9.3827,-11.87,-2.5466,-8.0799,-23.705,4.0317,37.144,10.814,-46.305,21.238
8.0209,-9.4063,-11.85,-2.5347,-8.1789,-23.551,3.9379,37.593,10.824,-46.339,21.161
8.59,-9.429,-11.83,-2.524,-8.2835,-23.382,3.8392,38.078,10.847,-46.372,21.08
9.1627,-9.4504,-11.808,-2.5146,-8.3936,-23.197,3.7356,38.598,10.882,-46.401,20.994
9.7364,-9.47,-11.784,-2.5068,-8.5088,-22.996,3.6274,39.152,10.932,-46.425,20.902
10.308,-9.4876,-11.76,-2.501,-8.6286,-22.778,3.5146,39.742,10.997,-46.444,20.805
10.876,-9.5028,-11.734,-2.4974,-8.7525,-22.543,3.3975,40.367,11.08,-46.456,20.701
11.437,-9.5151,-11.708,-2.4962,-8.8802,-22.29,3.2762,41.026,11.18,-46.459,20.59
11.989,-9.5242,-11.68,-2.4978,-9.011,-22.019,3.1511,41.719,11.299,-46.454,20.471
12.529,-9.5299,-11.652,-2.5024,-9.1445,-21.73,3.0225,42.445,11.438,-46.439,20.345
13.056,-9.5317,-11.623,-2.5103,-9.2799,-21.423,2.8908,43.202,11.596,-46.413,20.211
13.566,-9.5294,-11.593,-2.5219,-9.4168,-21.097,2.7564,43.991,11.775,-46.376,20.069
14.057,-9.5228,-11.563,-2.5374,-9.5546,-20.754,2.6198,44.809,11.973,-46.327,19.918
14.529,-9.5117,-11.533,-2.5569,-9.6927,-20.392,2.4815,45.655,12.192,-46.267,19.758
14.979,-9.4959,-11.502,-2.5809,-9.8306,-20.013,2.3418,46.527,12.43,-46.194,19.59
15.406,-9.4753,-11.47,-2.6095,-9.9678,-19.616,2.2014,47.424,12.687,-46.109,19.414
15.808,-9.4498,-11.438,-2.6429,-10.104,-19.203,2.0608,48.344,12.962,-46.011,19.229
16.185,-9.4196,-11.406,-2.6813,-10.238,-18.774,1.9205,49.285,13.254,-45.902,19.036
16.535,-9.3846,-11.373,-2.7248,-10.371,-18.328,1.7811,50.245,13.562,-45.78,18.836
16.858,-9.3449,-11.339,-2.7736,-10.501,-17.868,1.6431,51.222,13.884,-45.647,18.629
17.153,-9.3008,-11.304,-2.8277,-10.629,-17.394,1.507,52.214,14.219,-45.503,18.416
17.421,-9.2524,-11.269,-2.8873,-10.755,-16.906,1.3734,53.218,14.566,-45.349,18.197
17.66,-9.2,-11.232,-2.9524,-10.877,-16.406,1.2428,54.232,14.922,-45.185,17.974
17.872,-9.1439,-11.194,-3.023,-10.997,-15.894,1.1158,55.254,15.287,-45.012,17.747
18.057,-9.0845,-11.154,-3.099,-11.113,-15.371,0.99273,56.282,15.657,-44.832,17.517
18.214,-9.0222,-11.112,-3.1805,-11.227,-14.838,0.87419,57.313,16.032,-44.644,17.285
18.346,-8.9572,-11.069,-3.2673,-11.338,-14.296,0.7606,58.346,16.411,-44.45,17.053
18.452,-8.8901,-11.023,-3.3594,-11.446,-13.746,0.65238,59.378,16.791,-44.252,16.821
18.533,-8.8213,-10.975,-3.4566,-11.551,-13.189,0.54994,60.408,17.171,-44.05,16.59
18.591,-8.7511,-10.924,-3.5588,-11.654,-12.626,0.45364,61.434,17.549,-43.846,16.362
18.626,-8.6801,-10.87,-3.6657,-11.754,-12.057,0.36381,62.454,17.925,-43.641,16.137
18.639,-8.6086,-10.813,-3.7773,-11.851,-11.484,0.28077,63.467,18.298,-43.436,15.917
18.632,-8.5369,-10.753,-3.8932,-11.947,-10.907,0.20478,64.471,18.665,-43.232,15.702
18.606,-8.4656,-10.689,-4.0132,-12.04,-10.328,0.13608,65.464,19.027,-43.031,15.493
18.562,-8.3948,-10.622,-4.137,-12.131,-9.7477,0.074855,66.447,19.383,-42.834,15.292
18.5,-8.3249,-10.551,-4.2644,-12.22,-9.1662,0.021274,67.417,19.731,-42.641,15.098
18.423,-8.2561,-10.475,-4.3952,-12.308,-8.5846,-0.024537,68.373,20.071,-42.454,14.912
18.33,-8.1887,-10.396,-4.5288,-12.393,-8.0038,-0.062486,69.316,20.402,-42.274,14.734
18.223,-8.1228,-10.313,-4.6652,-12.477,-7.4246,-0.092514,70.243,20.724,-42.101,14.566
18.103,-8.0585,-10.226,-4.8039,-12.559,-6.8477,-0.11459,71.155,21.037,-41.937,14.407
17.971,-7.996,-10.135,-4.9445,-12.639,-6.2739,-0.12872,72.051,21.34,-41.781,14.257
17.826,-7.9351,-10.04,-5.0869,-12.718,-5.7037,-0.13494,72.93,21.632,-41.634,14.117
17.67,-7.8759,-9.9407,-5.2306,-12.795,-5.138,-0.1333,73.791,21.913,-41.497,13.987
17.504,-7.8184,-9.8376,-5.3752,-12.87,-4.5772,-0.12387,74.635,22.184,-41.37,13.866
17.328,-7.7623,-9.7307,-5.5206,-12.944,-4.022,-0.10678,75.46,22.443,-41.252,13.755
17.141,-7.7076,-9.6201,-5.6662,-13.015,-3.4729,-0.082127,76.267,22.691,-41.144,13.653
16.945,-7.654,-9.506,-5.8119,-13.085,-2.9305,-0.050071,77.055,22.927,-41.045,13.56
16.74,-7.6014,-9.3886,-5.9573,-13.153,-2.3951,-0.010767,77.823,23.151,-40.954,13.476
16.526,-7.5495,-9.2681,-6.102,-13.219,-1.8673,0.035606,78.571,23.363,-40.873,13.4
16.303,-7.4981,-9.1446,-6.2459,-13.284,-1.3474,0.088855,79.299,23.563,-40.798,13.332
16.072,-7.4468,-9.0184,-6.3885,-13.346,-0.83569,0.14877,80.007,23.75,-40.731,13.272
15.831,-7.3953,-8.8897,-6.5297,-13.406,-0.33259,0.21514,80.693,23.926,-40.67,13.219
15.582,-7.3434,-8.7589,-6.6691,-13.464,0.16165,0.28772,81.358,24.089,-40.615,13.174
15.325,-7.2908,-8.6261,-6.8066,-13.52,0.64681,0.36627,82.001,24.239,-40.564,13.134
15.059,-7.2372,-8.4917,-6.9418,-13.574,1.1227,0.45053,82.623,24.378,-40.517,13.101
14.784,-7.1823,-8.3559,-7.0747,-13.626,1.5891,0.54023,83.222,24.504,-40.473,13.073
14.502,-7.1259,-8.2191,-7.2049,-13.677,2.0459,0.63509,83.799,24.619,-40.431,13.049
14.21,-7.0677,-8.0815,-7.3324,-13.725,2.4929,0.7348,84.353,24.722,-40.391,13.03
13.911,-7.0075,-7.9435,-7.4569,-13.771,2.9302,0.83906,84.885,24.813,-40.351,13.015
13.604,-6.9453,-7.8053,-7.5783,-13.816,3.3575,0.94754,85.394,24.894,-40.31,13.003
13.288,-6.8808,-7.6673,-7.6966,-13.86,3.7749,1.0599,85.88,24.963,-40.269,12.994
12.965,-6.8139,-7.5299,-7.8116,-13.901,4.1824,1.1758,86.344,25.023,-40.227,12.987
12.634,-6.7447,-7.3932,-7.9233,-13.941,4.5798,1.2948,86.785,25.072,-40.183,12.982
12.296,-6.6731,-7.2576,-8.0316,-13.98,4.9672,1.4166,87.203,25.112,-40.137,12.978
11.952,-6.5991,-7.1234,-8.1365,-14.018,5.3445,1.5407,87.6,25.144,-40.089,12.976
11.6,-6.5229,-6.9909,-8.238,-14.055,5.7117,1.6668,87.974,25.167,-40.038,12.974
11.243,-6.4446,-6.8603,-8.3361,-14.091,6.0688,1.7944,88.327,25.182,-39.986,12.972
10.88,-6.3644,-6.7318,-8.4309,-14.127,6.4158,1.923,88.66,25.19,-39.932,12.971
10.513,-6.2825,-6.6057,-8.5225,-14.161,6.7525,2.0522,88.972,25.191,-39.876,12.969
10.141,-6.1991,-6.4821,-8.6108,-14.196,7.0791,2.1815,89.264,25.186,-39.818,12.967
9.7651,-6.1146,-6.3613,-8.6961,-14.23,7.3953,2.3105,89.537,25.176,-39.759,12.964
9.3869,-6.0293,-6.2434,-8.7783,-14.264,7.7012,2.4387,89.791,25.161,-39.7,12.96
9.0067,-5.9435,-6.1285,-8.8578,-14.298,7.9967,2.5657,90.028,25.141,-39.641,12.956
8.6255,-5.8576,-6.0166,-8.9345,-14.332,8.2817,2.6909,90.247,25.118,-39.581,12.951
8.2444,-5.772,-5.908,-9.0086,-14.366,8.5561,2.8139,90.451,25.091,-39.522,12.945
7.8643,-5.687,-5.8026,-9.0802,-14.401,8.82,2.9344,90.639,25.062,-39.464,12.938
7.4864,-5.6031,-5.7004,-9.1495,-14.437,9.0732,3.0518,90.813,25.031,-39.408,12.93
7.1118,-5.5206,-5.6014,-9.2166,-14.474,9.3157,3.166,90.973,24.997,-39.353,12.921
6.7417,-5.4399,-5.5057,-9.2817,-14.512,9.5475,3.2764,91.12,24.963,-39.301,12.912
6.3775,-5.3613,-5.4131,-9.3449,-14.55,9.7686,3.3827,91.255,24.928,-39.251,12.902
6.0204,-5.2852,-5.3237,-9.4062,-14.59,9.979,3.4848,91.378,24.893,-39.203,12.891
5.6717,-5.2118,-5.2372,-9.4658,-14.632,10.179,3.5823,91.492,24.857,-39.159,12.88
5.3329,-5.1415,-5.1537,-9.5237,-14.675,10.368,3.6752,91.595,24.822,-39.117,12.869
5.0052,-5.0745,-5.0729,-9.5801,-14.72,10.547,3.7632,91.69,24.787,-39.079,12.858
4.6901,-5.0109,-4.9949,-9.635,-14.767,10.715,3.8463,91.776,24.753,-39.045,12.848
4.3889,-4.951,-4.9193,-9.6884,-14.816,10.873,3.9244,91.855,24.72,-39.014,12.838
4.1029,-4.8948,-4.8462,-9.7404,-14.867,11.022,3.9977,91.927,24.688,-38.986,12.83
3.8335,-4.8426,-4.7752,-9.791,-14.92,11.161,4.0661,91.992,24.657,-38.962,12.823
3.582,-4.7942,-4.7062,-9.8402,-14.975,11.291,4.1298,92.051,24.627,-38.942,12.818
3.3497,-4.7497,-4.6392,-9.888,-15.033,11.413,4.1891,92.105,24.598,-38.926,12.816
3.1378,-4.709,-4.5737,-9.9344,-15.093,11.526,4.2441,92.154,24.569,-38.914,12.817
2.9474,-4.6722,-4.5097,-9.9793,-15.156,11.632,4.2953,92.197,24.54,-38.905,12.822
2.7797,-4.6389,-4.4469,-10.023,-15.221,11.731,4.3429,92.237,24.511,-38.901,12.832
2.6356,-4.6092,-4.3852,-10.065,-15.289,11.823,4.3874,92.272,24.482,-38.901,12.848
2.5162,-4.5827,-4.3242,-10.105,-15.36,11.91,4.4291,92.303,24.452,-38.904,12.869
2.422,-4.5593,-4.2637,-10.144,-15.433,11.991,4.4686,92.331,24.42,-38.912,12.898
2.3535,-4.5386,-4.2035,-10.182,-15.51,12.069,4.5064,92.355,24.386,-38.924,12.934
2.3109,-4.5204,-4.1432,-10.218,-15.589,12.143,4.543,92.375,24.35,-38.941,12.98
2.294,-4.5043,-4.0827,-10.253,-15.671,12.215,4.5788,92.392,24.31,-38.962,13.034
2.3023,-4.49,-4.0215,-10.287,-15.756,12.285,4.6145,92.405,24.266,-38.988,13.099
2.3348,-4.4771,-3.9595,-10.319,-15.845,12.354,4.6504,92.415,24.217,-39.019,13.175
2.3903,-4.4653,-3.8962,-10.351,-15.936,12.423,4.6872,92.421,24.163,-39.055,13.262
2.4673,-4.4541,-3.8314,-10.381,-16.03,12.492,4.7253,92.423,24.103,-39.095,13.362
2.5641,-4.4432,-3.7648,-10.411,-16.127,12.564,4.765,92.422,24.036,-39.141,13.474
2.6788,-4.4322,-3.696,-10.44,-16.228,12.637,4.8068,92.417,23.961,-39.191,13.599
2.8096,-4.4206,-3.6247,-10.47,-16.331,12.714,4.8511,92.408,23.879,-39.246,13.738
2.9543,-4.4081,-3.5506,-10.499,-16.437,12.794,4.898,92.395,23.789,-39.307,13.89
3.111,-4.3944,-3.4734,-10.529,-16.547,12.879,4.9478,92.378,23.689,-39.371,14.055
3.2775,-4.3791,-3.3928,-10.559,-16.659,12.968,5.0007,92.357,23.58,-39.441,14.234
3.4519,-4.3618,-3.3086,-10.591,-16.774,13.062,5.0567,92.331,23.462,-39.514,14.427
3.632,-4.3424,-3.2204,-10.624,-16.891,13.163,5.1158,92.301,23.333,-39.592,14.631
3.8156,-4.3205,-3.1281,-10.659,-17.012,13.269,5.178,92.266,23.194,-39.672,14.848
4.0008,-4.2959,-3.0315,-10.696,-17.134,13.381,5.2432,92.227,23.045,-39.756,15.076
4.1855,-4.2683,-2.9304,-10.736,-17.26,13.5,5.3111,92.183,22.886,-39.843,15.315
4.3677,-4.2377,-2.8247,-10.779,-17.387,13.625,5.3816,92.133,22.716,-39.931,15.563
4.5455,-4.2039,-2.7143,-10.825,-17.516,13.756,5.4543,92.079,22.536,-40.021,15.819
4.7173,-4.1668,-2.5993,-10.875,-17.648,13.894,5.529,92.02,22.347,-40.112,16.083
4.8813,-4.1264,-2.4795,-10.929,-17.78,14.037,5.6052,91.956,22.147,-40.203,16.353
5.0359,-4.0826,-2.355,-10.987,-17.915,14.187,5.6826,91.887,21.939,-40.293,16.628
5.1799,-4.0354,-2.2259,-11.05,-18.051,14.342,5.7609,91.813,21.722,-40.383,16.906
5.3121,-3.9849,-2.0923,-11.117,-18.188,14.503,5.8396,91.734,21.496,-40.471,17.187
5.4314,-3.9311,-1.9545,-11.189,-18.326,14.668,5.9184,91.65,21.264,-40.557,17.468
5.5371,-3.8743,-1.8124,-11.267,-18.466,14.838,5.997,91.562,21.025,-40.639,17.749
5.6284,-3.8144,-1.6665,-11.349,-18.606,15.011,6.075,91.47,20.781,-40.719,18.029
5.7051,-3.7516,-1.5169,-11.436,-18.747,15.188,6.1522,91.374,20.532,-40.795,18.305
5.7669,-3.6863,-1.364,-11.529,-18.888,15.368,6.2285,91.274,20.279,-40.866,18.578
5.8137,-3.6184,-1.208,-11.626,-19.031,15.55,6.3035,91.172,20.024,-40.933,18.847
5.8457,-3.5483,-1.0491,-11.729,-19.174,15.734,6.3773,91.066,19.768,-40.995,19.109
5.8632,-3.4762,-0.8879,-11.836,-19.318,15.92,6.4497,90.958,19.511,-41.052,19.366
5.8667,-3.4024,-0.72455,-11.948,-19.463,16.106,6.5207,90.848,19.255,-41.104,19.617
5.8567,-3.327,-0.55943,-12.065,-19.609,16.293,6.5906,90.736,19.001,-41.151,19.86
5.8341,-3.2503,-0.39288,-12.186,-19.756,16.479,6.6592,90.624,18.75,-41.192,20.095
5.7995,-3.1727,-0.22525,-12.311,-19.904,16.665,6.7268,90.511,18.503,-41.229,20.324
5.754,-3.0943,-0.056865,-12.439,-20.053,16.851,6.7937,90.398,18.261,-41.261,20.544
5.6985,-3.0155,0.11195,-12.571,-20.203,17.035,6.86,90.285,18.025,-41.288,20.757
5.6339,-2.9365,0.28088,-12.707,-20.355,17.217,6.9259,90.174,17.795,-41.311,20.961
5.5614,-2.8575,0.44962,-12.845,-20.509,17.398,6.9919,90.064,17.573,-41.33,21.158
5.4818,-2.7788,0.61789,-12.985,-20.664,17.577,7.0582,89.956,17.358,-41.346,21.348
5.3962,-2.7006,0.78541,-13.127,-20.821,17.754,7.1251,89.851,17.152,-41.358,21.53
5.3055,-2.6231,0.95194,-13.271,-20.98,17.929,7.193,89.748,16.955,-41.367,21.704
5.2107,-2.5467,1.1172,-13.416,-21.142,18.101,7.262,89.649,16.767,-41.374,21.872
5.1125,-2.4713,1.2811,-13.563,-21.305,18.271,7.3324,89.552,16.588,-41.378,22.032
5.0118,-2.3973,1.4433,-13.709,-21.47,18.439,7.4046,89.46,16.418,-41.381,22.185
4.9091,-2.3248,1.6037,-13.856,-21.637,18.604,7.4785,89.371,16.257,-41.383,22.332
4.8051,-2.2539,1.7621,-14.002,-21.806,18.767,7.5545,89.286,16.106,-41.384,22.471
4.7003,-2.1849,1.9184,-14.148,-21.977,18.928,7.6325,89.206,15.963,-41.384,22.604
4.5951,-2.1177,2.0725,-14.293,-22.15,19.086,7.7127,89.129,15.829,-41.383,22.731
4.4898,-2.0526,2.2243,-14.437,-22.324,19.242,7.7948,89.056,15.702,-41.383,22.85
4.3847,-1.9895,2.3736,-14.578,-22.499,19.395,7.879,88.988,15.583,-41.383,22.964
4.28,-1.9287,2.5203,-14.718,-22.674,19.545,7.9649,88.923,15.471,-41.383,23.071
4.1757,-1.87,2.6644,-14.856,-22.85,19.693,8.0525,88.862,15.366,-41.383,23.171
4.0719,-1.8136,2.8059,-14.991,-23.025,19.837,8.1414,88.804,15.267,-41.385,23.265
3.9686,-1.7594,2.9446,-15.123,-23.2,19.979,8.2313,88.75,15.173,-41.386,23.353
3.8657,-1.7075,3.0804,-15.252,-23.374,20.118,8.3219,88.699,15.084,-41.389,23.434
3.7631,-1.6578,3.2133,-15.378,-23.546,20.253,8.4129,88.651,14.999,-41.392,23.509
3.6608,-1.6103,3.3432,-15.5,-23.715,20.385,8.5036,88.605,14.919,-41.396,23.578
3.5585,-1.565,3.47,-15.618,-23.882,20.514,8.5939,88.562,14.842,-41.4,23.64
3.4561,-1.5218,3.5936,-15.733,-24.045,20.638,8.6831,88.52,14.769,-41.405,23.696
3.3534,-1.4806,3.714,-15.844,-24.204,20.759,8.7708,88.481,14.699,-41.41,23.747
3.2504,-1.4413,3.8311,-15.95,-24.359,20.875,8.8566,88.443,14.631,-41.415,23.791
3.1468,-1.4039,3.9447,-16.052,-24.508,20.988,8.9401,88.406,14.566,-41.42,23.83
3.0425,-1.3683,4.0548,-16.15,-24.652,21.095,9.0208,88.371,14.503,-41.425,23.863
2.9375,-1.3344,4.1612,-16.244,-24.79,21.198,9.0984,88.337,14.443,-41.43,23.891
2.8316,-1.3021,4.264,-16.333,-24.921,21.297,9.1725,88.304,14.384,-41.434,23.914
2.7249,-1.2713,4.363,-16.417,-25.045,21.39,9.2428,88.271,14.328,-41.437,23.932
2.6174,-1.242,4.4581,-16.497,-25.162,21.479,9.309,88.24,14.274,-41.439,23.946
2.5091,-1.2139,4.5493,-16.573,-25.272,21.562,9.371,88.209,14.222,-41.441,23.955
2.4002,-1.1871,4.6364,-16.644,-25.374,21.64,9.4285,88.179,14.172,-41.441,23.961
2.2907,-1.1616,4.7195,-16.711,-25.469,21.714,9.4816,88.149,14.123,-41.44,23.963
2.181,-1.1371,4.7986,-16.773,-25.555,21.782,9.5302,88.121,14.078,-41.438,23.962
2.0711,-1.1137,4.8736,-16.831,-25.634,21.845,9.5743,88.093,14.034,-41.435,23.958
1.9614,-1.0914,4.9444,-16.884,-25.705,21.903,9.6141,88.067,13.992,-41.43,23.952
1.8522,-1.07,5.0113,-16.934,-25.768,21.956,9.6496,88.041,13.952,-41.425,23.943
1.7438,-1.0496,5.074,-16.979,-25.824,22.005,9.6811,88.017,13.915,-41.418,23.933
1.6366,-1.0301,5.1328,-17.021,-25.872,22.048,9.7088,87.993,13.88,-41.41,23.922
1.531,-1.0116,5.1877,-17.058,-25.914,22.087,9.733,87.971,13.847,-41.401,23.91
1.4272,-0.99406,5.2387,-17.093,-25.949,22.122,9.7541,87.951,13.816,-41.392,23.897
1.3258,-0.97743,5.2859,-17.123,-25.977,22.152,9.7723,87.932,13.787,-41.382,23.884
1.227,-0.96176,5.3295,-17.151,-26,22.178,9.7881,87.915,13.76,-41.372,23.871
1.1312,-0.94706,5.3696,-17.175,-26.018,22.201,9.8018,87.899,13.735,-41.362,23.858
1.0388,-0.93336,5.4062,-17.196,-26.03,22.219,9.8137,87.885,13.712,-41.352,23.846
0.9499,-0.92066,5.4394,-17.215,-26.038,22.235,9.8243,87.872,13.691,-41.342,23.834
0.86487,-0.90901,5.4695,-17.231,-26.043,22.247,9.8339,87.861,13.672,-41.333,23.824
0.78388,-0.89842,5.4965,-17.244,-26.044,22.256,9.8429,87.852,13.654,-41.325,23.814
0.70703,-0.88892,5.5206,-17.255,-26.042,22.263,9.8515,87.845,13.638,-41.318,23.806
0.6344,-0.88053,5.5418,-17.265,-26.038,22.268,9.8601,87.839,13.624,-41.312,23.8
0.566,-0.87326,5.5603,-17.272,-26.032,22.27,9.869,87.835,13.611,-41.307,23.794
0.50179,-0.86713,5.5762,-17.278,-26.025,22.27,9.8784,87.833,13.6,-41.304,23.79
0.44171,-0.86216,5.5895,-17.282,-26.017,22.269,9.8885,87.832,13.589,-41.303,23.788
0.3857,-0.85834,5.6004,-17.285,-26.009,22.266,9.8995,87.832,13.58,-41.303,23.786
0.33381,-0.85568,5.609,-17.287,-26.002,22.261,9.9116,87.834,13.573,-41.305,23.786
0.28631,-0.85416,5.6152,-17.288,-25.994,22.256,9.9248,87.837,13.566,-41.308,23.786
0.24398,-0.85379,5.6193,-17.289,-25.988,22.249,9.9394,87.841,13.561,-41.313,23.787
0.20843,-0.85454,5.6211,-17.289,-25.983,22.242,9.9554,87.845,13.556,-41.319,23.788
0.18266,-0.8564,5.6208,-17.289,-25.979,22.233,9.9729,87.851,13.554,-41.325,23.789
0.17085,-0.85934,5.6183,-17.289,-25.977,22.224,9.9919,87.858,13.552,-41.332,23.789
0.17628,-0.86333,5.6137,-17.289,-25.977,22.213,10.012,87.866,13.552,-41.34,23.788
0.19858,-0.86836,5.607,-17.29,-25.978,22.202,10.035,87.874,13.553,-41.346,23.785
0.23432,-0.87439,5.598,-17.291,-25.982,22.189,10.058,87.883,13.557,-41.352,23.779
0.27993,-0.8814,5.5869,-17.293,-25.987,22.176,10.084,87.893,13.562,-41.356,23.771
0.33293,-0.88936,5.5735,-17.296,-25.994,22.161,10.111,87.904,13.57,-41.358,23.758
0.39191,-0.89826,5.5577,-17.3,-26.003,22.145,10.14,87.915,13.581,-41.358,23.742
0.45606,-0.90806,5.5396,-17.306,-26.014,22.128,10.171,87.927,13.594,-41.354,23.72
0.52492,-0.91876,5.519,-17.313,-26.025,22.109,10.203,87.94,13.611,-41.346,23.692
0.5982,-0.93035,5.4957,-17.321,-26.038,22.088,10.237,87.954,13.632,-41.334,23.658
0.67573,-0.94283,5.4697,-17.331,-26.051,22.065,10.273,87.969,13.656,-41.316,23.617
0.75735,-0.95619,5.4409,-17.342,-26.065,22.04,10.31,87.985,13.686,-41.294,23.568
0.84293,-0.97045,5.4092,-17.355,-26.078,22.013,10.349,88.002,13.72,-41.265,23.511
0.93237,-0.98562,5.3743,-17.37,-26.091,21.983,10.39,88.021,13.759,-41.23,23.445
1.0255,-1.0017,5.3362,-17.385,-26.102,21.951,10.431,88.041,13.805,-41.189,23.369
1.1223,-1.0188,5.2946,-17.402,-26.112,21.915,10.474,88.062,13.856,-41.142,23.284
1.2226,-1.0368,5.2495,-17.421,-26.12,21.877,10.518,88.086,13.914,-41.088,23.189
1.3262,-1.0558,5.2007,-17.44,-26.125,21.836,10.562,88.111,13.978,-41.028,23.084
1.433,-1.0759,5.148,-17.459,-26.127,21.792,10.607,88.138,14.048,-40.961,22.969
1.543,-1.097,5.0914,-17.479,-26.124,21.745,10.653,88.167,14.126,-40.889,22.843
1.6559,-1.1193,5.0305,-17.499,-26.118,21.694,10.697,88.198,14.211,-40.811,22.708
1.7716,-1.1427,4.9654,-17.518,-26.106,21.64,10.742,88.232,14.302,-40.729,22.562
1.8901,-1.1673,4.8959,-17.536,-26.089,21.583,10.785,88.268,14.4,-40.642,22.407
2.0111,-1.1931,4.8219,-17.553,-26.066,21.521,10.827,88.306,14.505,-40.552,22.242
2.1345,-1.2201,4.7433,-17.568,-26.037,21.457,10.868,88.347,14.617,-40.459,22.069
2.2601,-1.2484,4.66,-17.581,-26.001,21.388,10.906,88.39,14.735,-40.364,21.887
2.3879,-1.2781,4.572,-17.591,-25.958,21.316,10.942,88.436,14.86,-40.268,21.697
2.5176,-1.309,4.4792,-17.599,-25.907,21.241,10.975,88.484,14.99,-40.171,21.5
2.6492,-1.3413,4.3817,-17.602,-25.85,21.161,11.004,88.535,15.125,-40.074,21.295
2.7824,-1.375,4.2794,-17.602,-25.785,21.078,11.03,88.589,15.266,-39.978,21.084
2.9172,-1.4101,4.1723,-17.597,-25.712,20.991,11.053,88.645,15.411,-39.883,20.868
3.0533,-1.4466,4.0606,-17.587,-25.632,20.9,11.071,88.703,15.561,-39.791,20.646
3.1905,-1.4847,3.9443,-17.573,-25.544,20.804,11.086,88.763,15.715,-39.7,20.419
3.3289,-1.5242,3.8235,-17.554,-25.45,20.705,11.096,88.826,15.873,-39.612,20.188
3.4681,-1.5653,3.6983,-17.529,-25.348,20.602,11.103,88.891,16.034,-39.527,19.953
3.608,-1.6079,3.5689,-17.498,-25.239,20.494,11.105,88.957,16.198,-39.444,19.715
3.7484,-1.6523,3.4354,-17.462,-25.124,20.381,11.104,89.026,16.365,-39.365,19.474
3.8892,-1.6983,3.2979,-17.421,-25.003,20.264,11.099,89.096,16.534,-39.288,19.231
4.0301,-1.7461,3.1567,-17.374,-24.877,20.143,11.09,89.168,16.706,-39.213,18.984
4.1711,-1.7958,3.0119,-17.322,-24.745,20.016,11.079,89.241,16.88,-39.14,18.736
4.3119,-1.8474,2.8636,-17.265,-24.608,19.884,11.065,89.316,17.056,-39.07,18.486
4.4524,-1.9009,2.7121,-17.203,-24.466,19.747,11.049,89.392,17.235,-39,18.234
4.5923,-1.9565,2.5575,-17.136,-24.321,19.604,11.031,89.468,17.416,-38.931,17.981
4.7315,-2.0141,2.3999,-17.065,-24.172,19.456,11.011,89.546,17.599,-38.862,17.726
4.8698,-2.074,2.2395,-16.99,-24.019,19.301,10.991,89.625,17.784,-38.793,17.469
5.007,-2.136,2.0764,-16.911,-23.864,19.141,10.97,89.704,17.973,-38.723,17.211
5.143,-2.2002,1.9107,-16.828,-23.707,18.975,10.95,89.784,18.164,-38.652,16.952
5.2774,-2.2666,1.7426,-16.743,-23.547,18.802,10.93,89.865,18.358,-38.579,16.691
5.4102,-2.3353,1.5721,-16.655,-23.385,18.622,10.91,89.946,18.556,-38.505,16.429
5.5412,-2.4062,1.3993,-16.564,-23.222,18.437,10.892,90.028,18.757,-38.428,16.165
5.6702,-2.4793,1.2242,-16.471,-23.058,18.244,10.875,90.111,18.963,-38.349,15.9
5.797,-2.5544,1.0469,-16.377,-22.892,18.045,10.86,90.195,19.172,-38.267,15.634
5.9216,-2.6316,0.86748,-16.28,-22.727,17.839,10.848,90.279,19.386,-38.183,15.366
6.0438,-2.7107,0.6859,-16.182,-22.56,17.626,10.837,90.364,19.605,-38.096,15.098
6.1636,-2.7915,0.5022,-16.083,-22.394,17.406,10.829,90.449,19.828,-38.007,14.829
6.2809,-2.8741,0.31638,-15.983,-22.228,17.18,10.823,90.536,20.057,-37.917,14.559
6.3957,-2.958,0.12848,-15.882,-22.062,16.947,10.819,90.623,20.29,-37.825,14.289
6.508,-3.0433,-0.061512,-15.78,-21.896,16.707,10.817,90.712,20.527,-37.732,14.019
6.6178,-3.1297,-0.25357,-15.677,-21.731,16.461,10.818,90.801,20.77,-37.639,13.75
6.7254,-3.217,-0.44767,-15.574,-21.567,16.209,10.821,90.892,21.017,-37.546,13.482
6.8308,-3.305,-0.64378,-15.469,-21.404,15.951,10.825,90.984,21.268,-37.454,13.216
6.9343,-3.3934,-0.84185,-15.363,-21.242,15.686,10.83,91.076,21.524,-37.363,12.952
7.0361,-3.4821,-1.0418,-15.257,-21.081,15.416,10.836,91.17,21.783,-37.273,12.692
7.1365,-3.5707,-1.2436,-15.149,-20.921,15.141,10.843,91.264,22.044,-37.187,12.435
7.2359,-3.6592,-1.4471,-15.041,-20.763,14.86,10.849,91.36,22.309,-37.103,12.183
7.3346,-3.7472,-1.6523,-14.931,-20.607,14.575,10.855,91.455,22.575,-37.023,11.937
7.433,-3.8346,-1.8589,-14.819,-20.453,14.284,10.86,91.551,22.842,-36.947,11.697
7.5317,-3.9211,-2.0668,-14.706,-20.3,13.989,10.862,91.648,23.11,-36.875,11.464
7.631,-4.0067,-2.2758,-14.592,-20.149,13.689,10.863,91.744,23.378,-36.807,11.239
7.7315,-4.0911,-2.4857,-14.475,-20,13.385,10.86,91.839,23.645,-36.744,11.022
7.8336,-4.1743,-2.6963,-14.357,-19.853,13.077,10.853,91.934,23.911,-36.687,10.815
7.9378,-4.2562,-2.9073,-14.237,-19.708,12.765,10.842,92.028,24.174,-36.634,10.617
8.0445,-4.3366,-3.1184,-14.115,-19.564,12.448,10.826,92.119,24.434,-36.586,10.43
8.1543,-4.4155,-3.3294,-13.99,-19.423,12.127,10.805,92.209,24.691,-36.543,10.254
8.2675,-4.493,-3.5398,-13.863,-19.283,11.802,10.777,92.296,24.943,-36.505,10.09
8.3844,-4.569,-3.7495,-13.734,-19.146,11.472,10.743,92.379,25.191,-36.472,9.9375
8.5054,-4.6436,-3.958,-13.602,-19.01,11.138,10.703,92.459,25.434,-36.443,9.7971
8.6308,-4.717,-4.165,-13.468,-18.876,10.799,10.655,92.535,25.671,-36.417,9.6691
8.7607,-4.7891,-4.37,-13.331,-18.743,10.455,10.6,92.606,25.902,-36.396,9.5535
8.8953,-4.8601,-4.5728,-13.191,-18.612,10.105,10.537,92.671,26.127,-36.378,9.4502
9.0346,-4.9303,-4.773,-13.049,-18.482,9.7493,10.467,92.731,26.346,-36.363,9.3592
9.1787,-4.9997,-4.9702,-12.904,-18.355,9.3874,10.389,92.784,26.559,-36.352,9.2803
9.3275,-5.0686,-5.1641,-12.755,-18.228,9.0189,10.303,92.831,26.766,-36.342,9.2133
9.4808,-5.1372,-5.3544,-12.604,-18.104,8.6434,10.21,92.87,26.967,-36.335,9.1577
9.6384,-5.2057,-5.5407,-12.449,-17.981,8.2605,10.11,92.902,27.162,-36.33,9.1132
9.8001,-5.2743,-5.7229,-12.292,-17.86,7.8697,10.002,92.925,27.351,-36.328,9.0794
9.9655,-5.3434,-5.9006,-12.13,-17.74,7.4707,9.8875,92.94,27.536,-36.327,9.0557
10.134,-5.4131,-6.0738,-11.966,-17.623,7.0632,9.7668,92.945,27.716,-36.327,9.0416
10.306,-5.4837,-6.2422,-11.798,-17.508,6.6468,9.6401,92.942,27.891,-36.33,9.0368
10.48,-5.5554,-6.4059,-11.626,-17.395,6.2212,9.508,92.929,28.062,-36.334,9.0406
10.656,-5.6286,-6.5647,-11.451,-17.285,5.7864,9.3709,92.907,28.23,-36.34,9.0526
10.833,-5.7033,-6.7187,-11.272,-17.178,5.3419,9.2295,92.874,28.394,-36.348,9.0723
11.011,-5.78,-6.868,-11.089,-17.074,4.8879,9.0843,92.831,28.555,-36.359,9.0993
11.189,-5.8587,-7.0127,-10.902,-16.974,4.4242,8.936,92.778,28.713,-36.372,9.1333
11.366,-5.9396,-7.153,-10.711,-16.878,3.9508,8.7852,92.714,28.869,-36.387,9.1741
11.543,-6.023,-7.2891,-10.516,-16.785,3.4677,8.6325,92.64,29.022,-36.405,9.2213
11.717,-6.1091,-7.4212,-10.318,-16.698,2.9751,8.4786,92.555,29.172,-36.427,9.2749
11.89,-6.1978,-7.5497,-10.115,-16.615,2.4731,8.3241,92.459,29.32,-36.452,9.3347
12.059,-6.2895,-7.6747,-9.909,-16.538,1.9619,8.1697,92.352,29.465,-36.48,9.401
12.226,-6.3842,-7.7968,-9.6993,-16.466,1.4418,8.016,92.233,29.606,-36.513,9.4736
12.388,-6.482,-7.916,-9.4861,-16.401,0.91293,7.8637,92.103,29.744,-36.549,9.5529
12.546,-6.5829,-8.0329,-9.2697,-16.341,0.37572,7.7133,91.961,29.877,-36.59,9.639
12.7,-6.6871,-8.1477,-9.0503,-16.289,-0.16954,7.5656,91.807,30.006,-36.634,9.7322
12.849,-6.7945,-8.2607,-8.8282,-16.242,-0.72246,7.4209,91.64,30.129,-36.684,9.8328
12.993,-6.9052,-8.3721,-8.6039,-16.203,-1.2827,7.28,91.46,30.245,-36.737,9.9413
13.131,-7.0192,-8.4823,-8.3777,-16.171,-1.8497,7.1432,91.266,30.354,-36.795,10.058
13.264,-7.1364,-8.5914,-8.15,-16.146,-2.4232,7.0112,91.058,30.455,-36.856,10.183
13.392,-7.2569,-8.6996,-7.9213,-16.129,-3.0025,6.8842,90.835,30.545,-36.921,10.317
13.514,-7.3807,-8.8071,-7.6922,-16.119,-3.5873,6.7628,90.595,30.625,-36.99,10.46
13.632,-7.5076,-8.9137,-7.4632,-16.116,-4.177,6.6473,90.339,30.693,-37.061,10.613
13.744,-7.6376,-9.0197,-7.2349,-16.12,-4.7709,6.538,90.064,30.747,-37.135,10.775
13.852,-7.7707,-9.1249,-7.0078,-16.131,-5.3685,6.4352,89.77,30.787,-37.211,10.946
13.956,-7.9068,-9.2293,-6.7827,-16.149,-5.9691,6.3391,89.455,30.811,-37.288,11.127
14.056,-8.0458,-9.3327,-6.56,-16.173,-6.572,6.25,89.118,30.819,-37.367,11.318
14.152,-8.1877,-9.435,-6.3405,-16.203,-7.1763,6.168,88.758,30.808,-37.445,11.518
14.246,-8.3322,-9.5359,-6.1249,-16.239,-7.7814,6.0931,88.372,30.778,-37.523,11.726
14.338,-8.4794,-9.6351,-5.9136,-16.281,-8.3862,6.0256,87.961,30.728,-37.601,11.943
14.428,-8.629,-9.7324,-5.7073,-16.328,-8.9899,5.9653,87.521,30.657,-37.676,12.167
14.516,-8.7809,-9.8274,-5.5066,-16.379,-9.5915,5.9124,87.052,30.564,-37.75,12.398
14.603,-8.9349,-9.9198,-5.312,-16.434,-10.19,5.8666,86.553,30.449,-37.82,12.634
14.69,-9.0908,-10.009,-5.124,-16.493,-10.784,5.828,86.022,30.311,-37.886,12.875
14.776,-9.2485,-10.096,-4.9432,-16.554,-11.373,5.7963,85.459,30.151,-37.948,13.119
14.862,-9.4076,-10.178,-4.7699,-16.619,-11.955,5.7714,84.862,29.967,-38.005,13.365
14.947,-9.5679,-10.257,-4.6046,-16.685,-12.53,5.7531,84.23,29.76,-38.056,13.611
15.031,-9.7291,-10.332,-4.4476,-16.753,-13.096,5.7412,83.565,29.53,-38.101,13.856
15.113,-9.8909,-10.402,-4.2992,-16.821,-13.652,5.7354,82.864,29.278,-38.138,14.099
15.194,-10.053,-10.467,-4.1596,-16.891,-14.197,5.7354,82.129,29.004,-38.168,14.337
15.272,-10.215,-10.528,-4.029,-16.96,-14.73,5.7409,81.361,28.708,-38.189,14.569
15.347,-10.376,-10.583,-3.9076,-17.029,-15.249,5.7515,80.559,28.393,-38.201,14.794
15.416,-10.536,-10.633,-3.7953,-17.097,-15.755,5.767,79.725,28.058,-38.203,15.011
15.478,-10.695,-10.678,-3.6923,-17.163,-16.246,5.7869,78.861,27.706,-38.195,15.217
15.533,-10.853,-10.718,-3.5985,-17.228,-16.721,5.8109,77.968,27.338,-38.176,15.411
15.579,-11.007,-10.752,-3.5137,-17.292,-17.18,5.8384,77.049,26.955,-38.147,15.593
15.613,-11.16,-10.781,-3.4378,-17.353,-17.622,5.8692,76.105,26.56,-38.106,15.762
15.634,-11.309,-10.804,-3.3706,-17.412,-18.046,5.9028,75.14,26.154,-38.054,15.916
15.641,-11.454,-10.823,-3.3117,-17.468,-18.453,5.9386,74.157,25.739,-37.99,16.056
15.631,-11.595,-10.837,-3.261,-17.522,-18.843,5.9763,73.158,25.318,-37.914,16.181
15.604,-11.732,-10.846,-3.2179,-17.573,-19.214,6.0153,72.146,24.892,-37.827,16.291
15.557,-11.864,-10.851,-3.1822,-17.622,-19.568,6.0552,71.125,24.464,-37.728,16.386
15.489,-11.991,-10.851,-3.1532,-17.668,-19.904,6.0955,70.097,24.037,-37.618,16.466
15.399,-12.113,-10.848,-3.1307,-17.712,-20.223,6.1356,69.067,23.611,-37.498,16.532
15.286,-12.229,-10.842,-3.114,-17.753,-20.525,6.1751,68.036,23.19,-37.367,16.586
15.149,-12.339,-10.833,-3.1026,-17.793,-20.811,6.2135,67.009,22.775,-37.227,16.626
14.987,-12.442,-10.821,-3.096,-17.83,-21.08,6.2504,65.988,22.367,-37.077,16.656
14.801,-12.54,-10.807,-3.0936,-17.865,-21.335,6.2853,64.976,21.969,-36.92,16.676
14.59,-12.631,-10.791,-3.0948,-17.899,-21.575,6.3178,63.975,21.582,-36.756,16.687
14.354,-12.716,-10.773,-3.0992,-17.932,-21.801,6.3475,62.988,21.207,-36.585,16.692
14.094,-12.794,-10.755,-3.106,-17.963,-22.014,6.3742,62.018,20.846,-36.408,16.691
13.81,-12.866,-10.736,-3.1148,-17.993,-22.214,6.3976,61.066,20.497,-36.228,16.685
13.504,-12.932,-10.717,-3.125,-18.022,-22.402,6.4174,60.134,20.163,-36.044,16.678
13.177,-12.992,-10.698,-3.1361,-18.05,-22.58,6.4335,59.224,19.844,-35.857,16.669
12.829,-13.046,-10.679,-3.1476,-18.077,-22.747,6.4457,58.337,19.539,-35.67,16.66
12.463,-13.095,-10.661,-3.1591,-18.103,-22.904,6.4541,57.475,19.248,-35.482,16.653
12.081,-13.138,-10.644,-3.1702,-18.128,-23.052,6.4587,56.637,18.972,-35.295,16.649
11.683,-13.175,-10.629,-3.1803,-18.153,-23.192,6.4594,55.826,18.709,-35.11,16.649
11.273,-13.209,-10.615,-3.1893,-18.176,-23.323,6.4565,55.042,18.459,-34.928,16.653
10.852,-13.237,-10.602,-3.1969,-18.198,-23.446,6.4502,54.284,18.221,-34.75,16.663
10.423,-13.262,-10.591,-3.2027,-18.218,-23.562,6.4406,53.553,17.995,-34.576,16.679
9.987,-13.282,-10.582,-3.2067,-18.237,-23.671,6.4281,52.85,17.778,-34.408,16.701
9.5472,-13.299,-10.575,-3.2086,-18.253,-23.773,6.413,52.173,17.571,-34.246,16.73
9.1056,-13.313,-10.569,-3.2085,-18.267,-23.868,6.3956,51.522,17.372,-34.092,16.765
8.6643,-13.324,-10.565,-3.2062,-18.279,-23.956,6.3764,50.897,17.179,-33.946,16.807
8.2256,-13.332,-10.563,-3.2018,-18.287,-24.037,6.3557,50.296,16.993,-33.808,16.855
7.7916,-13.338,-10.562,-3.1954,-18.291,-24.112,6.3339,49.719,16.811,-33.679,16.909
7.3644,-13.341,-10.563,-3.187,-18.292,-24.18,6.3114,49.165,16.633,-33.56,16.969
6.9458,-13.343,-10.565,-3.1767,-18.288,-24.241,6.2885,48.633,16.457,-33.451,17.033
6.5379,-13.342,-10.569,-3.1648,-18.28,-24.295,6.2656,48.121,16.282,-33.353,17.101
6.1425,-13.34,-10.573,-3.1514,-18.267,-24.342,6.2429,47.628,16.109,-33.265,17.172
5.7612,-13.336,-10.578,-3.1367,-18.248,-24.383,6.2207,47.153,15.935,-33.187,17.246
5.3957,-13.33,-10.584,-3.1209,-18.225,-24.416,6.1992,46.694,15.76,-33.12,17.32
5.0477,-13.322,-10.59,-3.1042,-18.195,-24.442,6.1784,46.251,15.584,-33.064,17.395
4.7184,-13.312,-10.596,-3.0868,-18.161,-24.46,6.1584,45.82,15.406,-33.018,17.468
4.4094,-13.301,-10.603,-3.069,-18.12,-24.471,6.1392,45.402,15.226,-32.981,17.54
4.1217,-13.287,-10.609,-3.051,-18.074,-24.475,6.1207,44.996,15.043,-32.955,17.608
3.8565,-13.271,-10.616,-3.0329,-18.023,-24.472,6.1028,44.599,14.859,-32.937,17.672
3.6146,-13.253,-10.622,-3.0149,-17.967,-24.462,6.0852,44.211,14.672,-32.928,17.73
3.3969,-13.232,-10.627,-2.9972,-17.906,-24.445,6.0677,43.831,14.483,-32.926,17.783
3.2035,-13.209,-10.632,-2.98,-17.841,-24.421,6.05,43.458,14.293,-32.931,17.828
3.0347,-13.183,-10.637,-2.9634,-17.772,-24.391,6.0319,43.091,14.102,-32.941,17.866
2.8899,-13.154,-10.641,-2.9475,-17.7,-24.355,6.013,42.73,13.91,-32.957,17.895
2.7685,-13.122,-10.644,-2.9324,-17.625,-24.313,5.9931,42.375,13.719,-32.976,17.915
2.6692,-13.087,-10.646,-2.9182,-17.547,-24.267,5.9718,42.025,13.528,-32.999,17.925
2.5901,-13.049,-10.648,-2.9049,-17.468,-24.216,5.9489,41.68,13.339,-33.023,17.927
2.5292,-13.008,-10.649,-2.8925,-17.388,-24.161,5.9241,41.34,13.152,-33.047,17.918
2.484,-12.964,-10.649,-2.8811,-17.307,-24.103,5.8973,41.005,12.969,-33.072,17.9
2.4522,-12.917,-10.649,-2.8708,-17.226,-24.043,5.8684,40.675,12.789,-33.094,17.873
2.431,-12.867,-10.648,-2.8614,-17.146,-23.98,5.8372,40.351,12.614,-33.115,17.837
2.4181,-12.814,-10.646,-2.8529,-17.068,-23.917,5.8038,40.032,12.445,-33.132,17.793
2.4112,-12.759,-10.644,-2.8454,-16.99,-23.853,5.7683,39.719,12.281,-33.145,17.742
2.4081,-12.702,-10.641,-2.8387,-16.914,-23.789,5.7307,39.413,12.123,-33.153,17.684
2.4071,-12.644,-10.638,-2.8329,-16.841,-23.726,5.6912,39.113,11.972,-33.156,17.62
2.4066,-12.584,-10.635,-2.8278,-16.769,-23.665,5.6501,38.82,11.828,-33.152,17.552
2.4052,-12.523,-10.632,-2.8234,-16.7,-23.605,5.6077,38.535,11.691,-33.142,17.48
2.4017,-12.462,-10.628,-2.8196,-16.634,-23.548,5.5642,38.257,11.562,-33.124,17.405
2.3952,-12.4,-10.624,-2.8162,-16.569,-23.494,5.5201,37.988,11.44,-33.1,17.329
2.3848,-12.339,-10.621,-2.8133,-16.507,-23.443,5.4756,37.727,11.325,-33.068,17.253
2.37,-12.278,-10.617,-2.8108,-16.447,-23.396,5.4313,37.474,11.218,-33.029,17.177
2.3501,-12.219,-10.614,-2.8084,-16.389,-23.353,5.3874,37.229,11.117,-32.982,17.102
2.3247,-12.161,-10.612,-2.8062,-16.333,-23.313,5.3445,36.993,11.023,-32.928,17.03
2.2935,-12.105,-10.609,-2.8041,-16.278,-23.277,5.3027,36.766,10.935,-32.867,16.96
2.2562,-12.051,-10.608,-2.8018,-16.225,-23.246,5.2626,36.548,10.854,-32.8,16.893
2.2126,-12,-10.607,-2.7995,-16.172,-23.218,5.2243,36.338,10.778,-32.726,16.831
2.1628,-11.951,-10.606,-2.7969,-16.121,-23.194,5.1881,36.137,10.707,-32.647,16.772
2.1066,-11.906,-10.606,-2.794,-16.069,-23.173,5.1544,35.945,10.641,-32.562,16.718
2.0443,-11.863,-10.607,-2.7907,-16.018,-23.155,5.1232,35.761,10.579,-32.474,16.668
1.9759,-11.824,-10.609,-2.787,-15.968,-23.141,5.0948,35.585,10.521,-32.382,16.622
1.9018,-11.788,-10.611,-2.7829,-15.917,-23.129,5.0691,35.418,10.467,-32.286,16.58
1.8223,-11.755,-10.614,-2.7783,-15.867,-23.119,5.0463,35.259,10.416,-32.189,16.542
1.738,-11.726,-10.618,-2.7731,-15.817,-23.112,5.0263,35.109,10.368,-32.091,16.507
1.6494,-11.7,-10.622,-2.7675,-15.766,-23.106,5.0091,34.966,10.323,-31.992,16.476
1.5571,-11.676,-10.627,-2.7614,-15.717,-23.102,4.9947,34.832,10.281,-31.894,16.446
1.462,-11.656,-10.632,-2.7548,-15.667,-23.098,4.9828,34.706,10.24,-31.797,16.418
1.3648,-11.639,-10.638,-2.7479,-15.619,-23.096,4.9733,34.588,10.202,-31.702,16.392
1.2668,-11.624,-10.644,-2.7406,-15.571,-23.094,4.9661,34.478,10.165,-31.611,16.367
1.1689,-11.611,-10.65,-2.7331,-15.524,-23.092,4.961,34.376,10.13,-31.523,16.341
1.0725,-11.601,-10.657,-2.7254,-15.479,-23.091,4.9577,34.282,10.097,-31.44,16.316
0.97908,-11.593,-10.663,-2.7177,-15.436,-23.089,4.956,34.195,10.065,-31.363,16.289
0.89035,-11.586,-10.669,-2.7101,-15.394,-23.087,4.9558,34.116,10.034,-31.291,16.262
0.80826,-11.581,-10.675,-2.7027,-15.355,-23.085,4.9568,34.044,10.004,-31.225,16.233
0.73503,-11.577,-10.681,-2.6956,-15.318,-23.083,4.9588,33.98,9.9761,-31.167,16.203
0.67309,-11.574,-10.686,-2.6889,-15.283,-23.08,4.9616,33.922,9.9487,-31.115,16.171
0.6248,-11.573,-10.691,-2.6829,-15.251,-23.076,4.9651,33.871,9.9224,-31.07,16.137
0.5921,-11.572,-10.695,-2.6775,-15.223,-23.072,4.969,33.827,9.8969,-31.033,16.101
0.57588,-11.572,-10.698,-2.673,-15.197,-23.068,4.9734,33.788,9.8724,-31.003,16.064
0.57557,-11.573,-10.701,-2.6693,-15.174,-23.063,4.9781,33.755,9.8486,-30.98,16.025
0.58924,-11.574,-10.703,-2.6668,-15.155,-23.057,4.9831,33.727,9.8257,-30.963,15.984
0.6141,-11.576,-10.705,-2.6653,-15.138,-23.051,4.9883,33.704,9.8035,-30.953,15.942
0.6473,-11.579,-10.706,-2.665,-15.125,-23.045,4.9938,33.685,9.7821,-30.949,15.9
0.68636,-11.582,-10.706,-2.666,-15.114,-23.038,4.9995,33.671,9.7614,-30.95,15.856
0.72945,-11.586,-10.706,-2.6683,-15.107,-23.031,5.0057,33.66,9.7413,-30.955,15.811
0.77537,-11.59,-10.705,-2.6719,-15.102,-23.024,5.0124,33.652,9.722,-30.964,15.767
0.82352,-11.595,-10.704,-2.6769,-15.1,-23.017,5.0196,33.647,9.7034,-30.976,15.721
0.8737,-11.601,-10.703,-2.6831,-15.101,-23.009,5.0277,33.645,9.6855,-30.99,15.676
0.92606,-11.608,-10.701,-2.6906,-15.104,-23.002,5.0366,33.645,9.6685,-31.006,15.63
0.98099,-11.617,-10.699,-2.6994,-15.109,-22.995,5.0467,33.647,9.6523,-31.022,15.584
1.039,-11.626,-10.697,-2.7093,-15.116,-22.988,5.058,33.651,9.6372,-31.037,15.538
1.1006,-11.636,-10.695,-2.7202,-15.126,-22.981,5.0708,33.657,9.6232,-31.052,15.49
1.1662,-11.648,-10.694,-2.7321,-15.137,-22.975,5.0851,33.664,9.6105,-31.065,15.441
1.2364,-11.661,-10.692,-2.7448,-15.151,-22.969,5.1011,33.673,9.5995,-31.075,15.391
1.3112,-11.676,-10.691,-2.7581,-15.167,-22.965,5.1189,33.683,9.5902,-31.083,15.339
1.391,-11.693,-10.69,-2.7718,-15.184,-22.961,5.1386,33.696,9.583,-31.087,15.283
1.4754,-11.711,-10.69,-2.7859,-15.204,-22.959,5.1602,33.711,9.5782,-31.088,15.225
1.5643,-11.731,-10.69,-2.8,-15.227,-22.958,5.1837,33.728,9.5761,-31.086,15.162
1.6573,-11.752,-10.69,-2.814,-15.251,-22.959,5.2089,33.747,9.5771,-31.081,15.095
1.7538,-11.776,-10.692,-2.8276,-15.279,-22.962,5.2358,33.77,9.5815,-31.073,15.022
1.8531,-11.801,-10.693,-2.8407,-15.31,-22.968,5.2642,33.797,9.5897,-31.064,14.944
1.9545,-11.828,-10.696,-2.8531,-15.344,-22.976,5.2937,33.829,9.602,-31.053,14.859
2.057,-11.856,-10.699,-2.8645,-15.382,-22.986,5.3242,33.866,9.6186,-31.043,14.767
2.1598,-11.887,-10.702,-2.8747,-15.425,-23.001,5.3551,33.91,9.6399,-31.035,14.668
2.2619,-11.919,-10.706,-2.8836,-15.473,-23.018,5.3861,33.961,9.6661,-31.03,14.562
2.3625,-11.953,-10.711,-2.891,-15.526,-23.04,5.4167,34.021,9.6973,-31.031,14.449
2.4606,-11.988,-10.715,-2.8968,-15.585,-23.067,5.4462,34.09,9.7336,-31.039,14.329
2.5553,-12.026,-10.72,-2.9009,-15.651,-23.099,5.4742,34.171,9.7749,-31.057,14.203
2.6459,-12.065,-10.725,-2.9033,-15.724,-23.136,5.4999,34.264,9.8211,-31.088,14.072
2.7315,-12.106,-10.73,-2.9038,-15.806,-23.178,5.5226,34.37,9.8718,-31.135,13.936
2.8115,-12.149,-10.734,-2.9026,-15.895,-23.228,5.5417,34.491,9.9267,-31.2,13.798
2.8854,-12.194,-10.738,-2.8996,-15.994,-23.284,5.5564,34.628,9.9853,-31.286,13.658
2.9529,-12.241,-10.742,-2.895,-16.103,-23.347,5.5659,34.783,10.047,-31.396,13.519
3.0139,-12.29,-10.745,-2.8888,-16.221,-23.418,5.5695,34.956,10.11,-31.534,13.383
3.0684,-12.342,-10.747,-2.8814,-16.351,-23.497,5.5665,35.149,10.175,-31.701,13.252
3.1169,-12.396,-10.748,-2.8728,-16.491,-23.585,5.5561,35.362,10.24,-31.901,13.13
3.16,-12.454,-10.748,-2.8632,-16.643,-23.681,5.5375,35.596,10.303,-32.136,13.018
3.1989,-12.514,-10.746,-2.8531,-16.807,-23.787,5.5102,35.852,10.364,-32.409,12.921
3.2349,-12.577,-10.743,-2.8425,-16.983,-23.902,5.4733,36.13,10.42,-32.72,12.841
3.2699,-12.643,-10.739,-2.8319,-17.171,-24.026,5.4263,36.43,10.471,-33.073,12.782
3.306,-12.713,-10.732,-2.8215,-17.371,-24.159,5.3687,36.752,10.515,-33.469,12.748
3.346,-12.787,-10.724,-2.8116,-17.583,-24.302,5.2999,37.096,10.55,-33.907,12.741
3.3926,-12.865,-10.714,-2.8024,-17.807,-24.454,5.2194,37.461,10.574,-34.389,12.765
3.4488,-12.946,-10.702,-2.7943,-18.042,-24.616,5.1268,37.845,10.587,-34.915,12.824
3.5177,-13.031,-10.688,-2.7875,-18.289,-24.786,5.0219,38.248,10.585,-35.485,12.92
3.602,-13.12,-10.672,-2.782,-18.547,-24.964,4.9045,38.669,10.568,-36.097,13.057
3.7041,-13.213,-10.654,-2.7782,-18.815,-25.15,4.7744,39.105,10.535,-36.751,13.236
3.8259,-13.31,-10.634,-2.7761,-19.093,-25.343,4.6315,39.554,10.483,-37.445,13.461
3.9684,-13.411,-10.612,-2.7757,-19.379,-25.543,4.476,40.014,10.413,-38.177,13.732
4.1317,-13.515,-10.589,-2.7771,-19.673,-25.748,4.308,40.483,10.323,-38.944,14.051
4.3152,-13.622,-10.564,-2.7802,-19.975,-25.958,4.1279,40.959,10.213,-39.743,14.419
4.5174,-13.732,-10.538,-2.7849,-20.282,-26.172,3.936,41.437,10.082,-40.571,14.835
4.7362,-13.845,-10.511,-2.7911,-20.594,-26.389,3.733,41.917,9.9303,-41.424,15.3
4.9689,-13.96,-10.482,-2.7986,-20.91,-26.607,3.5195,42.395,9.7575,-42.298,15.811
5.2123,-14.076,-10.453,-2.807,-21.229,-26.826,3.2963,42.867,9.5644,-43.189,16.367
5.4629,-14.194,-10.424,-2.8163,-21.548,-27.045,3.0644,43.332,9.3514,-44.09,16.965
5.7172,-14.312,-10.394,-2.826,-21.868,-27.262,2.8248,43.786,9.1196,-44.998,17.601
5.9713,-14.429,-10.364,-2.8358,-22.187,-27.477,2.5786,44.226,8.8701,-45.907,18.272
6.2215,-14.547,-10.334,-2.8453,-22.503,-27.688,2.3272,44.651,8.6042,-46.811,18.974
6.4641,-14.662,-10.305,-2.8543,-22.816,-27.894,2.0719,45.058,8.3235,-47.704,19.701
6.6956,-14.776,-10.277,-2.8622,-23.123,-28.095,1.8142,45.444,8.0298,-48.581,20.448
6.9124,-14.888,-10.249,-2.8689,-23.424,-28.29,1.5555,45.807,7.725,-49.436,21.21
7.1115,-14.996,-10.223,-2.8738,-23.717,-28.478,1.2973,46.146,7.411,-50.264,21.98
7.2899,-15.101,-10.199,-2.8767,-24.002,-28.657,1.0411,46.46,7.0899,-51.06,22.754
7.4449,-15.201,-10.176,-2.8774,-24.277,-28.828,0.78852,46.746,6.7639,-51.82,23.527
7.5743,-15.297,-10.154,-2.8754,-24.541,-28.99,0.54099,47.005,6.4349,-52.538,24.292
7.6761,-15.387,-10.135,-2.8707,-24.794,-29.143,0.29994,47.236,6.1051,-53.211,25.046
7.7486,-15.472,-10.118,-2.8631,-25.034,-29.285,0.066717,47.437,5.7763,-53.837,25.783
7.7908,-15.55,-10.103,-2.8523,-25.261,-29.417,-0.15742,47.611,5.4504,-54.413,26.5
7.8017,-15.623,-10.091,-2.8384,-25.474,-29.539,-0.37132,47.755,5.129,-54.936,27.194
7.7809,-15.689,-10.08,-2.8214,-25.672,-29.65,-0.57399,47.872,4.8137,-55.406,27.86
7.7286,-15.748,-10.072,-2.8011,-25.856,-29.751,-0.76456,47.962,4.5058,-55.823,28.498
7.6451,-15.8,-10.066,-2.7779,-26.025,-29.842,-0.9423,48.025,4.2065,-56.186,29.105
7.5311,-15.845,-10.062,-2.7517,-26.178,-29.923,-1.1067,48.064,3.9168,-56.497,29.679
7.3879,-15.883,-10.06,-2.7228,-26.316,-29.994,-1.2573,48.08,3.6375,-56.756,30.219
7.2169,-15.915,-10.06,-2.6914,-26.44,-30.056,-1.3939,48.073,3.3692,-56.965,30.724
7.02,-15.939,-10.061,-2.6578,-26.548,-30.108,-1.5164,48.047,3.1124,-57.127,31.194
6.7992,-15.957,-10.065,-2.6223,-26.641,-30.153,-1.625,48.003,2.8674,-57.245,31.629
6.557,-15.968,-10.069,-2.5851,-26.72,-30.189,-1.7198,47.942,2.6344,-57.321,32.029
6.2959,-15.973,-10.075,-2.5468,-26.786,-30.219,-1.8012,47.867,2.4133,-57.359,32.394
6.0186,-15.972,-10.082,-2.5076,-26.838,-30.242,-1.8697,47.779,2.2041,-57.362,32.726
5.728,-15.966,-10.09,-2.4678,-26.878,-30.259,-1.926,47.682,2.0067,-57.335,33.025
5.4271,-15.954,-10.099,-2.428,-26.907,-30.271,-1.9706,47.576,1.8208,-57.281,33.293
5.1188,-15.938,-10.108,-2.3885,-26.924,-30.279,-2.0044,47.463,1.6461,-57.205,33.531
4.806,-15.917,-10.118,-2.3495,-26.932,-30.282,-2.0281,47.346,1.4822,-57.111,33.741
4.4917,-15.893,-10.128,-2.3116,-26.931,-30.283,-2.0427,47.227,1.3287,-57.002,33.925
4.1787,-15.865,-10.138,-2.2749,-26.922,-30.281,-2.049,47.106,1.1851,-56.884,34.085
3.8696,-15.835,-10.149,-2.2398,-26.906,-30.277,-2.048,46.986,1.0509,-56.759,34.223
3.5671,-15.802,-10.159,-2.2065,-26.883,-30.272,-2.0405,46.868,0.92577,-56.631,34.34
3.2733,-15.767,-10.169,-2.1752,-26.856,-30.266,-2.0274,46.753,0.80907,-56.504,34.441
2.9904,-15.731,-10.179,-2.1461,-26.825,-30.26,-2.0095,46.642,0.70035,-56.381,34.526
2.7201,-15.694,-10.189,-2.1194,-26.79,-30.254,-1.9878,46.537,0.59909,-56.265,34.598
2.4641,-15.657,-10.198,-2.0952,-26.752,-30.248,-1.9628,46.437,0.50481,-56.158,34.659
2.2235,-15.621,-10.208,-2.0734,-26.713,-30.243,-1.9354,46.345,0.41704,-56.062,34.712
1.9993,-15.585,-10.217,-2.0542,-26.674,-30.24,-1.9061,46.26,0.33531,-55.98,34.758
1.7921,-15.549,-10.225,-2.0374,-26.633,-30.238,-1.8755,46.182,0.25918,-55.912,34.8
1.6023,-15.516,-10.234,-2.0231,-26.593,-30.237,-1.844,46.112,0.18822,-55.86,34.838
1.4298,-15.484,-10.242,-2.0111,-26.554,-30.239,-1.8122,46.051,0.12203,-55.824,34.876
1.2742,-15.454,-10.25,-2.0013,-26.517,-30.242,-1.7803,45.997,0.060228,-55.804,34.914
1.1349,-15.426,-10.258,-1.9936,-26.48,-30.248,-1.7486,45.951,0.0024558,-55.801,34.953
1.0109,-15.4,-10.265,-1.9878,-26.446,-30.255,-1.7173,45.913,-0.051623,-55.815,34.994
